stock_code,stock_name,price,last_close,open,volume,change_amt,change_pct,high,low,amount_wan,turnover_pct,pe_ttm,amplitude_pct,mcap_yi,float_mcap_yi,pb,limit_up,limit_down,vol_ratio
000001,平安银行,10.93,10.66,10.65,139936800.0,0.27,2.53,10.93,10.62,151569,0.72,4.93,2.91,2121.03,2121.07,0.46,11.73,9.59,1.67
000002,万  科Ａ,3.55,3.31,3.33,451492800.0,0.24,7.25,3.64,3.33,161285,4.65,-0.48,9.37,344.95,423.54,0.38,3.64,2.98,3.94
000003,PT金田A,2.71,2.71,0.00,0.0,0.00,0.00,0.00,0.00,0,0.00,78.43,0.00,5.20,9.04,-0.27,-1,-1,0.00
000004,*ST国华,2.76,2.76,0.00,0.0,0.00,0.00,0.00,0.00,0,0.00,30.99,0.00,3.49,3.65,4.21,2.90,2.62,0.00
000005,ST星源,0.83,0.83,0.00,0.0,0.00,0.00,0.00,0.00,0,0.00,-4.44,0.00,8.78,8.79,0.73,-1,-1,0.00
000006,深振业Ａ,9.10,9.57,9.64,41529600.0,-0.47,-4.91,9.80,9.05,39060,3.08,-1396.97,7.84,122.85,122.85,2.29,10.53,8.61,1.00
000007,全新好,11.33,11.89,12.00,11221200.0,-0.56,-4.71,12.09,11.19,12932,3.24,-1947.21,7.57,39.25,39.25,21.92,13.08,10.70,0.67
000008,神州高铁,2.57,2.56,2.55,27176200.0,0.01,0.39,2.59,2.55,6987,1.00,-8.48,1.56,69.81,69.81,3.23,2.82,2.30,0.97
000009,中国宝安,7.40,7.45,7.45,20723700.0,-0.05,-0.67,7.52,7.36,15412,0.80,367.56,2.15,190.63,190.86,1.90,8.20,6.71,0.96
000010,*ST美丽,2.10,2.00,1.95,26176500.0,0.10,5.00,2.10,1.94,5323,3.02,-1421.92,8.00,18.23,24.14,8.20,2.10,1.90,0.81
000011,深物业A,7.35,7.29,7.32,6308800.0,0.06,0.82,7.66,7.32,4697,1.20,2664.26,4.66,38.70,43.80,1.30,8.02,6.56,1.84
000012,南  玻Ａ,4.05,4.38,4.40,90549200.0,-0.33,-7.53,4.43,4.01,37489,4.62,1104.58,9.59,79.35,123.22,0.95,4.82,3.94,0.66
000013,*ST石化A,2.47,2.47,0.00,0.0,0.00,0.00,0.00,0.00,0,0.00,-1.55,0.00,1.27,7.49,-0.23,-1,-1,0.00
000014,沙河股份,10.67,10.76,10.75,8695800.0,-0.09,-0.84,11.19,10.64,9470,3.59,-16.95,5.11,25.83,25.83,1.87,11.84,9.68,1.56
000015,PT中浩A,6.85,6.85,0.00,0.0,0.00,0.00,0.00,0.00,0,0.00,-10.70,0.00,1.80,10.77,-0.55,-1,-1,0.00
000016,*ST康佳A,3.46,3.46,3.45,32117200.0,0.00,0.00,3.58,3.44,11244,2.01,-0.65,4.05,55.24,83.31,-0.74,3.63,3.29,0.76
000017,深中华A,5.41,5.50,5.53,6629400.0,-0.09,-1.64,5.54,5.37,3619,1.50,90.19,3.09,23.85,37.28,9.55,6.05,4.95,1.02
000018,神城A退,0.27,0.27,0.00,0.0,0.00,0.00,0.00,0.00,0,0.00,-0.08,0.00,2.69,4.59,-0.35,-1,-1,0.00
000019,深粮控股,6.45,6.42,6.39,8840400.0,0.03,0.47,6.53,6.37,5721,2.12,34.28,2.49,26.85,74.34,1.47,7.06,5.78,0.95
000020,深华发Ａ,12.46,12.68,12.70,4324900.0,-0.22,-1.74,12.76,12.38,5418,2.39,101.62,3.00,22.57,35.28,7.94,13.95,11.41,0.82
000021,深科技,39.79,42.65,42.37,228456900.0,-2.86,-6.71,43.85,38.59,940942,14.51,52.25,12.33,626.31,626.40,4.69,46.92,38.39,0.93
000023,*ST深天,1.72,1.72,0.00,0.0,0.00,0.00,0.00,0.00,0,0.00,-1.33,0.00,2.38,2.39,-2.66,-1,-1,0.00
000024,招商地产,40.50,40.50,0.00,0.0,0.00,0.00,0.00,0.00,0,0.00,24.59,0.00,415.70,1043.26,3.17,-1,-1,0.00
000025,特  力Ａ,15.66,14.24,14.26,12753400.0,1.42,9.97,15.66,14.20,19415,3.25,47.57,10.25,61.51,67.50,3.63,15.66,12.82,3.61
000026,飞亚达,23.95,23.06,23.20,27339300.0,0.89,3.86,25.22,23.01,66550,7.50,90.75,9.58,87.31,97.18,2.86,25.37,20.75,0.83
000027,深圳能源,8.08,8.05,7.98,159767800.0,0.03,0.37,8.45,7.92,131340,3.36,19.21,6.58,384.40,384.40,1.15,8.86,7.25,2.24
000028,国药一致,23.62,22.99,23.07,3442000.0,0.63,2.74,23.71,23.00,8068,0.72,12.00,3.09,112.92,131.46,0.70,25.29,20.69,1.63
000029,深深房Ａ,24.75,25.08,25.13,11107900.0,-0.33,-1.32,25.70,24.53,27775,1.25,1060.60,4.67,220.69,250.39,6.93,27.59,22.57,0.93
000030,富奥股份,4.58,4.59,4.60,10155700.0,-0.01,-0.22,4.63,4.56,4672,0.61,11.86,1.53,76.53,78.77,0.92,5.05,4.13,0.91
000031,大悦城,2.61,2.54,2.56,54758900.0,0.07,2.76,2.69,2.55,14411,1.28,-4.84,5.51,111.87,111.87,1.09,2.79,2.29,1.81
000032,深桑达Ａ,16.47,17.63,17.63,33710600.0,-1.16,-6.58,17.75,16.33,56645,3.09,-114.09,8.05,179.42,200.14,2.71,19.39,15.87,1.16
000033,新都退,1.70,1.70,0.00,0.0,0.00,0.00,0.00,0.00,0,0.00,-105.03,0.00,7.31,7.31,31.10,-1,-1,0.00
000034,神州数码,25.84,26.27,27.50,60456300.0,-0.43,-1.64,28.32,25.61,161371,7.12,48.50,10.32,219.42,262.73,2.35,28.90,23.64,1.13
000035,中国天楹,5.89,6.09,6.09,32088800.0,-0.20,-3.28,6.12,5.87,19129,1.39,48.59,4.11,136.24,140.66,1.31,6.70,5.48,0.89
000036,华联控股,5.19,5.30,5.34,32263500.0,-0.11,-2.08,5.44,5.15,17078,2.30,80.55,5.47,72.81,72.86,1.42,5.83,4.77,1.09
000037,深南电A,11.50,10.45,10.42,31617700.0,1.05,10.05,11.50,10.37,35679,9.33,37.39,10.81,38.97,69.32,4.10,11.50,9.41,1.44
000038,大通退,0.52,0.52,0.00,0.0,0.00,0.00,0.00,0.00,0,0.00,-1.67,0.00,1.30,2.72,0.11,-1,-1,0.00
000039,中集集团,11.02,11.15,11.15,53802100.0,-0.13,-1.17,11.43,10.89,59668,2.34,-521.20,4.84,253.62,594.26,1.27,12.27,10.04,0.71
000040,*ST旭蓝,0.49,0.49,0.00,0.0,0.00,0.00,0.00,0.00,0,0.00,-2.06,0.00,5.17,7.29,0.07,-1,-1,0.00
000042,中洲控股,9.80,9.94,10.00,7549100.0,-0.14,-1.41,10.23,9.79,7581,1.14,-5.88,4.43,65.08,65.15,2.87,10.93,8.95,1.24
000045,深纺织Ａ,11.28,11.91,11.88,12515800.0,-0.63,-5.29,11.92,11.05,14261,2.74,81.90,7.30,51.55,57.14,1.90,13.10,10.72,1.47
000046,*ST泛海,0.38,0.38,0.00,0.0,0.00,0.00,0.00,0.00,0,0.00,-0.11,0.00,19.66,19.75,-0.16,-1,-1,0.00
000047,ST中侨,8.03,8.03,0.00,0.0,0.00,0.00,0.00,0.00,0,0.00,-7.64,0.00,2.64,9.67,-0.78,-1,-1,0.00
000048,京基智农,12.54,12.66,12.66,8387900.0,-0.12,-0.95,12.80,12.43,10538,1.58,-34.94,2.92,66.37,66.49,1.77,13.93,11.39,1.16
000049,德赛电池,25.32,26.29,26.36,9894400.0,-0.97,-3.69,26.50,25.25,25358,2.57,30.10,4.75,97.36,97.39,1.45,28.92,23.66,1.07
000050,深天马Ａ,7.62,8.18,8.17,50148900.0,-0.56,-6.85,8.24,7.57,39003,2.06,-272.03,8.19,185.60,185.61,0.69,9.00,7.36,0.74
000055,方大集团,3.46,3.46,3.50,9777200.0,0.00,0.00,3.55,3.44,3421,1.45,-7.14,3.18,23.38,37.16,0.66,3.81,3.11,0.86
000056,*ST皇庭,1.60,1.53,1.61,107376800.0,0.07,4.58,1.61,1.52,17122,11.88,-0.71,5.88,14.46,18.92,-0.79,1.61,1.45,3.03
000058,深 赛 格,7.24,7.22,7.23,7653400.0,0.02,0.28,7.40,7.20,5589,0.78,127.50,2.77,71.30,89.14,4.44,7.94,6.50,1.06
000059,华锦股份,4.43,4.50,4.48,20137100.0,-0.07,-1.56,4.51,4.41,8964,1.26,-5.15,2.22,70.85,70.86,0.73,4.95,4.05,0.93
000060,中金岭南,7.71,7.78,8.12,364920400.0,-0.07,-0.90,8.27,7.64,292359,8.22,33.17,8.10,342.41,342.41,1.71,8.56,7.00,1.37
000061,农 产 品,6.46,6.34,6.34,24952000.0,0.12,1.89,6.69,6.32,16203,1.39,29.62,5.84,115.91,128.23,1.48,6.97,5.71,1.97
000062,深圳华强,29.14,31.29,31.61,40748800.0,-2.15,-6.87,31.74,28.88,122711,3.90,54.59,9.14,304.48,304.78,4.51,34.42,28.16,0.62
000063,中兴通讯,36.72,38.30,38.50,269924700.0,-1.58,-4.13,38.78,36.44,1012941,6.70,39.25,6.11,1478.94,1756.51,2.29,42.13,34.47,1.91
000065,北方国际,12.26,12.04,12.22,26221300.0,0.22,1.83,12.68,12.13,32430,2.69,21.68,4.57,119.53,142.39,1.27,13.24,10.84,1.01
000066,中国长城,17.80,18.71,19.25,194131400.0,-0.91,-4.86,19.45,17.60,354423,6.02,2846.22,9.89,574.15,574.19,5.25,20.58,16.84,0.78
000068,华控赛格,3.14,3.23,3.23,41255100.0,-0.09,-2.79,3.34,3.12,13286,4.10,-30.02,6.81,31.61,31.61,5.40,3.55,2.91,2.73
000069,华侨城Ａ,1.94,1.88,1.90,99344600.0,0.06,3.19,2.03,1.89,19598,1.44,-1.08,7.45,133.83,155.93,0.46,2.07,1.69,2.07
000070,特发信息,18.07,17.84,17.88,75595400.0,0.23,1.29,18.65,17.33,136643,8.82,-32.02,7.40,154.81,156.92,19.45,19.62,16.06,1.26
000078,ST海王,1.68,1.60,1.60,132534700.0,0.08,5.00,1.68,1.59,22012,5.05,-7.72,5.62,44.10,44.20,3.56,1.68,1.52,1.02
000088,盐 田 港,4.47,4.42,4.42,27549100.0,0.05,1.13,4.50,4.40,12302,0.87,15.75,2.26,141.38,232.42,1.26,4.86,3.98,1.21
000089,深圳机场,6.80,6.68,6.69,13439800.0,0.12,1.80,6.83,6.67,9111,0.66,22.47,2.40,139.45,139.45,1.17,7.35,6.01,1.61
000090,天健集团,3.85,3.50,3.53,124390000.0,0.35,10.00,3.85,3.51,46795,6.66,45.02,9.71,71.93,71.94,0.64,3.85,3.15,7.53
000096,广聚能源,8.21,8.22,8.16,6130700.0,-0.01,-0.12,8.28,8.15,5031,1.20,38.52,1.58,41.94,43.35,1.57,9.04,7.40,0.94
000099,中信海直,15.60,15.95,16.05,9245500.0,-0.35,-2.19,16.19,15.55,14604,1.19,38.96,4.01,121.02,121.02,2.20,17.55,14.36,0.96
000100,TCL科技,4.28,4.59,4.57,1115623300.0,-0.31,-6.75,4.57,4.26,486903,5.83,17.59,6.75,818.85,890.28,1.42,5.05,4.13,0.75
000150,*ST宜康,0.51,0.51,0.00,0.0,0.00,0.00,0.00,0.00,0,0.00,-0.43,0.00,4.11,4.48,-0.52,-1,-1,0.00
000151,中成股份,13.31,12.10,12.31,32194200.0,1.21,10.00,13.31,12.21,41829,10.45,11.80,9.09,40.99,46.71,5.33,13.31,10.89,3.23
000153,丰原药业,5.68,5.67,5.66,6534800.0,0.01,0.18,5.74,5.66,3722,1.42,26.82,1.41,26.06,26.39,1.21,6.24,5.10,0.93
000155,川能动力,14.25,14.03,14.04,58294400.0,0.22,1.57,14.64,14.02,83414,3.16,49.41,4.42,263.08,263.08,2.45,15.43,12.63,1.43
000156,华数传媒,6.95,6.93,6.93,9238600.0,0.02,0.29,7.06,6.93,6447,0.54,28.71,1.88,118.14,128.78,0.85,7.62,6.24,0.73
000157,中联重科,7.21,7.21,7.21,70767000.0,0.00,0.00,7.36,7.20,51610,1.00,14.39,2.22,509.72,623.56,1.07,7.93,6.49,1.05
000158,常山北明,15.33,15.84,15.86,22200000.0,-0.51,-3.22,16.03,15.32,34488,1.40,774.90,4.48,243.43,245.07,4.62,17.42,14.26,0.52
000159,国际实业,6.47,6.67,6.64,16470800.0,-0.20,-3.00,6.66,6.40,10721,3.43,84.75,3.90,31.10,31.10,1.51,7.34,6.00,0.55
000166,申万宏源,4.41,4.36,4.36,118937100.0,0.05,1.15,4.46,4.34,52481,0.53,11.17,2.75,993.82,1104.26,0.96,4.80,3.92,1.30
000301,东方盛虹,12.05,12.20,12.13,17492000.0,-0.15,-1.23,12.29,12.05,21266,0.26,65.03,1.97,796.28,796.65,2.29,13.42,10.98,0.86
000333,美的集团,80.85,78.95,78.92,42972900.0,1.90,2.41,81.26,78.50,346122,0.63,13.92,3.50,5547.01,6154.35,2.65,86.85,71.06,1.67
000338,潍柴动力,35.34,35.31,35.89,104540800.0,0.03,0.08,36.34,35.00,371954,2.11,27.08,3.79,1750.47,3061.20,3.21,38.84,31.78,1.25
000400,许继电气,26.62,26.70,26.75,32161300.0,-0.08,-0.30,27.14,26.20,85915,3.18,25.33,3.52,269.31,271.16,2.21,29.37,24.03,1.37
000401,金隅冀东,3.99,3.85,3.93,19057800.0,0.14,3.64,4.05,3.91,7608,0.72,108.93,3.64,104.99,106.06,0.41,4.24,3.47,2.15
000402,金 融 街,3.09,2.93,2.94,189193700.0,0.16,5.46,3.22,2.94,59500,6.33,-1.98,9.56,92.35,92.36,0.47,3.22,2.64,3.61
000403,派林生物,12.90,12.62,12.64,18321100.0,0.28,2.22,12.97,12.58,23422,1.95,34.72,3.09,121.35,122.60,1.51,13.88,11.36,0.72
000404,长虹华意,8.33,8.68,8.62,25536700.0,-0.35,-4.03,8.76,8.28,21544,3.69,11.37,5.53,57.70,57.98,1.31,9.55,7.81,0.63
000405,ST鑫光,2.86,2.86,0.00,0.0,0.00,0.00,0.00,0.00,0,0.00,1469.05,0.00,3.23,10.89,-1.37,-1,-1,0.00
000406,石油大明,10.12,10.12,0.00,0.0,0.00,0.00,0.00,0.00,0,0.00,16.93,0.00,26.90,36.84,1.95,-1,-1,0.00
000407,胜利股份,4.15,4.22,4.21,15079800.0,-0.07,-1.66,4.23,4.13,6304,1.72,22.23,2.37,36.34,36.52,1.18,4.64,3.80,0.57
000408,藏格矿业,77.18,77.68,79.30,13006200.0,-0.50,-0.64,79.78,76.98,101497,0.83,25.88,3.60,1210.88,1210.89,6.86,85.45,69.91,0.83
000409,云鼎科技,9.59,10.06,10.25,17435000.0,-0.47,-4.67,10.25,9.56,17053,2.95,91.94,6.86,56.63,65.00,3.96,11.07,9.05,0.87
000410,沈阳机床,5.26,5.39,5.42,21141600.0,-0.13,-2.41,5.42,5.25,11234,1.07,-262.78,3.15,103.68,139.34,3.34,5.93,4.85,0.92
000411,英特集团,11.68,11.54,11.55,21797700.0,0.14,1.21,11.79,11.34,25226,3.87,13.73,3.90,65.84,65.97,1.22,12.69,10.39,1.15
000412,ST五环,2.89,2.89,0.00,0.0,0.00,0.00,0.00,0.00,0,0.00,-26.10,0.00,3.07,8.35,-6.75,-1,-1,0.00
000413,ST旭电,0.37,0.37,0.00,0.0,0.00,0.00,0.00,0.00,0,0.00,-1.35,0.00,18.61,20.84,0.10,-1,-1,0.00
000415,渤海租赁,4.12,4.17,4.18,58859600.0,-0.05,-1.20,4.25,4.11,24502,1.09,-151.84,3.36,222.19,254.80,0.85,4.59,3.75,0.79
000416,*ST民控,0.45,0.45,0.00,0.0,0.00,0.00,0.00,0.00,0,0.00,-1.83,0.00,2.39,2.39,0.33,-1,-1,0.00
000417,合百集团,7.50,7.61,7.67,112254400.0,-0.11,-1.45,7.85,7.43,86178,14.41,39.19,5.52,58.43,58.49,1.23,8.37,6.85,0.61
000418,小天鹅A,57.39,57.39,0.00,0.0,0.00,0.00,0.00,0.00,0,0.00,18.57,0.00,252.14,362.98,4.06,-1,-1,0.00
000419,通程控股,5.12,5.10,5.09,7608100.0,0.02,0.39,5.22,5.08,3928,1.40,19.52,2.75,27.83,27.83,0.81,5.61,4.59,0.90
000420,吉林化纤,4.46,4.60,4.70,172445800.0,-0.14,-3.04,4.76,4.43,78787,7.02,262.92,7.17,109.63,109.67,2.47,5.06,4.14,2.09
000421,南京公用,5.77,5.78,5.81,8675100.0,-0.01,-0.17,5.87,5.76,5044,1.51,37.86,1.90,33.14,33.14,1.18,6.36,5.20,1.38
000422,湖北宜化,14.12,14.22,14.28,23824300.0,-0.10,-0.70,14.37,14.04,33852,2.25,17.92,2.32,149.37,153.57,2.47,15.64,12.80,1.07
000423,东阿阿胶,49.99,48.86,48.86,5799200.0,1.13,2.31,50.47,48.71,28912,0.90,18.20,3.60,321.36,321.92,3.26,53.75,43.97,1.05
000425,徐工机械,9.75,9.22,9.43,269612300.0,0.53,5.75,9.98,9.43,265027,3.01,17.33,5.97,874.45,1141.84,1.83,10.14,8.30,2.33
000426,兴业银锡,39.70,39.59,40.58,53375700.0,0.11,0.28,41.15,38.76,211404,3.01,26.43,6.04,704.76,704.93,6.51,43.55,35.63,0.78
000428,华天酒店,3.59,3.62,3.61,16365500.0,-0.03,-0.83,3.74,3.58,6002,1.61,-17.47,4.42,36.58,36.58,2.87,3.98,3.26,1.16
000429,粤高速Ａ,14.01,13.70,13.71,7169800.0,0.31,2.26,14.04,13.69,9976,0.55,18.36,2.55,182.60,292.92,2.54,15.07,12.33,1.11
000430,张家界,7.51,7.40,7.41,8676500.0,0.11,1.49,7.64,7.36,6508,2.34,-28.66,3.78,27.83,60.80,3.35,8.14,6.66,0.98
000488,ST晨鸣,2.28,2.34,2.33,13686900.0,-0.06,-2.56,2.33,2.27,3142,0.81,-0.91,2.56,38.63,67.07,16.10,2.46,2.22,0.96
000498,山东路桥,5.27,5.17,5.19,8937300.0,0.10,1.93,5.30,5.18,4698,0.62,3.81,2.32,76.38,81.81,0.49,5.69,4.65,1.40
000501,武商集团,7.81,7.51,7.50,16000800.0,0.30,3.99,7.95,7.45,12421,2.08,37.25,6.66,60.00,60.06,0.55,8.26,6.76,2.25
000502,绿景退,0.59,0.59,0.00,0.0,0.00,0.00,0.00,0.00,0,0.00,-4.37,0.00,1.08,1.09,0.71,-1,-1,0.00
000503,国新健康,7.13,7.18,7.15,21199000.0,-0.05,-0.70,7.53,7.10,15464,2.16,-17.15,5.99,69.82,69.82,7.28,7.90,6.46,1.49
000504,*ST生物,9.46,9.66,9.67,3647400.0,-0.20,-2.07,9.69,9.45,3480,1.11,74.07,2.48,31.13,31.22,11.28,10.14,9.18,0.82
000505,京粮控股,5.90,5.85,5.84,8482200.0,0.05,0.85,6.02,5.82,5040,1.34,-15.84,3.42,37.31,42.89,1.49,6.44,5.27,1.00
000506,招金黄金,14.19,14.37,14.81,41948700.0,-0.18,-1.25,15.13,14.10,61089,4.52,37.73,7.17,131.78,131.83,14.83,15.81,12.93,1.00
000507,珠海港,5.13,5.07,5.07,13324800.0,0.06,1.18,5.20,5.04,6832,1.48,20.41,3.16,46.29,47.18,0.79,5.58,4.56,1.20
000508,琼民源A,23.49,23.49,0.00,0.0,0.00,0.00,0.00,0.00,0,0.00,27.09,0.00,44.03,131.44,0.00,-1,-1,0.00
000509,华塑控股,5.16,5.73,6.30,280708600.0,-0.57,-9.95,6.30,5.16,157833,26.16,-394.32,19.90,55.37,55.37,45.80,6.30,5.16,2.49
000510,新金路,16.65,17.75,17.82,59679600.0,-1.10,-6.20,17.98,16.39,100982,9.84,-44.17,8.96,101.00,107.98,10.47,19.53,15.98,0.71
000511,烯碳退,0.61,0.61,0.00,0.0,0.00,0.00,0.00,0.00,0,0.00,-3.14,0.00,7.04,7.04,0.70,-1,-1,0.00
000513,丽珠集团,30.86,30.00,30.10,6885700.0,0.86,2.87,31.18,30.00,21147,1.21,13.96,3.93,175.33,274.01,1.89,33.00,27.00,1.82
000514,渝 开 发,4.45,4.39,4.42,16431200.0,0.06,1.37,4.64,4.40,7428,1.95,-26.69,5.47,37.55,37.55,1.02,4.83,3.95,1.91
000515,攀渝钛业,15.29,15.29,0.00,0.0,0.00,0.00,0.00,0.00,0,0.00,-28.67,0.00,17.51,28.62,11.37,-1,-1,0.00
000516,国际医学,4.25,4.28,4.26,16095000.0,-0.03,-0.70,4.30,4.22,6855,0.73,-37.31,1.87,93.25,95.15,2.91,4.71,3.85,0.90
000517,荣安地产,1.88,1.87,1.89,32516700.0,0.01,0.53,1.98,1.86,6253,1.30,-5.02,6.42,46.85,59.86,1.29,2.06,1.68,1.47
000518,四环生物,3.50,3.56,3.44,136133100.0,-0.06,-1.69,3.67,3.35,47430,13.22,-110.90,8.99,36.03,36.03,11.15,3.92,3.20,0.61
000519,中兵红箭,19.67,19.52,19.90,151306300.0,0.15,0.77,20.86,19.56,305094,10.87,121.59,6.66,273.92,273.92,2.63,21.47,17.57,2.12
000520,凤凰航运,3.61,3.68,3.67,13166600.0,-0.07,-1.90,3.71,3.59,4803,1.30,-95.80,3.26,36.54,36.54,8.68,4.05,3.31,0.88
000521,长虹美菱,5.57,5.59,5.58,7931900.0,-0.02,-0.36,5.64,5.54,4428,0.91,19.19,1.79,48.75,57.37,0.94,6.15,5.03,1.08
000522,白云山A,23.27,23.27,0.00,0.0,0.00,0.00,0.00,0.00,0,0.00,31.28,0.00,109.15,109.15,6.55,-1,-1,0.00
000523,红棉股份,3.14,3.16,3.14,24650600.0,-0.02,-0.63,3.25,3.13,7842,1.86,50.15,3.80,41.61,57.63,2.94,3.48,2.84,1.25
000524,岭南控股,9.38,9.28,9.22,10165800.0,0.10,1.08,9.53,9.21,9568,1.52,82.34,3.45,62.84,62.87,2.72,10.21,8.35,1.38
000525,红太阳,4.84,4.99,4.99,20476400.0,-0.15,-3.01,5.00,4.82,10007,1.84,-15.58,3.61,53.81,63.07,2.54,5.49,4.49,0.93
000526,学大教育,29.03,30.63,30.54,4181100.0,-1.60,-5.22,30.64,28.50,12210,3.50,16.69,6.99,34.68,35.38,3.40,33.69,27.57,2.16
000527,美的电器,14.02,14.02,0.00,0.0,0.00,0.00,0.00,0.00,0,0.00,11.88,0.00,474.49,474.49,2.10,-1,-1,0.00
000528,柳    工,8.98,8.93,8.93,26154900.0,0.05,0.56,9.12,8.90,23622,1.29,11.74,2.46,182.67,182.92,0.96,9.82,8.04,1.10
000529,广弘控股,5.08,5.07,5.09,4968300.0,0.01,0.20,5.15,5.06,2537,0.87,27.78,1.78,28.95,29.66,0.92,5.58,4.56,1.28
000530,冰山冷热,6.23,6.13,6.10,108839500.0,0.10,1.63,6.50,6.06,68768,18.14,97.52,7.18,37.39,52.53,1.65,6.74,5.52,4.51
000531,穗恒运Ａ,7.84,7.90,7.83,74200500.0,-0.06,-0.76,8.27,7.61,58686,8.16,20.48,8.35,71.32,81.65,1.17,8.69,7.11,2.14
000532,华金资本,12.11,13.26,13.21,20752700.0,-1.15,-8.67,13.30,12.03,26108,6.04,34.48,9.58,41.60,41.74,2.57,14.59,11.93,1.02
000533,顺钠股份,11.54,12.03,12.20,36828100.0,-0.49,-4.07,12.20,11.45,43034,5.38,80.23,6.23,79.04,79.72,8.09,13.23,10.83,1.11
000534,万泽股份,32.83,36.00,36.27,26872100.0,-3.17,-8.81,36.97,32.66,90667,5.36,82.90,11.97,164.45,167.28,9.74,39.60,32.40,1.18
000535,*ST猴王,0.50,0.50,0.00,0.0,0.00,0.00,0.00,0.00,0,0.00,-1.31,0.00,0.85,1.51,-0.22,-1,-1,0.00
000536,华映科技,3.89,4.26,4.24,162551200.0,-0.37,-8.69,4.25,3.83,64510,5.88,-10.54,9.86,107.48,107.60,12.81,4.69,3.83,0.81
000537,绿发电力,10.98,10.70,10.60,92652500.0,0.28,2.62,11.14,10.40,100918,4.51,35.52,6.92,225.72,225.72,1.13,11.77,9.63,1.96
000538,云南白药,49.94,48.82,48.99,17466800.0,1.12,2.29,50.11,48.86,86620,0.99,16.95,2.56,885.40,891.06,2.27,53.70,43.94,1.98
000539,粤电力Ａ,8.88,8.07,8.77,116461600.0,0.81,10.04,8.88,8.52,102439,4.56,56.09,4.46,226.92,466.23,2.00,8.88,7.26,1.02
000540,*ST中天,0.40,0.40,0.00,0.0,0.00,0.00,0.00,0.00,0,0.00,-1.74,0.00,27.89,28.02,-0.47,-1,-1,0.00
000541,佛山照明,4.96,4.95,4.95,9584300.0,0.01,0.20,5.03,4.92,4777,0.78,43.22,2.22,61.03,76.17,1.11,5.45,4.46,0.74
000542,TCL通讯,27.34,27.34,0.00,0.0,0.00,0.00,0.00,0.00,0,0.00,18.18,0.00,22.26,51.43,8.30,-1,-1,0.00
000543,皖能电力,9.80,9.33,9.34,149415800.0,0.47,5.04,10.09,9.32,146195,6.59,10.33,8.25,222.15,222.15,1.27,10.26,8.40,1.82
000544,中原环保,7.91,7.83,7.82,4594400.0,0.08,1.02,7.97,7.81,3639,0.47,7.25,2.04,77.10,77.10,0.82,8.61,7.05,1.19
000545,金浦钛业,2.46,2.56,2.57,30120400.0,-0.10,-3.91,2.58,2.44,7553,3.06,-4.78,5.47,24.24,24.28,3.89,2.82,2.30,0.87
000546,金圆股份,5.59,5.70,5.71,33172600.0,-0.11,-1.93,5.80,5.53,18769,4.76,-13.33,4.74,38.95,43.47,1.13,6.27,5.13,1.01
000547,航天发展,20.30,21.79,21.67,108344700.0,-1.49,-6.84,21.77,20.09,224362,6.82,-26.22,7.71,322.59,324.49,8.60,23.97,19.61,1.19
000548,湖南投资,4.83,4.91,4.90,8996700.0,-0.08,-1.63,4.95,4.79,4383,1.80,63.92,3.26,24.11,24.11,1.17,5.40,4.42,0.59
000549,S湘火炬,8.90,8.90,0.00,0.0,0.00,0.00,0.00,0.00,0,0.00,20.68,0.00,55.09,83.33,4.10,-1,-1,0.00
000550,江铃汽车,16.75,16.45,16.48,4057000.0,0.30,1.82,16.89,16.35,6775,0.78,11.83,3.28,86.84,144.59,1.20,18.10,14.81,0.96
000551,创元科技,15.82,16.32,16.31,15014000.0,-0.50,-3.06,16.37,15.46,23850,3.10,22.57,5.58,76.66,76.68,2.52,17.95,14.69,0.71
000552,甘肃能化,2.73,2.66,2.66,87489100.0,0.07,2.63,2.76,2.66,23842,2.35,-76.01,3.76,101.71,146.10,0.89,2.93,2.39,1.45
000553,安道麦A,6.27,6.32,6.33,10203000.0,-0.05,-0.79,6.39,6.20,6423,0.47,-23.28,3.01,136.50,146.08,0.82,6.95,5.69,1.03
000554,泰山石油,6.74,6.83,6.77,12261700.0,-0.09,-1.32,6.82,6.68,8268,3.38,19.18,2.05,24.44,32.41,2.72,7.51,6.15,0.82
000555,神州信息,12.78,13.17,13.26,24413000.0,-0.39,-2.96,13.45,12.75,31759,2.50,219.17,5.32,124.56,124.70,2.20,14.49,11.85,0.53
000556,PT南洋,1.50,1.50,0.00,0.0,0.00,0.00,0.00,0.00,0,0.00,-1.58,0.00,1.76,3.73,40.17,-1,-1,0.00
000557,西部创业,4.19,4.15,4.19,7883800.0,0.04,0.96,4.24,4.16,3309,0.54,21.92,1.93,61.09,61.11,0.96,4.57,3.74,0.90
000558,天府文旅,3.75,3.78,3.79,34237300.0,-0.03,-0.79,3.86,3.73,13032,2.66,-108.76,3.44,48.33,48.35,4.60,4.16,3.40,1.44
000559,万向钱潮,14.78,15.32,15.49,69257600.0,-0.54,-3.52,15.55,14.65,103492,2.09,49.54,5.87,489.86,490.01,6.04,16.85,13.79,0.67
000560,我爱我家,2.78,2.75,2.75,144236200.0,0.03,1.09,2.90,2.75,40870,6.17,-67.20,5.45,65.01,65.48,0.71,3.03,2.48,2.21
000561,烽火电子,8.10,8.46,8.43,12802200.0,-0.36,-4.26,8.50,8.06,10517,1.65,-23.79,5.20,62.88,69.99,2.41,9.31,7.61,1.28
000562,宏源证券,30.50,30.50,0.00,0.0,0.00,0.00,0.00,0.00,0,0.00,90.22,0.00,1073.14,1211.58,7.22,-1,-1,0.00
000563,陕国投Ａ,2.98,2.94,2.94,39525100.0,0.04,1.36,3.00,2.93,11762,0.77,11.41,2.38,152.40,152.40,0.83,3.23,2.65,1.18
000564,供销大集,1.74,1.70,1.69,545385400.0,0.04,2.35,1.78,1.67,94890,3.61,-17.41,6.47,262.65,314.21,2.17,1.87,1.53,0.87
000565,渝三峡Ａ,6.79,7.03,7.03,11155800.0,-0.24,-3.41,7.11,6.76,7715,2.57,106.32,4.98,29.44,29.44,2.29,7.73,6.33,1.06
000566,海南海药,4.11,4.10,4.11,25467300.0,0.01,0.24,4.20,4.09,10549,1.96,-12.17,2.68,53.30,53.32,1198.93,4.51,3.69,1.08
000567,海德股份,6.24,6.08,6.07,36555700.0,0.16,2.63,6.38,6.06,22909,1.88,17.23,5.26,121.59,121.97,2.02,6.69,5.47,1.71
000568,泸州老窖,91.04,89.02,88.61,20103100.0,2.02,2.27,92.38,88.56,182466,1.37,13.47,4.29,1339.43,1340.06,2.60,97.92,80.12,1.56
000569,长城股份,7.05,7.05,0.00,0.0,0.00,0.00,0.00,0.00,0,0.00,-9.42,0.00,24.77,53.18,152.94,-1,-1,0.00
000570,苏常柴Ａ,5.54,5.66,5.68,13076700.0,-0.12,-2.12,5.73,5.49,7312,2.35,47.97,4.24,30.79,39.10,1.11,6.23,5.09,0.78
000571,新大洲A,5.59,5.42,5.50,24801800.0,0.17,3.14,5.79,5.45,14058,3.05,-30.67,6.27,45.50,46.91,311.09,5.96,4.88,1.11
000572,海马汽车,4.50,4.60,4.62,32921100.0,-0.10,-2.17,4.65,4.47,15014,2.00,-49.27,3.91,73.90,74.01,4.70,5.06,4.14,0.87
000573,粤宏远Ａ,4.42,4.67,4.71,29873700.0,-0.25,-5.35,4.72,4.39,13512,4.72,-1101.95,7.07,27.98,28.21,1.72,5.14,4.20,1.22
000576,甘化科工,7.49,7.74,7.73,7268100.0,-0.25,-3.23,7.77,7.46,5509,1.68,46.43,4.01,32.49,32.69,1.98,8.51,6.97,0.87
000578,盐湖集团,24.44,24.44,0.00,0.0,0.00,0.00,0.00,0.00,0,0.00,50.00,0.00,62.09,749.73,8.36,-1,-1,0.00
000581,威孚高科,19.28,19.18,19.19,11664000.0,0.10,0.52,19.59,19.17,22579,1.47,17.13,2.19,153.06,186.40,0.92,21.10,17.26,0.96
000582,北部湾港,13.57,13.36,13.38,97317900.0,0.21,1.57,14.14,12.83,132494,4.51,31.89,9.81,292.68,341.57,1.69,14.70,12.02,1.40
000583,S*ST托普,0.76,0.76,0.00,0.0,0.00,0.00,0.00,0.00,0,0.00,-0.74,0.00,0.99,1.76,-0.09,-1,-1,0.00
000584,工智退,0.29,0.29,0.00,0.0,0.00,0.00,0.00,0.00,0,0.00,-1.01,0.00,2.20,2.21,0.74,-1,-1,0.00
000585,东电退,0.35,0.35,0.00,0.0,0.00,0.00,0.00,0.00,0,0.00,359.80,0.00,2.13,3.06,-1.60,-1,-1,0.00
000586,汇源通信,16.91,17.38,17.34,10696700.0,-0.47,-2.70,17.67,16.86,18412,5.59,-327.93,4.66,32.33,32.71,10.27,19.12,15.64,0.69
000587,*ST金洲,0.72,0.72,0.00,0.0,0.00,0.00,0.00,0.00,0,0.00,-261.08,0.00,8.73,15.29,30.41,-1,-1,0.00
000588,PT粤金曼,4.37,4.37,0.00,0.0,0.00,0.00,0.00,0.00,0,0.00,-9.83,0.00,2.71,5.87,1.99,-1,-1,0.00
000589,贵州轮胎,4.70,4.69,4.70,28050400.0,0.01,0.21,4.76,4.68,13229,1.82,9.95,1.71,72.57,73.06,0.79,5.16,4.22,1.09
000590,古汉医药,10.15,10.15,10.24,3667400.0,0.00,0.00,10.29,10.03,3732,1.53,-59.18,2.56,24.29,24.31,4.49,11.17,9.14,0.95
000591,太阳能,6.07,6.00,6.19,316450200.0,0.07,1.17,6.50,6.05,197422,8.11,33.05,7.50,236.94,237.02,0.99,6.60,5.40,1.86
000592,平潭发展,8.58,8.88,8.84,113057700.0,-0.30,-3.38,8.88,8.51,98269,5.90,-139.15,4.17,164.31,165.75,9.35,9.77,7.99,0.83
000593,德龙汇能,20.59,21.13,21.00,13251100.0,-0.54,-2.56,21.44,20.45,27755,3.70,233.30,4.69,73.81,73.84,8.35,23.24,19.02,0.55
000594,国恒退,1.29,1.29,0.00,0.0,0.00,0.00,0.00,0.00,0,0.00,226.15,0.00,19.27,19.27,0.75,-1,-1,0.00
000595,*ST宝实,8.03,8.06,8.05,16406500.0,-0.03,-0.37,8.15,7.85,13157,1.44,96.17,3.72,91.43,91.43,18.89,8.46,7.66,0.84
000596,古井贡酒,93.03,91.87,91.17,6029200.0,1.16,1.26,96.38,91.00,56879,1.48,17.40,5.86,380.12,491.76,1.88,101.06,82.68,1.56
000597,东北制药,4.66,4.59,4.59,8782600.0,0.07,1.53,4.68,4.58,4073,0.62,26.56,2.18,65.67,66.50,1.20,5.05,4.13,0.96
000598,兴蓉环境,7.01,6.88,6.86,46133900.0,0.13,1.89,7.04,6.86,32275,1.55,10.33,2.62,208.84,209.18,1.03,7.57,6.19,1.64
000599,青岛双星,5.07,5.20,5.22,13874800.0,-0.13,-2.50,5.28,5.03,7100,1.70,-32.47,4.81,41.41,115.05,1.13,5.72,4.68,0.93
000600,建投能源,12.55,12.10,12.11,168771300.0,0.45,3.72,13.07,12.10,212248,15.48,11.13,8.02,136.80,226.31,1.81,13.31,10.89,1.95
000601,韶能股份,8.46,8.02,8.02,213147300.0,0.44,5.49,8.63,7.86,177650,20.31,90.45,9.60,88.80,90.04,2.18,8.82,7.22,1.49
000602,金马集团,13.41,13.41,0.00,0.0,0.00,0.00,0.00,0.00,0,0.00,31.89,0.00,28.01,135.33,3.73,-1,-1,0.00
000603,盛达资源,30.90,31.93,32.60,17287400.0,-1.03,-3.23,33.26,30.72,54381,2.59,35.32,7.95,206.02,213.20,5.96,35.12,28.74,1.01
000605,渤海股份,6.26,6.30,6.29,4872500.0,-0.04,-0.63,6.43,6.22,3074,1.38,242.69,3.33,22.08,22.08,1.03,6.93,5.67,0.73
000606,顺利退,0.28,0.28,0.00,0.0,0.00,0.00,0.00,0.00,0,0.00,2.23,0.00,2.14,2.14,4.28,-1,-1,0.00
000607,华媒控股,3.60,3.68,3.68,13389000.0,-0.08,-2.17,3.73,3.59,4903,1.51,-10.56,3.80,31.86,36.64,3.08,4.05,3.31,0.96
000608,阳光股份,4.58,4.16,4.36,23551800.0,0.42,10.10,4.58,4.36,10646,3.16,-15.23,5.29,34.14,34.35,1.67,4.58,3.74,0.68
000609,*ST中迪,13.14,13.14,13.45,12185400.0,0.00,0.00,13.76,12.86,16171,4.19,-9.11,6.85,38.25,39.32,-12.37,13.80,12.48,1.06
000610,*ST西旅,7.34,7.40,7.38,3841800.0,-0.06,-0.81,7.57,7.27,2860,1.63,-6.09,4.05,17.29,17.38,-21.41,7.77,7.03,0.80
000611,天首退,1.39,1.39,0.00,0.0,0.00,0.00,0.00,0.00,0,0.00,-16.54,0.00,4.44,4.47,1.28,-1,-1,0.00
000612,焦作万方,11.56,11.82,11.98,44009400.0,-0.26,-2.20,12.26,11.51,51761,3.69,9.70,6.35,137.82,137.82,1.88,13.00,10.64,0.83
000613,东海A退,0.58,0.58,0.00,0.0,0.00,0.00,0.00,0.00,0,0.00,-110.78,0.00,1.55,2.11,2.99,-1,-1,0.00
000615,*ST美谷,3.78,3.82,3.80,18026900.0,-0.04,-1.05,3.92,3.76,6915,1.95,-10.92,4.19,34.98,67.57,4.13,4.01,3.63,0.97
000616,*ST海投,0.85,0.85,0.00,0.0,0.00,0.00,0.00,0.00,0,0.00,-20.61,0.00,12.16,12.16,0.30,-1,-1,0.00
000617,中油资本,7.80,7.77,7.74,107520600.0,0.03,0.39,7.93,7.72,84433,0.85,21.47,2.70,986.08,986.08,0.93,8.55,6.99,1.14
000618,吉林化工,5.24,5.24,0.00,0.0,0.00,0.00,0.00,0.00,0,0.00,110.50,0.00,10.48,186.60,3.27,-1,-1,0.00
000619,海螺新材,5.55,5.62,5.65,9936500.0,-0.07,-1.25,6.00,5.52,5702,2.76,-28.12,8.54,19.98,24.48,0.99,6.18,5.06,1.44
000620,盈新发展,2.80,2.84,2.83,184295100.0,-0.04,-1.41,2.89,2.79,52212,3.94,-13.82,3.52,130.81,164.41,4.49,3.12,2.56,0.73
000621,*ST比特,2.66,2.66,0.00,0.0,0.00,0.00,0.00,0.00,0,0.00,-1.38,0.00,1.48,3.98,-1.54,-1,-1,0.00
000622,恒立退,0.15,0.15,0.00,0.0,0.00,0.00,0.00,0.00,0,0.00,-2.87,0.00,0.64,0.64,0.38,-1,-1,0.00
000623,吉林敖东,17.25,17.01,17.09,11778000.0,0.24,1.41,17.47,17.06,20382,0.99,7.52,2.41,205.44,206.29,0.66,18.71,15.31,1.12
000625,长安汽车,7.92,7.88,7.91,138994100.0,0.04,0.51,8.04,7.77,110018,1.68,25.55,3.43,654.76,785.10,1.02,8.67,7.09,1.43
000626,远大控股,7.45,7.56,7.57,6516300.0,-0.11,-1.46,7.63,7.40,4894,1.29,-42.82,3.04,37.53,37.74,1.72,8.32,6.80,0.72
000627,*ST天茂,1.58,1.58,0.00,0.0,0.00,0.00,0.00,0.00,0,0.00,-10.04,0.00,71.35,77.49,0.36,-1,-1,0.00
000628,高新发展,60.89,60.58,61.79,21918100.0,0.31,0.51,63.30,60.13,135183,11.40,198.18,5.23,117.05,214.50,9.75,66.64,54.52,1.54
000629,钒钛股份,3.42,3.56,3.56,129238300.0,-0.14,-3.93,3.62,3.40,44922,1.39,415.05,6.18,317.73,317.75,2.57,3.92,3.20,0.89
000630,铜陵有色,6.90,6.75,6.86,748483900.0,0.15,2.22,7.23,6.85,524396,6.72,35.18,5.63,768.87,925.25,2.47,7.43,6.08,1.46
000631,顺发恒能,3.46,3.51,3.49,43028800.0,-0.05,-1.42,3.58,3.44,15089,1.87,171.83,3.99,79.58,79.58,1.45,3.86,3.16,1.20
000632,ST三木,4.01,3.93,3.98,15796400.0,0.08,2.04,4.08,3.94,6339,3.39,-2.02,3.56,18.67,18.67,29.76,4.13,3.73,0.89
000633,合金投资,5.57,5.78,5.80,8511500.0,-0.21,-3.63,5.85,5.54,4825,2.21,290.16,5.36,21.45,21.45,10.76,6.36,5.20,0.87
000635,英 力 特,6.96,7.13,7.14,5166200.0,-0.17,-2.38,7.21,6.94,3645,1.41,-4.57,3.79,25.53,27.43,2.49,7.84,6.42,0.85
000636,风华高科,53.03,48.64,51.82,229543400.0,4.39,9.03,53.50,49.55,1188623,19.84,199.66,8.12,613.56,613.56,4.92,53.50,43.78,1.72
000637,茂化实华,4.23,4.35,4.34,10019100.0,-0.12,-2.76,4.38,4.19,4268,2.75,-16.31,4.37,15.42,21.99,4.59,4.79,3.92,0.92
000638,*ST万方,0.89,0.89,0.00,0.0,0.00,0.00,0.00,0.00,0,0.00,-5.27,0.00,2.77,2.77,3.26,0.93,0.85,0.00
000639,ST西王,1.64,1.64,1.65,53645100.0,0.00,0.00,1.70,1.60,8906,4.97,-1.41,6.10,17.70,17.70,1.07,1.72,1.56,1.14
000650,仁和药业,5.35,5.24,5.27,14415700.0,0.11,2.10,5.36,5.25,7660,1.08,20.28,2.10,71.23,74.90,1.16,5.76,4.72,1.26
000651,格力电器,39.17,37.88,38.00,69477200.0,1.29,3.41,39.38,38.00,271337,1.26,7.52,3.64,2162.97,2194.07,1.44,41.67,34.09,1.92
000652,泰达股份,3.73,3.73,3.73,19249200.0,0.00,0.00,3.83,3.70,7232,1.32,-19.21,3.49,54.39,54.43,1.02,4.10,3.36,1.28
000653,ST九州,2.51,2.51,0.00,0.0,0.00,0.00,0.00,0.00,0,0.00,-1.51,0.00,5.45,7.45,-0.45,-1,-1,0.00
000655,金岭矿业,7.22,7.33,7.39,6344800.0,-0.11,-1.50,7.43,7.18,4634,1.07,16.92,3.41,42.98,42.98,1.22,8.06,6.60,0.84
000656,*ST金科,1.46,1.43,1.44,107279700.0,0.03,2.10,1.48,1.43,15620,1.42,0.50,3.50,110.57,154.72,3.92,1.50,1.36,1.44
000657,中钨高新,68.00,68.97,68.97,99087700.0,-0.97,-1.41,70.96,66.70,680478,6.82,79.50,6.18,987.99,1549.45,14.50,75.87,62.07,0.90
000658,ST海洋,4.24,4.24,0.00,0.0,0.00,0.00,0.00,0.00,0,0.00,-39.18,0.00,4.23,6.66,-1.00,-1,-1,0.00
000659,珠海中富,4.00,4.05,4.06,19871900.0,-0.05,-1.23,4.08,3.96,7952,1.55,-50.82,2.96,51.43,51.43,55.92,4.46,3.65,0.70
000660,*ST南华,2.38,2.38,0.00,0.0,0.00,0.00,0.00,0.00,0,0.00,-0.64,0.00,0.93,3.16,-0.23,-1,-1,0.00
000661,长春高新,73.57,73.00,72.60,8771000.0,0.57,0.78,75.72,72.16,64639,2.19,-714.73,4.88,294.00,300.12,1.35,80.30,65.70,1.50
000662,天夏退,0.25,0.25,0.00,0.0,0.00,0.00,0.00,0.00,0,0.00,-0.05,0.00,2.73,2.73,0.42,-1,-1,0.00
000663,永安林业,5.95,6.14,6.14,6341800.0,-0.19,-3.09,6.24,5.91,3845,2.07,-22.61,5.37,18.22,20.03,2.20,6.75,5.53,0.91
000665,湖北广电,4.40,4.58,4.54,24401600.0,-0.18,-3.93,4.56,4.36,10795,2.15,-4.55,4.37,50.03,50.03,1.57,5.04,4.12,1.09
000666,经纬纺机,8.97,8.97,0.00,0.0,0.00,0.00,0.00,0.00,0,0.00,15.19,0.00,26.33,63.16,0.63,-1,-1,0.00
000667,ST美置,0.58,0.58,0.00,0.0,0.00,0.00,0.00,0.00,0,0.00,-0.95,0.00,14.15,14.31,0.83,-1,-1,0.00
000668,*ST荣控,18.35,18.52,18.40,1481100.0,-0.17,-0.92,18.84,18.30,2746,1.01,96.01,2.92,26.95,26.95,3.61,19.45,17.59,0.74
000669,ST金鸿,4.37,4.16,4.21,5115500.0,0.21,5.05,4.37,4.21,2222,0.75,67.52,3.85,29.73,29.73,48.90,4.37,3.95,0.37
000670,盈方微,8.70,9.67,9.50,101670700.0,-0.97,-10.03,9.50,8.70,91960,12.37,-90.72,8.27,71.50,73.49,238.90,10.64,8.70,0.68
000671,ST阳光城,0.37,0.37,0.00,0.0,0.00,0.00,0.00,0.00,0,0.00,-0.09,0.00,15.02,15.32,0.33,-1,-1,0.00
000672,上峰水泥,17.04,17.49,17.67,28043500.0,-0.45,-2.57,18.10,16.93,48757,2.89,28.02,6.69,165.18,165.18,1.91,19.24,15.74,0.92
000673,当代退,0.25,0.25,0.00,0.0,0.00,0.00,0.00,0.00,0,0.00,-1.36,0.00,1.97,1.97,-82.17,-1,-1,0.00
000675,ST银山,7.94,7.94,0.00,0.0,0.00,0.00,0.00,0.00,0,0.00,-13.65,0.00,2.63,9.08,-0.79,-1,-1,0.00
000676,智度股份,5.76,5.83,5.83,29601300.0,-0.07,-1.20,5.95,5.71,17138,2.35,50.65,4.12,72.52,72.56,1.69,6.41,5.25,0.67
000677,ST海龙,2.06,2.04,2.04,93552400.0,0.02,0.98,2.14,1.99,19544,10.83,-392.09,7.35,17.80,17.80,3.47,2.14,1.94,1.72
000678,襄阳轴承,11.44,11.85,11.79,12897300.0,-0.41,-3.46,11.99,11.40,14941,2.81,-96.49,4.98,52.58,52.58,6.75,13.04,10.67,0.71
000679,大连友谊,6.54,6.40,6.40,7662800.0,0.14,2.19,6.57,6.34,4961,2.15,-24.05,3.59,23.31,23.31,16.12,7.04,5.76,1.51
000680,山推股份,10.76,10.84,10.88,15776400.0,-0.08,-0.74,11.06,10.72,17180,1.20,12.72,3.14,141.46,161.42,2.49,11.92,9.76,0.88
000681,视觉中国,20.59,19.74,19.92,56306800.0,0.85,4.31,21.50,19.92,117159,8.33,47.44,8.00,139.22,144.25,3.76,21.71,17.77,2.40
000682,东方电子,13.99,14.81,14.85,57314500.0,-0.82,-5.54,14.88,13.80,81466,4.28,18.27,7.29,187.55,187.57,3.05,16.29,13.33,1.18
000683,博源化工,7.20,7.22,7.22,41867000.0,-0.02,-0.28,7.35,7.13,30336,1.25,26.16,3.05,240.63,267.61,2.05,7.94,6.50,1.07
000685,中山公用,11.46,11.42,11.40,24505300.0,0.04,0.35,11.70,11.33,28217,1.97,7.79,3.24,142.86,168.20,0.87,12.56,10.28,0.72
000686,东北证券,7.96,7.88,7.87,26896800.0,0.08,1.02,8.05,7.85,21419,1.15,11.23,2.54,186.30,186.30,0.92,8.67,7.09,1.06
000687,华讯退,0.29,0.29,0.00,0.0,0.00,0.00,0.00,0.00,0,0.00,-0.92,0.00,2.18,2.22,-0.10,-1,-1,0.00
000688,国城矿业,42.18,41.20,40.85,28497200.0,0.98,2.38,42.80,39.85,118207,2.40,72.80,7.16,499.86,499.86,17.56,45.32,37.08,0.96
000689,ST宏业,4.88,4.88,0.00,0.0,0.00,0.00,0.00,0.00,0,0.00,-12.25,0.00,2.39,5.43,-0.62,-1,-1,0.00
000690,宝新能源,6.19,5.82,5.78,383955800.0,0.37,6.36,6.40,5.76,238812,17.66,13.02,11.00,134.60,134.69,1.06,6.40,5.24,2.66
000691,*ST亚太,8.59,8.59,0.00,0.0,0.00,0.00,0.00,0.00,0,0.00,-179.89,0.00,27.77,41.65,9.16,9.02,8.16,0.00
000692,惠天热电,5.27,5.20,5.18,73411100.0,0.07,1.35,5.51,5.00,38977,13.78,85.61,9.81,28.08,28.08,15.14,5.72,4.68,4.10
000693,华泽退,0.37,0.37,0.00,0.0,0.00,0.00,0.00,0.00,0,0.00,-0.09,0.00,0.96,2.01,-0.13,-1,-1,0.00
000695,滨海能源,15.14,15.36,15.21,18345500.0,-0.22,-1.43,15.59,14.74,27696,8.27,-39.50,5.53,33.58,35.09,11.73,16.90,13.82,0.68
000697,炼石航空,11.77,12.59,12.59,25807300.0,-0.82,-6.51,12.59,11.62,31030,3.95,-35.50,7.70,76.87,164.32,4.88,13.85,11.33,0.87
000698,ST沈化,3.43,3.45,3.45,5211800.0,-0.02,-0.58,3.47,3.41,1795,0.66,-80.25,1.74,26.95,28.11,2.02,3.62,3.28,1.08
000699,S*ST佳纸,0.81,0.81,0.00,0.0,0.00,0.00,0.00,0.00,0,0.00,-0.82,0.00,0.76,1.84,-0.23,-1,-1,0.00
000700,模塑科技,14.18,14.60,14.61,61623800.0,-0.42,-2.88,14.85,13.99,88673,6.71,26.18,5.89,130.17,130.17,3.28,16.06,13.14,0.53
000701,厦门信达,5.59,6.00,5.94,24750500.0,-0.41,-6.83,5.98,5.50,14044,3.71,208.26,8.00,37.33,37.36,-6.09,6.60,5.40,1.11
000702,正虹科技,6.06,6.24,6.29,7226100.0,-0.18,-2.88,6.29,6.04,4441,2.71,-117.67,4.01,16.16,21.01,6.33,6.86,5.62,0.82
000703,恒逸石化,12.85,13.06,12.97,29311600.0,-0.21,-1.61,13.20,12.74,37892,0.77,22.30,3.52,488.55,491.01,1.86,14.37,11.75,0.62
000705,浙江震元,7.00,7.00,7.02,6647700.0,0.00,0.00,7.11,6.98,4678,2.36,-66.83,1.86,19.74,23.39,1.20,7.70,6.30,1.15
000707,双环科技,4.83,4.90,4.90,8227100.0,-0.07,-1.43,4.94,4.80,4011,1.49,-25.61,2.86,26.60,28.24,1.02,5.39,4.41,0.85
000708,中信特钢,14.14,14.03,14.03,20327700.0,0.11,0.78,14.43,14.03,28952,0.40,11.78,2.85,713.67,713.67,1.68,15.43,12.63,1.32
000709,河钢股份,2.23,2.21,2.21,95493300.0,0.02,0.90,2.26,2.21,21373,0.92,21.10,2.26,230.48,230.52,0.44,2.43,1.99,1.28
000710,贝瑞基因,8.82,8.86,9.03,6989700.0,-0.04,-0.45,9.03,8.74,6180,2.12,-14.84,3.27,29.06,31.18,2.15,9.75,7.97,0.80
000711,ST京蓝,6.18,6.50,6.40,104467400.0,-0.32,-4.92,6.53,6.18,65443,4.39,-96.65,5.38,147.16,182.49,27.56,6.83,6.18,0.93
000712,锦龙股份,11.24,10.97,10.96,59316700.0,0.27,2.46,11.70,10.95,67503,6.62,27.70,6.84,100.68,100.71,3.77,12.07,9.87,1.17
000713,国投丰乐,5.88,5.88,5.85,4048800.0,0.00,0.00,5.93,5.83,2387,0.66,78.41,1.70,36.10,46.94,1.50,6.47,5.29,0.80
000715,中兴商业,5.18,5.09,5.08,11738900.0,0.09,1.77,5.28,5.06,6093,2.41,24.46,4.32,25.19,27.99,1.38,5.60,4.58,1.18
000716,黑芝麻,5.84,5.61,5.55,74587000.0,0.23,4.10,6.06,5.50,43349,10.10,-256.12,9.98,43.14,43.97,1.74,6.17,5.05,1.26
000717,中南股份,2.23,2.21,2.21,23283400.0,0.02,0.90,2.29,2.20,5236,0.96,-5.01,4.07,54.05,54.05,0.81,2.43,1.99,1.35
000718,苏宁环球,2.01,1.98,1.98,40960400.0,0.03,1.52,2.06,1.97,8310,1.80,-261.05,4.55,45.86,61.00,0.67,2.18,1.78,1.73
000719,中原传媒,13.16,12.91,12.90,5758800.0,0.25,1.94,13.40,12.84,7584,0.86,9.78,4.34,87.80,134.65,1.09,14.20,11.62,1.34
000720,新能泰山,5.28,5.07,5.20,226868300.0,0.21,4.14,5.45,4.92,117845,18.06,-13.34,10.45,66.34,66.34,3.53,5.58,4.56,3.99
000721,西安饮食,6.51,6.38,6.38,14459800.0,0.13,2.04,6.60,6.38,9450,2.82,-25.54,3.45,33.35,37.36,29.45,7.02,5.74,1.50
000722,湖南发展,14.78,14.12,14.23,39705300.0,0.66,4.67,15.25,13.92,58540,8.55,84.72,9.42,68.60,68.60,2.18,15.53,12.71,2.13
000723,美锦能源,4.33,4.27,4.26,116099500.0,0.06,1.41,4.45,4.24,50699,2.64,-17.32,4.92,190.30,190.67,1.54,4.70,3.84,1.52
000725,京东方Ａ,5.11,5.68,5.63,3625385900.0,-0.57,-10.04,5.64,5.11,1913581,9.98,31.81,9.33,1857.06,1892.97,1.39,6.25,5.11,0.76
000726,鲁  泰Ａ,6.04,5.91,5.90,7475500.0,0.13,2.20,6.07,5.88,4488,1.27,9.16,3.21,35.60,49.38,0.50,6.50,5.32,1.62
000727,冠捷科技,2.74,2.95,2.96,252505400.0,-0.21,-7.12,3.00,2.70,70973,5.57,-13.83,10.17,124.11,124.11,6.89,3.25,2.66,1.14
000728,国元证券,7.13,7.19,7.18,43374800.0,-0.06,-0.83,7.28,7.13,31231,0.99,13.37,2.09,311.14,311.14,0.80,7.91,6.47,0.85
000729,燕京啤酒,12.77,12.36,12.30,49807900.0,0.41,3.32,12.92,12.27,63106,1.98,20.24,5.26,320.48,359.93,2.29,13.60,11.12,1.54
000730,*ST环保,2.60,2.60,0.00,0.0,0.00,0.00,0.00,0.00,0,0.00,-3.27,0.00,5.03,14.72,14.07,-1,-1,0.00
000731,四川美丰,6.06,6.05,6.03,6098200.0,0.01,0.17,6.12,6.03,3704,1.11,-23.48,1.49,33.26,33.26,0.87,6.66,5.45,0.79
000732,ST泰禾,0.43,0.43,0.00,0.0,0.00,0.00,0.00,0.00,0,0.00,-0.04,0.00,10.69,10.70,0.28,-1,-1,0.00
000733,振华科技,51.49,53.38,54.05,48410100.0,-1.89,-3.54,54.91,50.70,255148,8.74,29.03,7.89,285.30,285.34,1.81,58.72,48.04,1.22
000735,罗 牛 山,5.59,5.56,5.55,16405700.0,0.03,0.54,5.68,5.53,9221,1.43,-317.32,2.70,64.34,64.37,1.56,6.12,5.00,1.02
000736,*ST中地,5.36,5.37,5.39,6859200.0,-0.01,-0.19,5.53,5.33,3731,0.92,-3.30,3.72,40.04,40.04,3.30,5.64,5.10,1.03
000737,北方铜业,13.90,13.93,14.21,59973900.0,-0.03,-0.22,14.55,13.84,85109,3.15,25.59,5.10,264.73,264.76,3.56,15.32,12.54,1.28
000738,航发控制,19.14,20.09,20.16,24713500.0,-0.95,-4.73,20.23,19.02,48040,1.88,80.11,6.02,251.73,251.73,2.00,22.10,18.08,1.27
000739,普洛药业,16.61,16.52,16.53,7484700.0,0.09,0.54,16.94,16.49,12497,0.65,21.59,2.72,192.35,192.42,3.06,18.17,14.87,0.77
000748,长城信息,20.31,20.31,0.00,0.0,0.00,0.00,0.00,0.00,0,0.00,108.70,0.00,162.90,165.49,3.92,-1,-1,0.00
000750,国海证券,3.72,3.70,3.69,44966400.0,0.02,0.54,3.76,3.69,16794,0.78,28.77,1.89,215.62,237.57,1.04,4.07,3.33,0.90
000751,锌业股份,5.18,5.32,5.33,49431800.0,-0.14,-2.63,5.48,5.15,26176,3.51,73.81,6.20,73.03,83.69,2.26,5.85,4.79,0.86
000752,*ST西发,9.07,9.03,8.88,4109300.0,0.04,0.44,9.20,8.84,3717,1.56,16.54,3.99,23.92,23.92,3.85,9.48,8.58,1.10
000753,漳州发展,5.34,5.46,5.46,17622600.0,-0.12,-2.20,5.52,5.34,9574,1.78,78.43,3.30,52.95,52.95,1.92,6.01,4.91,0.95
000755,山西高速,5.28,5.19,5.20,11076000.0,0.09,1.73,5.32,5.19,5833,0.75,16.47,2.50,77.47,77.47,1.38,5.71,4.67,1.26
000756,新华制药,13.38,13.22,13.21,4782500.0,0.16,1.21,13.48,13.16,6374,0.96,35.62,2.42,66.75,93.22,1.74,14.54,11.90,1.01
000757,浩物股份,4.01,4.16,4.16,10931700.0,-0.15,-3.61,4.19,4.00,4471,2.05,44.65,4.57,21.36,21.36,1.33,4.58,3.74,0.79
000758,中色股份,6.70,6.89,6.91,41696500.0,-0.19,-2.76,7.07,6.67,28419,2.10,27.34,5.81,132.84,133.36,2.14,7.58,6.20,0.88
000759,中百集团,6.11,5.77,5.70,147519600.0,0.34,5.89,6.33,5.62,89221,22.50,-4.24,12.31,40.06,40.48,5.59,6.35,5.19,2.10
000760,斯太退,0.26,0.26,0.00,0.0,0.00,0.00,0.00,0.00,0,0.00,-1.26,0.00,1.70,2.01,-7.45,-1,-1,0.00
000761,本钢板材,2.51,2.51,2.52,21782700.0,0.00,0.00,2.57,2.50,5517,0.59,-2.43,2.79,93.08,103.12,1.74,2.76,2.26,1.26
000762,西藏矿业,29.57,30.31,30.60,18546200.0,-0.74,-2.44,30.78,29.50,55686,3.56,6954.88,4.22,154.00,154.01,5.23,33.34,27.28,0.98
000763,锦州石化,4.22,4.22,0.00,0.0,0.00,0.00,0.00,0.00,0,0.00,-4.82,0.00,6.33,33.23,4.19,-1,-1,0.00
000765,*ST华信,2.36,2.36,0.00,0.0,0.00,0.00,0.00,0.00,0,0.00,22.29,0.00,14.36,18.53,1.16,-1,-1,0.00
000766,通化金马,23.17,23.19,23.06,12677100.0,-0.02,-0.09,23.18,22.70,29085,1.31,703.47,2.07,223.82,223.94,9.65,25.51,20.87,0.99
000767,晋控电力,5.58,5.07,5.14,371238800.0,0.51,10.06,5.58,5.07,202162,12.75,86.57,10.06,162.50,171.69,2.84,5.58,4.56,0.97
000768,中航西飞,21.75,21.69,21.69,21574700.0,0.06,0.28,21.92,21.48,46911,0.78,54.55,2.03,603.87,604.78,2.69,23.86,19.52,0.73
000769,*ST大菲,0.90,0.90,0.00,0.0,0.00,0.00,0.00,0.00,0,0.00,-0.49,0.00,0.73,1.67,3.13,-1,-1,0.00
000776,广发证券,18.89,18.55,18.59,87592700.0,0.34,1.83,19.26,18.54,165654,1.48,9.44,3.88,1115.27,1478.11,1.07,20.41,16.70,1.57
000777,中核科技,17.63,18.53,18.50,9697000.0,-0.90,-4.86,18.51,17.58,17375,2.53,42.95,5.02,67.60,67.60,2.75,20.38,16.68,1.19
000778,新兴铸管,4.49,4.19,4.33,193014600.0,0.30,7.16,4.61,4.33,87157,4.96,17.66,6.68,174.82,177.95,0.67,4.61,3.77,3.40
000779,甘咨询,7.36,7.34,7.36,6706400.0,0.02,0.27,7.43,7.31,4950,1.44,22.47,1.63,34.21,34.21,0.86,8.07,6.61,1.10
000780,ST平能,10.95,10.95,0.00,0.0,0.00,0.00,0.00,0.00,0,0.00,-12.57,0.00,111.07,111.07,4.06,-1,-1,0.00
000782,恒申新材,7.46,7.74,7.72,24011100.0,-0.28,-3.62,7.74,7.37,18080,4.55,-32.01,4.78,39.40,51.22,3.17,8.51,6.97,0.91
000783,长江证券,8.13,8.15,8.15,103215800.0,-0.02,-0.25,8.39,8.12,85133,1.87,10.70,3.31,449.59,449.59,1.22,8.97,7.34,1.05
000785,居然智家,2.41,2.41,2.40,57581000.0,0.00,0.00,2.46,2.39,14000,0.99,-13.07,2.90,139.89,150.07,0.79,2.65,2.17,1.41
000786,北新建材,22.90,22.23,22.47,9982800.0,0.67,3.01,22.97,22.41,22633,0.59,13.59,2.52,386.90,389.81,1.40,24.45,20.01,0.69
000787,*ST创智,4.68,4.68,0.00,0.0,0.00,0.00,0.00,0.00,0,0.00,-213.06,0.00,12.63,17.72,1.31,-1,-1,0.00
000788,北大医药,5.38,5.30,5.30,17901100.0,0.08,1.51,5.46,5.28,9623,3.00,49.91,3.40,32.06,32.06,2.15,5.83,4.77,1.39
000789,万年青,4.54,4.46,4.49,6308200.0,0.08,1.79,4.58,4.46,2867,0.79,-136.52,2.69,36.20,36.20,0.56,4.91,4.01,1.72
000790,华神科技,3.92,4.00,4.03,16659600.0,-0.08,-2.00,4.04,3.89,6603,2.68,-8.06,3.75,24.41,24.45,3.40,4.40,3.60,0.87
000791,甘肃能源,9.84,9.68,9.67,170851800.0,0.16,1.65,10.16,9.45,167199,8.83,15.50,7.33,190.47,319.19,2.16,10.65,8.71,2.21
000792,盐湖股份,30.77,31.20,31.39,70408400.0,-0.43,-1.38,31.78,30.52,218461,1.33,15.79,4.04,1628.20,1628.22,3.64,34.32,28.08,0.89
000793,*ST华闻,2.65,2.66,2.65,13730700.0,-0.01,-0.38,2.67,2.63,3642,0.70,-34.43,1.50,51.97,52.93,172.89,2.79,2.53,0.78
000795,英洛华,8.83,9.26,9.20,24564900.0,-0.43,-4.64,9.28,8.79,22028,2.17,39.97,5.29,100.10,100.10,3.68,10.19,8.33,1.48
000796,凯撒旅业,4.65,4.66,4.65,60281500.0,-0.01,-0.21,4.82,4.63,28530,4.53,210.99,4.08,61.88,74.58,8.21,5.13,4.19,1.63
000797,中国武夷,2.55,2.53,2.54,36769500.0,0.02,0.79,2.68,2.54,9591,2.34,-7.98,5.53,40.05,40.05,0.87,2.78,2.28,1.81
000798,中水渔业,8.39,8.41,8.41,5049900.0,-0.02,-0.24,8.45,8.32,4240,1.38,41.67,1.55,30.69,30.70,7.58,9.25,7.57,0.90
000799,酒鬼酒,45.74,41.58,41.50,28780400.0,4.16,10.00,45.74,41.36,128331,8.86,-457.52,10.53,148.61,148.62,3.94,45.74,37.42,2.27
000800,一汽解放,6.08,6.02,6.00,13937500.0,0.06,1.00,6.15,6.00,8487,0.28,37.65,2.49,299.19,299.21,1.13,6.62,5.42,1.06
000801,四川九洲,12.46,13.26,13.26,23537400.0,-0.80,-6.03,13.41,12.40,30036,2.32,73.58,7.62,126.59,126.63,4.07,14.59,11.93,1.31
000802,北京文化,5.07,5.09,5.10,41349900.0,-0.02,-0.39,5.14,4.99,20985,5.78,-17.29,2.95,36.28,36.30,5.95,5.60,4.58,1.27
000803,山高环能,7.88,8.02,8.02,23879400.0,-0.14,-1.75,8.40,7.83,19397,5.19,80.28,7.11,36.23,36.74,2.47,8.82,7.22,1.58
000805,*ST炎黄,1.88,1.88,0.00,0.0,0.00,0.00,0.00,0.00,0,0.00,3.01,0.00,0.39,1.20,327.75,-1,-1,0.00
000806,银河退,0.43,0.43,0.00,0.0,0.00,0.00,0.00,0.00,0,0.00,-1.20,0.00,3.79,4.73,-0.36,-1,-1,0.00
000807,云铝股份,28.49,28.77,29.41,65470300.0,-0.28,-0.97,29.55,28.47,189711,1.89,11.38,3.75,988.01,988.02,2.77,31.65,25.89,0.76
000809,和展能源,4.18,4.23,4.30,72860200.0,-0.05,-1.18,4.50,4.15,31412,8.83,-78.41,8.27,34.48,34.48,1.30,4.65,3.81,0.96
000810,创维数字,11.51,11.83,11.92,15319100.0,-0.32,-2.70,12.03,11.40,17780,1.38,51.43,5.33,127.83,132.39,2.01,13.01,10.65,0.95
000811,冰轮环境,32.93,35.21,35.21,42127600.0,-2.28,-6.48,35.38,32.64,142304,4.31,55.59,7.78,322.19,326.82,5.00,38.73,31.69,0.64
000812,陕西金叶,3.69,3.76,3.73,10967000.0,-0.07,-1.86,3.79,3.67,4077,1.45,-11.93,3.19,27.90,27.91,1.87,4.14,3.38,0.68
000813,德展健康,3.37,3.27,3.27,64439200.0,0.10,3.06,3.50,3.26,21964,3.07,-19.76,7.34,70.66,70.67,1.54,3.60,2.94,1.05
000815,美利云,16.07,16.85,16.86,53939200.0,-0.78,-4.63,17.05,15.96,88124,7.76,143.48,6.47,111.73,111.73,7.94,18.54,15.17,0.89
000816,智慧农业,2.71,2.65,2.66,57467100.0,0.06,2.26,2.89,2.66,15974,3.99,-52.61,8.68,39.01,39.21,2.01,2.92,2.39,2.21
000817,辽河油田,8.75,8.75,0.00,0.0,0.00,0.00,0.00,0.00,0,0.00,12.85,0.00,17.50,96.25,2.97,-1,-1,0.00
000818,航锦科技,14.46,15.20,15.12,26289000.0,-0.74,-4.87,15.37,14.37,38704,3.99,-67.17,6.58,95.18,95.44,4.37,16.72,13.68,0.74
000819,岳阳兴长,14.83,15.37,15.38,7773400.0,-0.54,-3.51,15.53,14.66,11654,2.13,-87.15,5.66,54.21,54.80,2.64,16.91,13.83,0.55
000820,*ST节能,3.71,3.74,3.73,3609400.0,-0.03,-0.80,3.78,3.69,1347,1.22,-37.89,2.41,11.02,23.99,27.89,3.93,3.55,0.63
000821,ST京机,8.75,8.98,9.04,14116600.0,-0.23,-2.56,9.08,8.71,12569,2.33,43.25,4.12,52.91,54.50,1.31,9.43,8.53,1.20
000822,山东海化,4.81,4.92,4.91,12458300.0,-0.11,-2.24,4.94,4.79,6060,1.39,-3.07,3.05,43.05,43.05,1.15,5.41,4.43,0.90
000823,超声电子,16.26,17.00,17.00,68944000.0,-0.74,-4.35,17.20,16.05,114908,12.21,42.96,6.76,91.79,91.80,1.96,18.70,15.30,1.13
000825,太钢不锈,3.87,3.89,3.90,27974800.0,-0.02,-0.51,3.93,3.85,10887,0.49,-189.65,2.06,220.44,220.44,0.67,4.28,3.50,1.02
000826,*ST启环,2.21,2.27,2.27,27633400.0,-0.06,-2.64,2.28,2.19,6151,1.94,-1.02,3.96,31.50,31.50,-1.26,2.38,2.16,0.71
000827,*ST长兴,1.16,1.16,0.00,0.0,0.00,0.00,0.00,0.00,0,0.00,-0.70,0.00,0.34,0.77,-9.53,-1,-1,0.00
000828,东莞控股,10.12,9.95,9.93,6391900.0,0.17,1.71,10.19,9.93,6463,0.61,11.84,2.61,105.20,105.20,1.04,10.95,8.96,1.35
000829,天音控股,8.43,8.66,8.60,23110500.0,-0.23,-2.66,8.69,8.39,19691,2.26,-469.90,3.46,86.33,86.42,2.98,9.53,7.79,0.78
000830,鲁西化工,12.99,13.21,13.21,24687600.0,-0.22,-1.67,13.27,12.92,32376,1.30,26.55,2.65,247.35,247.37,1.28,14.53,11.89,0.78
000831,中国稀土,48.80,51.78,51.13,35320100.0,-2.98,-5.76,52.26,48.80,175564,3.33,217.13,6.68,517.88,517.88,10.47,56.96,46.60,1.28
000832,*ST龙涤,1.45,1.45,0.00,0.0,0.00,0.00,0.00,0.00,0,0.00,-2.52,0.00,2.66,5.11,-1.50,-1,-1,0.00
000833,粤桂股份,23.35,23.25,23.46,32692600.0,0.10,0.43,24.11,22.93,76933,7.21,32.36,5.08,105.94,187.29,4.67,25.58,20.93,1.07
000835,长动退,0.35,0.35,0.00,0.0,0.00,0.00,0.00,0.00,0,0.00,-0.25,0.00,1.14,1.14,-0.11,-1,-1,0.00
000836,ST富通,0.37,0.37,0.00,0.0,0.00,0.00,0.00,0.00,0,0.00,-2.13,0.00,4.47,4.47,0.44,-1,-1,0.00
000837,秦川机床,11.60,12.15,12.18,22581900.0,-0.55,-4.53,12.23,11.56,26633,2.24,238.93,5.51,116.86,118.68,2.41,13.37,10.94,0.71
000838,*ST发展,1.89,1.86,1.89,42409100.0,0.03,1.61,1.95,1.87,8148,4.02,-3.24,4.30,19.92,20.80,-9.69,1.95,1.77,1.39
000839,国安股份,2.99,3.07,3.13,84324300.0,-0.08,-2.61,3.17,2.98,25616,2.15,133.91,6.19,117.20,117.20,7.55,3.38,2.76,1.09
000848,承德露露,8.24,8.09,8.17,16878200.0,0.15,1.85,8.37,7.97,13894,1.67,12.73,4.94,83.32,84.05,2.63,8.90,7.28,1.15
000850,华茂股份,3.97,4.03,4.03,7711600.0,-0.06,-1.49,4.07,3.97,3107,0.82,75.85,2.48,37.45,37.46,0.84,4.43,3.63,0.83
000851,*ST高鸿,0.38,0.38,0.00,0.0,0.00,0.00,0.00,0.00,0,0.00,-0.64,0.00,4.30,4.40,2.91,-1,-1,0.00
000852,石化机械,5.86,5.98,5.98,9511500.0,-0.12,-2.01,6.03,5.83,5616,1.00,-4041.60,3.34,55.70,56.02,1.79,6.58,5.38,0.65
000856,冀东装备,8.98,9.26,9.24,11047900.0,-0.28,-3.02,9.40,8.96,10113,4.87,166.66,4.75,20.38,20.38,4.87,10.19,8.33,0.67
000858,五 粮 液,84.89,81.49,80.99,60110100.0,3.40,4.17,85.59,80.88,502843,1.55,26.15,5.78,3295.02,3295.10,2.57,89.64,73.34,1.67
000859,国风新材,10.78,10.71,10.70,130221800.0,0.07,0.65,11.40,10.51,141320,14.53,-138.13,8.31,96.58,96.59,3.58,11.78,9.64,1.39
000860,顺鑫农业,11.50,11.02,11.01,17965500.0,0.48,4.36,11.65,10.96,20464,2.42,-26.74,6.26,85.30,85.30,1.24,12.12,9.92,1.60
000861,海印股份,0.62,0.62,0.00,0.0,0.00,0.00,0.00,0.00,0,0.00,-8.32,0.00,14.87,15.56,0.49,-1,-1,0.00
000862,银星能源,7.15,6.97,6.89,63051900.0,0.18,2.58,7.20,6.86,44724,10.04,239.76,4.88,44.90,65.63,1.51,7.67,6.27,1.62
000863,三湘印象,4.99,5.35,5.51,46302900.0,-0.36,-6.73,5.55,4.87,23836,3.98,-38.15,12.71,58.04,58.92,1.35,5.89,4.82,1.53
000866,扬子石化,13.84,13.84,0.00,0.0,0.00,0.00,0.00,0.00,0,0.00,13.83,0.00,48.44,322.47,2.26,-1,-1,0.00
000868,安凯客车,3.88,3.89,3.91,11494600.0,-0.01,-0.26,3.95,3.87,4488,1.57,-63.11,2.06,28.45,36.45,4.54,4.28,3.50,0.99
000869,张  裕Ａ,18.24,17.82,17.77,1525600.0,0.42,2.36,18.31,17.52,2753,0.34,198.08,4.43,83.01,119.88,1.14,19.60,16.04,0.96
000875,电投绿能,7.18,6.96,6.97,139937000.0,0.22,3.16,7.25,6.94,99808,4.19,157.02,4.45,239.98,260.44,1.48,7.66,6.26,1.44
000876,新 希 望,7.89,7.80,7.80,20338800.0,0.09,1.15,7.89,7.76,15930,0.45,-11.36,1.67,355.05,355.27,1.89,8.58,7.02,0.96
000877,天山股份,4.34,4.33,4.34,12062600.0,0.01,0.23,4.44,4.34,5296,0.17,-4.23,2.31,308.60,308.60,0.42,4.76,3.90,0.75
000878,云南铜业,17.72,17.72,18.06,48967400.0,0.00,0.00,18.27,17.65,87820,2.44,31.81,3.50,355.04,429.74,2.40,19.49,15.95,1.01
000880,潍柴重机,30.08,31.82,31.81,31414600.0,-1.74,-5.47,31.98,29.70,95555,13.84,52.91,7.17,68.29,139.53,6.47,35.00,28.64,0.83
000881,中广核技,7.37,7.77,7.78,16528800.0,-0.40,-5.15,7.79,7.35,12413,1.83,-24.80,5.66,66.61,69.68,1.40,8.55,6.99,1.39
000882,华联股份,1.50,1.50,1.49,88347100.0,0.00,0.00,1.55,1.48,13458,3.23,-12.27,4.67,41.03,41.06,0.63,1.65,1.35,1.45
000883,湖北能源,5.33,5.17,5.14,103815800.0,0.16,3.09,5.43,5.13,55211,1.60,18.32,5.80,345.36,377.33,1.00,5.69,4.65,1.68
000885,城发环境,13.18,12.99,13.01,5285600.0,0.19,1.46,13.33,12.98,6964,0.82,6.63,2.69,84.63,84.63,0.86,14.29,11.69,1.24
000886,海南高速,4.79,4.79,4.82,15961100.0,0.00,0.00,4.88,4.76,7707,1.63,32.72,2.51,46.84,47.36,1.49,5.27,4.31,1.15
000887,中鼎股份,21.17,21.28,21.30,76170500.0,-0.11,-0.52,21.72,20.80,161772,5.80,18.47,4.32,278.25,278.70,1.90,23.41,19.15,0.91
000888,峨眉山Ａ,10.37,10.24,10.24,9329900.0,0.13,1.27,10.53,10.21,9719,1.77,24.80,3.12,54.64,54.64,2.01,11.26,9.22,1.26
000889,中嘉博创,4.04,4.30,4.28,117825100.0,-0.26,-6.05,4.28,3.97,47729,13.55,-149.98,7.21,35.14,37.83,54.46,4.73,3.87,1.82
000890,法尔胜,10.55,10.63,10.64,36781400.0,-0.08,-0.75,10.97,10.38,39151,8.77,-58.15,5.55,44.26,44.26,226.40,11.69,9.57,0.95
000892,欢瑞世纪,4.37,4.28,4.19,116703200.0,0.09,2.10,4.71,4.19,51945,16.42,-14.88,12.15,31.06,42.87,7.10,4.71,3.85,2.30
000893,亚钾国际,44.30,45.42,45.65,10124700.0,-1.12,-2.47,46.32,44.00,45277,1.25,22.48,5.11,359.63,409.35,2.95,49.96,40.88,0.80
000895,双汇发展,25.02,24.72,24.72,14009900.0,0.30,1.21,25.11,24.65,34950,0.40,16.48,1.86,866.75,866.86,4.36,27.19,22.25,0.94
000897,津滨发展,1.93,1.93,1.93,41498000.0,0.00,0.00,2.01,1.92,8173,2.57,-53.52,4.66,31.21,31.21,1.04,2.12,1.74,1.99
000898,鞍钢股份,2.04,2.03,2.03,45457400.0,0.01,0.49,2.08,2.02,9332,0.57,-3.84,2.96,162.33,191.13,0.45,2.23,1.83,1.33
000899,赣能股份,14.04,14.04,13.90,80145800.0,0.00,0.00,14.48,13.80,113152,8.21,13.49,4.84,136.99,136.99,2.06,15.44,12.64,2.20
000900,现代投资,3.84,3.76,3.77,15350100.0,0.08,2.13,3.86,3.76,5874,1.01,14.78,2.66,58.28,58.28,0.53,4.14,3.38,1.08
000901,航天科技,19.01,20.10,20.06,23805100.0,-1.09,-5.42,20.13,18.92,46113,2.98,170.64,6.02,151.74,151.74,3.57,22.11,18.09,1.01
000902,新洋丰,13.02,13.13,13.15,12841900.0,-0.11,-0.84,13.19,12.90,16742,1.12,10.23,2.21,148.79,163.37,1.36,14.44,11.82,1.02
000903,ST云动,1.85,1.76,1.75,43084200.0,0.09,5.11,1.85,1.74,7880,2.24,-3.57,6.25,35.52,35.79,5.82,1.85,1.67,1.33
000905,厦门港务,9.28,9.35,9.36,9296600.0,-0.07,-0.75,9.45,9.25,8680,1.25,69.75,2.14,68.84,143.13,1.57,10.29,8.42,0.83
000906,浙商中拓,6.28,6.31,6.28,9163200.0,-0.03,-0.48,6.37,6.23,5773,1.31,20.51,2.22,44.04,44.57,0.90,6.94,5.68,0.74
000908,ST景峰,7.11,7.19,7.20,9845700.0,-0.08,-1.11,7.24,7.07,7029,1.12,-191.52,2.36,62.55,125.10,5.99,7.55,6.83,1.00
000909,*ST数源,4.62,4.55,4.52,11171700.0,0.07,1.54,4.78,4.50,5253,2.55,-4.67,6.15,20.22,20.22,3.30,4.78,4.32,1.39
000910,大亚圣象,6.33,6.42,6.44,4708200.0,-0.09,-1.40,6.46,6.30,2995,0.86,-249.35,2.49,34.64,34.65,0.54,7.06,5.78,0.45
000911,*ST广糖,5.50,5.45,5.44,6154900.0,0.05,0.92,5.69,5.39,3417,1.54,-14.16,5.50,22.02,22.02,-23.91,5.72,5.18,1.06
000912,泸天化,3.77,3.79,3.81,24337600.0,-0.02,-0.53,3.84,3.74,9235,1.55,-2902.84,2.64,59.11,59.11,0.93,4.17,3.41,0.94
000913,钱江摩托,11.40,11.51,11.48,4910800.0,-0.11,-0.96,11.55,11.29,5579,0.94,7.05,2.26,59.29,60.01,1.20,12.66,10.36,0.98
000915,华特达因,27.32,26.72,26.75,2025400.0,0.60,2.25,27.45,26.75,5511,0.86,13.82,2.62,63.98,64.02,2.15,29.39,24.05,1.10
000916,华北高速,8.82,8.82,0.00,0.0,0.00,0.00,0.00,0.00,0,0.00,24.44,0.00,96.14,96.14,2.00,-1,-1,0.00
000917,电广传媒,7.96,7.79,7.82,56549300.0,0.17,2.18,8.18,7.75,44839,3.99,268.56,5.52,112.83,112.84,1.10,8.57,7.01,2.05
000918,*ST嘉凯,0.49,0.49,0.00,0.0,0.00,0.00,0.00,0.00,0,0.00,-0.91,0.00,8.84,8.84,-3.63,-1,-1,0.00
000919,金陵药业,6.34,6.27,6.27,12794100.0,0.07,1.12,6.42,6.25,8115,2.06,66.90,2.71,39.42,39.43,1.04,6.90,5.64,1.18
000920,沃顿科技,12.85,12.88,13.07,41904000.0,-0.03,-0.23,14.10,12.80,56073,8.87,27.58,10.09,60.73,60.73,3.02,14.17,11.59,3.08
000921,海信家电,24.66,24.08,24.25,12496000.0,0.58,2.41,25.04,23.87,30977,1.36,11.04,4.86,226.41,341.51,1.85,26.49,21.67,1.54
000922,佳电股份,13.50,13.59,13.60,23148100.0,-0.09,-0.66,14.17,13.35,31747,3.28,40.29,6.03,95.17,112.59,2.44,14.95,12.23,0.85
000923,河钢资源,15.52,15.84,16.15,11348200.0,-0.32,-2.02,16.28,15.40,17823,1.81,21.83,5.56,97.45,101.30,1.01,17.42,14.26,0.84
000925,众合科技,7.81,8.04,8.13,43563000.0,-0.23,-2.86,8.29,7.77,34843,6.47,-116.13,6.47,52.58,52.82,1.64,8.84,7.24,0.98
000926,福星股份,2.59,2.35,2.40,183063900.0,0.24,10.21,2.59,2.36,45691,11.64,-0.99,9.79,40.75,41.26,0.79,2.59,2.12,1.85
000927,中国铁物,2.70,2.67,2.67,54917100.0,0.03,1.12,2.72,2.66,14802,0.91,32.64,2.25,163.36,163.36,1.66,2.94,2.40,0.92
000928,中钢国际,5.91,5.83,5.83,16826100.0,0.08,1.37,6.02,5.82,9963,1.17,19.35,3.43,84.79,84.79,0.99,6.41,5.25,0.84
000929,*ST兰黄,10.38,10.42,10.48,2909100.0,-0.04,-0.38,10.48,10.15,3002,1.57,-16.79,3.17,19.28,19.28,5.53,10.94,9.90,0.72
000930,中粮科技,5.11,5.09,5.08,14778900.0,0.02,0.39,5.17,5.06,7570,0.80,-76.75,2.16,94.86,94.86,0.91,5.60,4.58,1.03
000931,中 关 村,4.20,4.29,4.31,6642700.0,-0.09,-2.10,4.33,4.19,2826,0.88,199.26,3.26,31.54,31.63,1.95,4.72,3.86,0.97
000932,华菱钢铁,4.01,4.00,4.03,98774800.0,0.01,0.25,4.11,4.01,40101,1.44,12.23,2.50,274.79,274.79,0.49,4.40,3.60,1.02
000933,神火股份,29.05,28.94,29.38,43936700.0,0.11,0.38,29.94,28.95,129488,1.95,11.69,3.42,652.88,653.34,2.60,31.83,26.05,0.85
000935,四川双马,29.44,31.91,31.93,12609100.0,-2.47,-7.74,32.10,29.18,38080,1.65,93.44,9.15,224.76,224.76,2.87,35.10,28.72,2.13
000936,华西股份,6.37,6.57,6.58,21458500.0,-0.20,-3.04,6.60,6.35,13856,2.42,317.70,3.81,56.43,56.44,1.11,7.23,5.91,0.84
000937,冀中能源,5.44,5.40,5.42,27961900.0,0.04,0.74,5.53,5.37,15287,0.81,47.45,2.96,186.78,192.22,1.00,5.94,4.86,1.59
000938,紫光股份,28.64,28.92,30.03,255633000.0,-0.28,-0.97,30.49,27.45,735695,8.94,38.55,10.51,819.12,819.13,5.28,31.81,26.03,1.48
000939,凯迪退,0.15,0.15,0.00,0.0,0.00,0.00,0.00,0.00,0,0.00,-1.39,0.00,4.56,5.89,-0.16,-1,-1,0.00
000948,南天信息,13.14,13.41,13.78,4614200.0,-0.27,-2.01,13.87,13.14,6182,1.19,119.49,5.44,51.13,51.23,1.89,14.75,12.07,0.96
000949,新乡化纤,6.82,7.15,7.15,46204600.0,-0.33,-4.62,7.17,6.77,31945,2.79,39.46,5.59,112.97,113.00,1.66,7.87,6.44,0.97
000950,重药控股,5.81,5.77,5.81,31302300.0,0.04,0.69,5.89,5.77,18239,1.81,23.23,2.08,100.41,100.41,0.86,6.35,5.19,1.01
000951,中国重汽,21.49,20.66,20.67,17249900.0,0.83,4.02,21.68,20.67,36797,1.48,13.88,4.89,251.22,251.22,1.52,22.73,18.59,1.88
000952,广济药业,6.71,6.81,6.85,5915300.0,-0.10,-1.47,6.87,6.67,4002,1.72,-5.82,2.94,23.08,23.27,3.73,7.49,6.13,0.92
000953,中哲精化,6.46,6.88,6.84,11863800.0,-0.42,-6.10,6.89,6.41,7822,3.24,386.67,6.98,23.65,23.65,15.32,7.57,6.19,1.19
000955,欣龙控股,4.27,4.33,4.33,23831900.0,-0.06,-1.39,4.76,4.22,10389,4.43,2567.54,12.47,22.99,22.99,3.55,4.76,3.90,2.08
000956,中原油气,11.91,11.91,0.00,0.0,0.00,0.00,0.00,0.00,0,0.00,12.93,0.00,30.37,104.17,1.90,-1,-1,0.00
000957,中通客车,10.25,10.31,10.41,12568200.0,-0.06,-0.58,10.49,10.22,12962,2.12,15.88,2.62,60.77,60.77,1.88,11.34,9.28,0.79
000958,电投产融,6.10,6.03,6.01,57204100.0,0.07,1.16,6.16,5.99,34963,1.06,32.15,2.82,328.39,1059.76,2.34,6.63,5.43,1.71
000959,首钢股份,3.61,3.63,3.62,32053300.0,-0.02,-0.55,3.69,3.60,11685,0.43,33.32,2.48,269.00,279.95,0.56,3.99,3.27,0.72
000960,锡业股份,37.50,38.77,39.80,62641300.0,-1.27,-3.28,40.17,36.86,239868,3.81,26.43,8.54,617.04,617.04,3.04,42.65,34.89,0.79
000961,ST中南,0.56,0.56,0.00,0.0,0.00,0.00,0.00,0.00,0,0.00,-0.10,0.00,21.34,21.43,0.25,-1,-1,0.00
000962,东方钽业,59.66,66.29,66.64,28281000.0,-6.63,-10.00,67.00,59.66,176209,5.64,122.88,11.07,299.29,314.68,7.86,72.92,59.66,0.90
000963,华东医药,29.02,28.82,28.80,20549200.0,0.20,0.69,29.74,28.76,60265,1.17,14.53,3.40,508.72,508.93,1.98,31.70,25.94,1.83
000965,天保基建,3.31,3.27,3.30,22743300.0,0.04,1.22,3.45,3.26,7681,2.05,-213.45,5.81,36.74,36.74,0.67,3.60,2.94,1.70
000966,长源电力,5.40,5.26,5.22,215565400.0,0.14,2.66,5.51,5.17,116432,6.61,167.75,6.46,176.12,187.98,1.40,5.79,4.73,1.23
000967,盈峰环境,10.69,11.11,11.20,111989300.0,-0.42,-3.78,11.49,10.39,121879,3.41,60.23,9.90,351.23,351.39,2.04,12.22,10.00,0.61
000968,蓝焰控股,7.49,7.59,7.45,20441300.0,-0.10,-1.32,7.59,7.43,15338,2.11,24.32,2.11,72.47,72.47,1.13,8.35,6.83,0.64
000969,安泰科技,22.97,25.52,25.05,100437500.0,-2.55,-9.99,25.62,22.97,241269,9.64,63.24,10.38,239.20,241.30,4.10,28.07,22.97,1.27
000970,中科三环,11.18,11.91,11.93,32769200.0,-0.73,-6.13,11.95,11.17,37434,2.70,144.25,6.55,135.92,135.92,2.08,13.10,10.72,1.62
000971,*ST高升,0.55,0.55,0.00,0.0,0.00,0.00,0.00,0.00,0,0.00,-1.52,0.00,4.66,5.77,36.30,-1,-1,0.00
000972,*ST中基,3.56,3.54,3.57,11462700.0,0.02,0.56,3.67,3.54,4131,1.49,-46.85,3.67,27.46,27.46,422.90,3.72,3.36,1.30
000973,佛塑科技,14.76,15.29,15.32,47546700.0,-0.53,-3.47,15.34,14.65,70876,4.91,56.29,4.51,142.79,362.84,3.96,16.82,13.76,0.80
000975,山金国际,22.46,22.80,23.72,45095300.0,-0.34,-1.49,23.79,22.39,102643,1.79,16.96,6.14,566.72,622.71,4.21,25.08,20.52,0.98
000976,*ST华铁,0.41,0.41,0.00,0.0,0.00,0.00,0.00,0.00,0,0.00,-0.45,0.00,6.54,6.54,0.21,-1,-1,0.00
000977,浪潮信息,64.63,66.41,71.00,121243500.0,-1.78,-2.68,72.03,64.00,809597,8.27,37.14,12.09,948.01,949.08,4.27,73.05,59.77,1.93
000978,桂林旅游,6.65,6.70,6.71,22331700.0,-0.05,-0.75,6.75,6.60,14917,4.77,253.47,2.24,31.13,31.13,2.91,7.37,6.03,1.49
000979,中弘退,0.22,0.22,0.00,0.0,0.00,0.00,0.00,0.00,0,0.00,-1.46,0.00,18.46,18.46,0.33,-1,-1,0.00
000980,众泰汽车,2.69,2.75,2.74,196561100.0,-0.06,-2.18,2.87,2.66,53563,3.90,-39.18,7.64,135.64,135.64,414.82,3.03,2.48,0.82
000981,山子高科,3.59,3.75,3.70,280826500.0,-0.16,-4.27,3.72,3.58,102216,2.95,30.02,3.73,341.53,358.91,11.58,4.13,3.38,0.86
000982,中银绒业,0.18,0.18,0.00,0.0,0.00,0.00,0.00,0.00,0,0.00,-4.69,0.00,7.67,7.67,0.72,-1,-1,0.00
000983,山西焦煤,6.79,6.72,6.68,91164100.0,0.07,1.04,6.89,6.66,62138,1.61,29.04,3.42,385.47,385.48,1.04,7.39,6.05,0.95
000985,大庆华科,17.08,17.08,17.15,1784700.0,0.00,0.00,17.51,16.99,3071,1.38,371.82,3.04,22.14,22.14,3.62,18.79,15.37,1.05
000987,越秀资本,8.03,7.96,7.97,40384500.0,0.07,0.88,8.13,7.96,32539,0.81,9.68,2.14,402.57,402.88,1.21,8.76,7.16,1.11
000988,华工科技,151.92,165.63,166.34,105753200.0,-13.71,-8.28,166.34,150.28,1658010,10.52,89.89,9.70,1526.77,1527.56,13.07,182.19,149.07,1.06
000989,九芝堂,8.07,7.91,7.91,13112700.0,0.16,2.02,8.14,7.90,10553,1.89,25.49,3.03,56.02,69.07,1.91,8.70,7.12,1.08
000990,诚志股份,9.58,9.83,9.83,23468700.0,-0.25,-2.54,9.83,9.49,22622,1.93,164.57,3.46,116.42,116.42,0.65,10.81,8.85,0.81
000991,通海高科,7.36,7.36,0.00,0.0,0.00,0.00,0.00,0.00,0,0,32.37,0.00,0,33.12,0.00,-1,-1,0.00
000993,闽东电力,14.88,14.38,14.25,49776300.0,0.50,3.48,14.98,14.10,73175,11.32,333.18,6.12,65.43,68.14,2.68,15.82,12.94,1.64
000995,皇台酒业,13.39,13.42,13.35,25906800.0,-0.03,-0.22,13.88,13.08,35027,14.60,405.25,5.96,23.75,23.75,14.37,14.76,12.08,0.92
000996,中期退,0.38,0.38,0.00,0.0,0.00,0.00,0.00,0.00,0,0.00,12.11,0.00,1.31,1.31,0.28,-1,-1,0.00
000997,新 大 陆,20.68,21.75,21.75,37300900.0,-1.07,-4.92,21.95,20.56,78376,3.70,21.36,6.39,208.34,209.51,2.78,23.93,19.58,0.59
000998,隆平高科,8.49,8.48,8.46,11590900.0,0.01,0.12,8.54,8.39,9833,0.88,336.37,1.77,111.59,124.76,1.84,9.33,7.63,0.79
000999,华润三九,24.45,23.62,23.76,16719800.0,0.83,3.51,24.54,23.57,40531,1.01,12.61,4.11,406.53,406.90,1.83,25.98,21.26,2.12
001201,东瑞股份,11.76,11.70,11.68,2493900.0,0.06,0.51,11.85,11.60,2928,1.24,-8.83,2.14,23.69,30.32,1.00,12.87,10.53,0.89
001202,炬申股份,15.50,15.93,15.93,1680000.0,-0.43,-2.70,15.99,15.30,2625,1.44,35.18,4.33,18.11,25.84,3.01,17.52,14.34,0.76
001203,大中矿业,39.00,38.55,39.08,30633800.0,0.45,1.17,39.44,37.72,118341,2.35,89.39,4.46,509.33,597.90,8.15,42.41,34.70,1.01
001205,盛航股份,13.84,14.02,14.00,2422500.0,-0.18,-1.28,14.15,13.79,3379,1.46,23.65,2.57,23.04,26.02,1.22,15.42,12.62,0.61
001206,依依股份,16.82,16.78,16.78,2399300.0,0.04,0.24,17.04,16.68,4038,2.25,19.86,2.15,17.97,31.10,1.72,18.46,15.10,0.92
001207,联科科技,18.30,19.00,18.82,7636100.0,-0.70,-3.68,19.01,18.23,14148,2.61,20.19,4.11,53.55,55.47,2.40,20.90,17.10,0.73
001208,华菱线缆,15.88,16.59,16.60,14463600.0,-0.71,-4.28,16.68,15.80,23236,4.54,93.45,5.30,50.61,101.37,3.45,18.25,14.93,1.05
001209,洪兴股份,20.67,21.28,21.35,3062200.0,-0.61,-2.87,21.58,20.52,6435,3.19,118.77,4.98,19.86,27.19,2.07,23.41,19.15,0.96
001210,金房能源,30.46,28.91,28.80,12423400.0,1.55,5.36,30.84,28.47,36951,13.04,34.83,8.20,29.03,47.77,3.24,31.80,26.02,1.43
001211,双枪科技,42.00,43.84,43.75,5267900.0,-1.84,-4.20,44.00,40.41,22078,7.84,-2144.59,8.19,28.23,30.24,3.50,48.22,39.46,0.86
001212,中旗新材,50.61,54.40,53.96,8581400.0,-3.79,-6.97,54.40,50.00,44341,4.94,-425.78,8.09,87.98,101.71,5.30,59.84,48.96,1.10
001213,中铁特货,3.81,3.78,3.77,9437900.0,0.03,0.79,3.84,3.77,3603,0.21,45.20,1.85,169.33,169.33,0.88,4.16,3.40,0.99
001215,千味央厨,39.31,40.44,40.44,2902200.0,-1.13,-2.79,40.79,38.92,11483,3.00,59.01,4.62,38.09,38.19,2.05,44.48,36.40,0.49
001216,华瓷股份,16.12,16.50,16.51,2425800.0,-0.38,-2.30,16.59,16.06,3932,0.99,22.01,3.21,39.58,47.06,1.83,18.15,14.85,0.84
001217,华尔泰,9.82,10.02,10.10,3296600.0,-0.20,-2.00,10.10,9.75,3271,1.00,-53.37,3.49,32.23,32.59,1.52,11.02,9.02,0.85
001218,丽臣实业,24.29,24.51,24.45,2079300.0,-0.22,-0.90,24.71,24.04,5064,1.76,14.99,2.73,28.68,31.62,1.31,26.96,22.06,1.00
001219,青岛食品,13.62,13.38,13.39,3813700.0,0.24,1.79,13.75,13.33,5175,2.01,23.58,3.14,25.89,26.56,2.43,14.72,12.04,1.03
001220,世盟股份,32.68,33.02,33.23,837400.0,-0.34,-1.03,33.28,32.56,2756,3.70,24.44,2.18,7.39,30.16,1.93,36.32,29.72,0.67
001221,悍高集团,51.60,50.80,50.52,1599600.0,0.80,1.57,52.78,50.52,8261,4.44,28.81,4.45,18.58,206.41,7.01,55.88,45.72,1.60
001222,源飞宠物,16.21,16.12,16.30,2398800.0,0.09,0.56,16.47,15.94,3881,2.12,27.33,3.29,18.32,30.94,2.17,17.73,14.51,1.58
001223,欧克科技,56.95,61.51,61.59,1948600.0,-4.56,-7.41,61.96,56.31,11373,3.91,170.97,9.19,28.41,53.16,2.76,67.66,55.36,1.04
001225,和泰机电,46.14,51.27,49.02,5022100.0,-5.13,-10.01,52.00,46.14,24338,23.87,100.43,11.43,9.71,30.39,2.18,56.40,46.14,1.17
001226,拓山重工,48.87,49.13,50.01,1482700.0,-0.26,-0.53,52.38,48.60,7455,4.37,159.25,7.69,16.58,36.49,4.91,54.04,44.22,1.05
001227,兰州银行,2.12,2.09,2.08,48614700.0,0.03,1.44,2.12,2.08,10229,1.15,6.57,1.91,89.41,120.75,0.39,2.30,1.88,1.57
001228,永泰运,29.82,29.97,30.46,1455600.0,-0.15,-0.50,30.46,29.50,4351,1.82,29.79,3.20,23.82,30.97,1.79,32.97,26.97,0.72
001229,魅视科技,36.79,36.10,36.20,2339300.0,0.69,1.91,37.82,35.63,8612,4.44,63.96,6.07,19.38,37.69,3.72,39.71,32.49,1.59
001230,劲旅环境,24.57,26.26,26.35,3811500.0,-1.69,-6.44,26.39,24.35,9565,4.85,19.07,7.77,19.30,32.95,1.63,28.89,23.63,1.29
001231,农心科技,21.64,22.16,22.40,1542100.0,-0.52,-2.35,22.52,21.41,3372,3.02,32.00,5.01,11.06,21.63,2.11,24.38,19.94,0.81
001233,海安集团,52.88,54.21,53.81,1679400.0,-1.33,-2.45,54.51,52.78,8972,4.45,20.91,3.19,19.94,98.34,2.08,59.63,48.79,0.70
001234,泰慕士,23.94,24.31,24.42,1802500.0,-0.37,-1.52,24.79,23.88,4356,1.97,65.32,3.74,21.90,26.19,2.77,26.74,21.88,0.94
001235,无效里得,25.48,25.48,0.00,0.0,0.00,0.00,0.00,0.00,0,0,24.45,0.00,0,16.21,2.51,-1,-1,0.00
001236,弘业期货,8.37,8.29,8.25,12532000.0,0.08,0.97,8.58,8.25,10605,1.65,551.37,3.98,63.45,84.35,4.50,9.12,7.46,1.13
001237,惠康科技,70.74,76.80,73.87,9167100.0,-6.06,-7.89,78.50,70.56,67962,26.30,26.63,10.34,24.66,104.94,3.19,84.48,69.12,0.61
001238,浙江正特,41.00,42.16,42.19,406500.0,-1.16,-2.75,42.19,41.00,1684,0.39,118.92,2.82,42.50,45.44,3.90,46.38,37.94,0.98
001239,永达股份,13.44,13.78,13.85,2032000.0,-0.34,-2.47,13.85,13.36,2760,1.78,101.27,3.56,15.32,32.26,2.38,15.16,12.40,0.98
001255,博菲电气,31.29,32.50,32.50,1507000.0,-1.21,-3.72,32.78,31.02,4769,1.98,249.77,5.42,23.85,27.22,3.02,35.75,29.25,0.70
001256,炜冈科技,22.59,23.77,23.77,2300000.0,-1.18,-4.96,23.77,22.51,5273,2.15,22.30,5.30,24.15,32.22,2.46,26.15,21.39,0.87
001257,盛龙股份,25.20,28.00,28.37,42716800.0,-2.80,-10.00,28.50,25.20,112017,31.19,51.53,11.79,34.51,462.66,6.05,30.80,25.20,1.17
001258,立新能源,10.46,10.29,10.17,56681400.0,0.17,1.65,10.60,10.00,59000,6.07,96.87,5.83,97.63,97.63,3.20,11.32,9.26,0.96
001259,利仁科技,82.88,77.99,79.00,4881100.0,4.89,6.27,84.05,76.38,39535,10.27,489.89,9.83,39.40,60.99,8.39,85.79,70.19,0.86
001260,坤泰股份,18.88,19.29,19.34,1649800.0,-0.41,-2.13,19.68,18.71,3144,1.43,58.47,5.03,21.71,21.71,2.69,21.22,17.36,0.97
001266,宏英智能,50.31,52.95,52.30,5298600.0,-2.64,-4.99,52.79,50.09,27191,9.11,106.37,5.10,29.26,52.15,5.29,58.25,47.66,0.59
001267,汇绿生态,57.94,60.55,61.50,38797400.0,-2.61,-4.31,61.98,57.38,230104,6.38,547.33,7.60,352.60,454.92,28.57,66.61,54.50,0.92
001268,联合精密,40.55,41.88,41.86,2092800.0,-1.33,-3.18,41.86,40.26,8578,3.10,136.89,3.82,27.34,43.77,4.30,46.07,37.69,0.64
001269,欧晶科技,25.77,23.43,24.22,6106700.0,2.34,9.99,25.77,24.00,15527,3.17,-17.28,7.55,49.58,49.58,7.36,25.77,21.09,0.85
001270,铖昌科技,145.80,162.00,158.00,14796900.0,-16.20,-10.00,160.55,145.80,222859,7.22,227.63,9.10,298.60,300.52,19.78,178.20,145.80,0.92
001277,速达股份,31.98,32.62,32.62,1157500.0,-0.64,-1.96,33.00,31.50,3711,2.54,27.03,4.60,14.57,24.30,1.57,35.88,29.36,1.18
001278,一彬科技,18.25,18.88,18.97,2448200.0,-0.63,-3.34,19.59,18.19,4598,2.87,-20.61,7.42,15.57,22.58,1.91,20.77,16.99,0.79
001279,强邦新材,29.97,30.66,30.60,892000.0,-0.69,-2.25,30.60,29.87,2685,2.23,121.89,2.38,11.99,47.95,4.71,33.73,27.59,0.44
001280,中国铀业,72.47,74.91,74.62,8098300.0,-2.44,-3.26,74.98,72.10,59159,5.12,87.17,3.84,114.57,1498.81,8.80,82.40,67.42,1.04
001282,三联锻造,17.75,18.71,18.71,2916000.0,-0.96,-5.13,18.88,17.64,5259,1.91,36.80,6.63,27.11,39.44,2.39,20.58,16.84,0.85
001283,豪鹏科技,54.53,57.19,57.15,6910700.0,-2.66,-4.65,57.20,54.24,38165,6.68,33.46,5.18,56.38,70.71,2.01,62.91,51.47,0.89
001285,瑞立科密,46.50,47.35,47.35,1599200.0,-0.85,-1.80,47.81,46.25,7505,3.85,23.92,3.29,19.30,83.78,2.22,52.09,42.62,0.98
001286,陕西能源,12.82,12.46,12.34,44613900.0,0.36,2.89,12.90,12.33,56821,3.30,15.05,4.57,173.07,480.75,1.75,13.71,11.21,1.69
001287,中电港,25.99,27.74,27.70,36725800.0,-1.75,-6.31,28.38,25.61,98529,4.83,55.15,9.99,197.50,197.50,3.57,30.51,24.97,1.08
001288,运机集团,25.12,25.53,25.52,5446000.0,-0.41,-1.61,25.83,24.69,13747,3.58,28.33,4.47,38.16,59.00,2.58,28.08,22.98,0.75
001289,龙源电力,18.74,18.10,18.10,21890100.0,0.64,3.54,19.47,17.91,40976,0.43,36.91,8.62,944.86,1566.63,2.04,19.91,16.29,1.97
001296,长江材料,19.82,20.59,20.50,2164500.0,-0.77,-3.74,20.52,19.66,4322,2.81,26.34,4.18,15.28,29.65,1.63,22.65,18.53,1.26
001298,好上好,21.35,22.94,22.80,17717700.0,-1.59,-6.93,23.06,21.10,38690,4.35,78.50,8.54,86.98,92.34,5.55,25.23,20.65,1.19
001299,美能能源,12.67,13.02,12.80,17112700.0,-0.35,-2.69,13.22,12.56,22043,6.05,38.40,5.07,35.84,39.81,3.55,14.32,11.72,1.03
001300,三柏硕,15.60,16.03,16.19,4036800.0,-0.43,-2.68,16.58,15.51,6433,1.66,-46.12,6.67,38.03,38.03,3.95,17.63,14.43,1.41
001301,尚太科技,87.52,92.66,92.74,5706500.0,-5.14,-5.55,92.74,86.19,50273,3.07,25.72,7.07,162.56,228.25,3.18,101.93,83.39,0.85
001306,夏厦精密,62.15,66.77,66.78,1056900.0,-4.62,-6.92,67.28,61.69,6705,6.82,-75.64,8.37,9.63,39.06,3.04,73.45,60.09,1.05
001308,康冠科技,22.35,21.04,21.05,14998700.0,1.31,6.23,22.79,20.90,32989,3.08,35.27,8.98,108.90,157.36,2.06,23.14,18.94,2.34
001309,德明利,640.00,657.35,669.00,12584500.0,-17.35,-2.64,679.58,630.00,820185,7.80,35.38,7.54,1032.49,1451.81,21.92,723.09,591.62,0.94
001311,多利科技,20.30,20.90,20.90,5007200.0,-0.60,-2.87,21.19,20.21,10262,2.83,39.56,4.69,35.96,81.94,1.74,22.99,18.81,1.06
001312,福恩股份,21.31,21.23,21.24,4170700.0,0.08,0.38,21.65,20.91,8864,7.30,21.46,3.49,12.18,49.72,2.13,23.35,19.11,0.90
001313,粤海饲料,8.37,8.63,8.60,15680600.0,-0.26,-3.01,8.62,8.26,13185,2.24,109.06,4.17,58.52,58.59,2.29,9.49,7.77,0.80
001314,亿道信息,58.60,58.80,58.81,6987000.0,-0.20,-0.34,61.88,57.60,41834,5.62,76.09,7.28,72.89,83.58,3.96,64.68,52.92,1.20
001316,润贝航科,36.71,38.50,38.56,3334000.0,-1.79,-4.65,38.56,36.45,12442,2.22,28.11,5.48,55.14,59.16,4.50,42.35,34.65,0.86
001317,三羊马,51.26,52.90,52.55,2916900.0,-1.64,-3.10,53.15,50.69,15050,3.41,-611.10,4.65,43.82,43.86,4.32,58.19,47.61,0.90
001318,阳光乳业,12.03,11.96,11.94,3265400.0,0.07,0.59,12.38,11.86,3948,1.16,33.50,4.35,34.00,34.00,2.30,13.16,10.76,1.08
001319,铭科精技,22.85,24.68,24.68,5487200.0,-1.83,-7.41,24.73,22.55,12790,6.69,23.18,8.83,18.74,32.31,2.29,27.15,22.21,0.93
001322,箭牌家居,6.62,6.62,6.66,3768700.0,0.00,0.00,6.75,6.56,2506,0.48,117.14,2.87,52.01,64.03,1.38,7.28,5.96,0.79
001323,慕思股份,20.35,20.10,20.10,1257200.0,0.25,1.24,20.56,20.02,2556,0.40,17.50,2.69,63.34,88.54,1.92,22.11,18.09,0.95
001324,长青科技,18.26,19.03,19.03,2410500.0,-0.77,-4.05,19.08,18.14,4459,1.75,60.04,4.94,25.20,25.20,2.21,20.93,17.13,0.70
001325,元创股份,41.35,42.21,42.50,1335000.0,-0.86,-2.04,43.48,41.15,5625,6.81,20.50,5.52,8.10,32.42,1.78,46.43,37.99,0.85
001326,联域股份,63.50,67.14,67.10,2002800.0,-3.64,-5.42,67.10,62.78,12915,8.34,162.32,6.43,15.25,46.48,3.76,73.85,60.43,0.85
001328,登康口腔,30.96,29.05,29.08,2575500.0,1.91,6.57,31.78,28.78,7875,1.59,28.10,10.33,50.07,53.31,3.39,31.96,26.15,1.57
001330,博纳影业,9.05,9.00,8.97,88729400.0,0.05,0.56,9.21,8.75,80231,7.63,-22.47,5.11,105.24,124.39,3.27,9.90,8.10,0.75
001331,胜通能源,69.78,69.78,0.00,0.0,0.00,0.00,0.00,0.00,0,0.00,-1009.76,0.00,137.56,196.95,13.39,76.76,62.80,0.00
001332,锡装股份,46.45,45.34,45.31,5988400.0,1.11,2.45,48.98,45.31,28291,8.91,26.40,8.09,31.22,71.85,2.76,49.87,40.81,2.04
001333,光华股份,22.28,23.81,23.65,3055600.0,-1.53,-6.43,23.90,22.10,6944,6.94,24.83,7.56,9.80,28.52,1.61,26.19,21.43,0.83
001335,信凯科技,45.00,45.50,46.39,659900.0,-0.50,-1.10,46.39,44.80,3001,2.58,53.71,3.49,11.49,42.18,4.25,50.05,40.95,0.60
001336,楚环科技,26.91,27.53,27.59,1495700.0,-0.62,-2.25,27.97,26.69,4086,3.03,47.82,4.65,13.27,21.63,2.64,30.28,24.78,0.77
001337,四川黄金,49.13,50.40,51.61,11206300.0,-1.27,-2.52,51.80,48.87,55669,2.67,32.47,5.81,206.35,206.35,10.90,55.44,45.36,0.99
001338,永顺泰,11.40,11.14,11.06,8091100.0,0.26,2.33,11.48,11.05,9161,1.61,28.76,3.86,57.20,57.20,1.53,12.25,10.03,1.28
001339,智微智能,104.00,106.63,108.01,9478400.0,-2.63,-2.47,110.99,102.10,100400,7.61,110.26,8.34,129.51,262.38,11.11,117.29,95.97,0.79
001356,富岭股份,10.08,10.00,10.01,2882300.0,0.08,0.80,10.15,9.88,2882,1.44,83.31,2.70,20.23,59.40,2.92,11.00,9.00,0.82
001358,兴欣新材,25.84,26.46,26.45,1172600.0,-0.62,-2.34,26.98,25.60,3070,2.36,60.83,5.22,12.84,31.83,2.23,29.11,23.81,0.81
001359,平安电工,97.80,100.02,99.80,2362800.0,-2.22,-2.22,104.50,96.86,23481,5.09,74.20,7.64,45.36,181.42,8.78,110.02,90.02,0.84
001360,南矿集团,20.52,22.80,22.50,10391100.0,-2.28,-10.00,22.65,20.52,22173,8.28,94.40,9.34,25.75,41.86,2.93,25.08,20.52,1.45
001365,天海电子,45.09,47.23,47.01,10467700.0,-2.14,-4.53,48.00,44.77,48325,18.20,36.11,6.84,25.93,236.72,3.25,51.95,42.51,0.70
001366,播恩集团,14.90,16.55,16.50,12845100.0,-1.65,-9.97,16.94,14.90,20365,7.99,-434.75,12.33,23.94,23.94,2.98,18.21,14.90,0.82
001367,海森药业,20.70,20.85,21.15,1592600.0,-0.15,-0.72,21.30,20.57,3321,1.31,23.61,3.50,25.18,31.54,2.09,22.94,18.77,1.04
001368,通达创智,25.03,25.22,25.42,1616000.0,-0.19,-0.75,25.91,24.79,4074,1.49,27.84,4.44,27.09,28.49,2.04,27.74,22.70,1.07
001369,双欣材料,14.59,14.53,14.93,22267300.0,0.06,0.41,15.86,14.52,33398,11.08,31.06,9.22,29.33,167.35,2.43,15.98,13.08,1.76
001373,翔腾新材,37.68,39.04,39.48,1423700.0,-1.36,-3.48,40.50,37.04,5482,4.23,-61.76,8.86,12.68,25.88,3.07,42.94,35.14,0.94
001376,百通能源,14.56,14.74,14.73,24556300.0,-0.18,-1.22,15.16,14.52,36390,11.47,34.92,4.34,31.16,67.11,5.25,16.21,13.27,0.98
001378,德冠新材,19.75,20.46,20.59,2982700.0,-0.71,-3.47,20.66,19.60,5978,3.54,38.62,5.18,16.66,34.23,1.86,22.51,18.41,0.75
001379,腾达科技,18.89,19.75,19.67,2331600.0,-0.86,-4.35,19.84,18.81,4465,3.46,51.66,5.22,12.71,37.78,2.50,21.73,17.78,0.69
001380,华纬科技,17.45,18.15,18.25,2481500.0,-0.70,-3.86,18.25,17.34,4365,0.92,18.69,5.01,47.26,47.26,2.40,19.97,16.34,0.93
001382,新亚电缆,20.56,20.97,20.90,3908100.0,-0.41,-1.96,20.97,20.46,8084,6.20,88.37,2.43,12.95,84.71,5.26,23.07,18.87,1.15
001386,马可波罗,16.40,16.16,16.21,6691400.0,0.24,1.49,17.08,16.21,11122,6.22,16.72,5.38,17.64,195.97,1.60,17.78,14.54,1.82
001387,雪祺电气,12.49,12.77,12.77,4105600.0,-0.28,-2.19,12.98,12.37,5187,3.60,25.35,4.78,14.23,22.86,1.78,14.05,11.49,0.92
001388,信通电子,33.55,35.28,35.32,1342000.0,-1.73,-4.90,35.32,33.30,4560,4.30,44.67,5.73,10.47,52.34,3.61,38.81,31.75,1.20
001389,广合科技,196.48,185.30,197.00,13522500.0,11.18,6.03,199.74,189.77,263329,8.90,79.48,5.38,298.62,928.35,12.88,203.83,166.77,1.25
001390,古麒绒材,17.70,17.66,17.68,1392600.0,0.04,0.23,17.92,17.55,2470,2.79,19.65,2.10,8.85,35.40,2.12,19.43,15.89,0.84
001391,国货航,5.16,5.15,5.16,10603800.0,0.01,0.19,5.20,5.15,5489,0.70,25.42,0.97,78.40,629.98,2.31,5.67,4.64,0.82
001393,维通利,65.94,70.90,70.92,8996300.0,-4.96,-7.00,71.86,65.83,61470,18.73,55.62,8.50,31.68,164.41,4.55,77.99,63.81,0.74
001395,亚联机械,35.60,36.09,36.30,407100.0,-0.49,-1.36,36.30,35.35,1452,0.87,17.60,2.63,16.69,31.06,2.49,39.70,32.48,0.67
001396,誉帆科技,47.18,46.51,48.00,2480800.0,0.67,1.44,48.80,46.50,11853,11.17,39.28,4.95,10.48,50.44,3.53,51.16,41.86,1.37
001400,江顺科技,110.12,115.93,116.00,1451600.0,-5.81,-5.01,116.10,109.00,16240,3.14,108.53,6.12,50.91,92.50,7.35,127.52,104.34,1.18
001696,宗申动力,14.74,15.19,15.27,19134300.0,-0.45,-2.96,15.48,14.72,28711,2.15,27.63,5.00,131.39,168.78,3.04,16.71,13.67,0.95
001872,招商港口,22.30,21.88,21.80,2848700.0,0.42,1.92,22.68,21.70,6358,0.12,11.90,4.48,513.35,553.46,0.84,24.07,19.69,1.32
001896,豫能控股,16.37,15.69,15.47,213439600.0,0.68,4.33,17.11,15.25,347718,13.99,66.54,11.85,249.77,249.77,7.01,17.26,14.12,1.08
001914,招商积余,9.69,9.57,9.57,10949300.0,0.12,1.25,9.94,9.56,10738,1.04,15.28,3.97,102.11,102.11,0.93,10.53,8.61,1.66
001965,招商公路,10.04,10.00,10.02,14363500.0,0.04,0.40,10.17,9.99,14505,0.21,14.73,1.80,682.23,682.23,0.97,11.00,9.00,1.24
001979,招商蛇口,8.82,8.39,8.45,113218300.0,0.43,5.13,9.06,8.45,100124,1.35,128.79,7.27,742.08,795.21,0.81,9.23,7.55,2.02
002001,新 和 成,29.37,30.05,30.00,30176800.0,-0.68,-2.26,30.13,29.34,89359,0.99,13.45,2.63,891.93,902.66,2.76,33.06,27.05,0.92
002002,ST鸿达,0.58,0.58,0.00,0.0,0.00,0.00,0.00,0.00,0,0.00,-2.26,0.00,17.98,18.11,0.19,-1,-1,0.00
002003,伟星股份,9.19,9.13,9.13,11749200.0,0.06,0.66,9.34,8.92,10811,1.15,17.14,4.60,93.93,109.26,2.60,10.04,8.22,1.11
002004,华邦健康,4.53,4.49,4.50,16883400.0,0.04,0.89,4.57,4.49,7662,0.90,13.12,1.78,85.31,89.69,0.86,4.94,4.04,0.94
002005,ST德豪,2.93,2.95,2.94,13664300.0,-0.02,-0.68,3.01,2.93,4049,0.78,120.65,2.71,51.33,51.35,15.44,3.10,2.80,0.99
002006,精工科技,16.94,17.92,17.90,15164700.0,-0.98,-5.47,17.90,16.88,26061,2.92,45.89,5.69,88.05,88.05,3.52,19.71,16.13,1.24
002007,华兰生物,13.74,13.32,13.31,16425200.0,0.42,3.15,13.85,13.30,22390,1.04,29.25,4.13,216.20,250.85,2.14,14.65,11.99,1.90
002008,大族激光,131.85,135.98,136.10,38903500.0,-4.13,-3.04,137.69,130.07,516910,4.07,98.35,5.60,1261.45,1357.53,6.63,149.58,122.38,0.72
002009,天奇股份,21.45,22.70,22.73,23848400.0,-1.25,-5.51,22.93,21.30,52307,6.74,233.25,7.18,75.94,86.28,4.20,24.97,20.43,0.73
002010,传化智联,5.33,5.38,5.39,27701800.0,-0.05,-0.93,5.46,5.31,14854,1.00,22.36,2.79,146.97,147.32,0.81,5.92,4.84,1.06
002011,盾安环境,12.47,12.76,12.80,21115600.0,-0.29,-2.27,12.84,12.43,26530,1.99,12.68,3.21,132.13,134.01,1.96,14.04,11.48,0.99
002012,凯恩股份,7.82,8.69,8.41,76861000.0,-0.87,-10.01,9.03,7.82,64220,16.44,118.84,13.92,36.57,36.57,2.36,9.56,7.82,1.04
002013,中航机电,10.78,10.78,0.00,0.0,0.00,0.00,0.00,0.00,0,0.00,29.33,0.00,416.35,416.35,2.87,-1,-1,0.00
002014,永新股份,10.60,10.77,10.77,2594500.0,-0.17,-1.58,10.87,10.56,2783,0.43,14.76,2.88,63.89,64.92,2.70,11.85,9.69,1.09
002015,协鑫能科,23.38,23.00,23.09,192470200.0,0.38,1.65,23.86,22.40,446850,11.86,86.57,6.35,379.53,379.53,3.14,25.30,20.70,1.25
002016,世荣兆业,4.75,4.74,4.79,16242000.0,0.01,0.21,5.04,4.72,7854,2.01,25.30,6.75,38.43,38.43,0.78,5.21,4.27,1.74
002017,东信和平,16.30,16.87,16.95,11575400.0,-0.57,-3.38,17.02,16.23,19094,2.00,57.13,4.68,94.55,94.61,5.06,18.56,15.18,0.99
002018,华信退,0.26,0.26,0.00,0.0,0.00,0.00,0.00,0.00,0,0.00,-3.17,0.00,5.92,5.92,-0.50,-1,-1,0.00
002019,亿帆医药,10.48,10.27,10.25,14835600.0,0.21,2.04,10.54,10.18,15446,1.76,35.84,3.51,88.30,127.48,1.45,11.30,9.24,1.43
002020,京新药业,13.44,13.22,13.25,13406000.0,0.22,1.66,13.62,13.11,17931,1.85,15.23,3.86,97.30,115.72,1.90,14.54,11.90,1.40
002021,中捷资源,2.75,2.83,2.84,37151100.0,-0.08,-2.83,2.89,2.71,10361,3.11,-155.65,6.36,32.87,32.88,5.36,3.11,2.55,1.06
002022,科华生物,5.42,5.41,5.45,6975400.0,0.01,0.18,5.49,5.39,3792,1.36,-3.83,1.85,27.87,27.88,1.10,5.95,4.87,0.68
002023,海特高新,10.91,11.81,11.81,34510500.0,-0.90,-7.62,12.02,10.85,38937,4.66,-15.31,9.91,80.83,80.83,2.17,12.99,10.63,1.12
002024,ST易购,1.26,1.23,1.22,66086300.0,0.03,2.44,1.28,1.20,8295,0.71,168.97,6.50,116.59,116.74,0.95,1.29,1.17,1.58
002025,航天电器,65.15,70.51,70.39,21666700.0,-5.36,-7.60,71.30,64.85,145857,4.77,157.37,9.15,295.70,296.67,4.46,77.56,63.46,0.89
002026,山东威达,12.28,12.94,12.87,10236900.0,-0.66,-5.10,12.98,12.28,12829,2.32,21.05,5.41,54.09,54.10,1.40,14.23,11.65,1.14
002027,分众传媒,5.58,5.41,5.43,226308200.0,0.17,3.14,5.65,5.41,125759,1.57,22.38,4.44,805.87,805.87,5.22,5.95,4.87,1.43
002028,思源电气,202.15,204.90,208.00,12868100.0,-2.75,-1.34,208.56,201.00,263145,2.11,48.61,3.69,1234.50,1581.73,9.81,225.39,184.41,1.15
002029,七 匹 狼,8.59,8.53,8.59,19998900.0,0.06,0.70,8.97,8.48,17440,3.01,26.00,5.74,57.16,60.56,0.89,9.38,7.68,1.04
002030,达安基因,7.08,6.91,6.80,111669800.0,0.17,2.46,7.10,6.70,77396,7.96,-11.10,5.79,99.36,99.36,1.41,7.60,6.22,1.07
002031,巨轮智能,6.24,6.57,6.48,148823200.0,-0.33,-5.02,6.60,6.20,94463,7.78,-57.80,6.09,119.41,137.24,7.07,7.23,5.91,0.57
002032,苏 泊 尔,45.15,44.40,44.28,3215600.0,0.75,1.69,45.87,44.25,14520,0.40,17.16,3.65,360.97,361.13,7.84,48.84,39.96,1.41
002033,丽江股份,8.63,8.55,8.54,20219400.0,0.08,0.94,8.76,8.51,17505,3.68,19.30,2.92,47.42,47.42,1.95,9.41,7.70,1.62
002034,旺能环境,19.37,20.55,20.40,23079900.0,-1.18,-5.74,20.60,19.11,45720,4.49,13.87,7.25,99.67,100.09,1.37,22.61,18.50,1.00
002035,华帝股份,5.09,5.06,5.06,9668500.0,0.03,0.59,5.15,5.05,4930,1.24,14.59,1.98,39.81,43.15,1.12,5.57,4.55,0.91
002036,联创电子,9.21,9.78,10.60,124638700.0,-0.57,-5.83,10.69,9.03,121144,11.81,-8.76,16.97,97.21,97.40,10.09,10.76,8.80,0.72
002037,保利联合,7.41,7.41,7.42,7795000.0,0.00,0.00,7.71,7.41,5887,1.61,-4.11,4.05,35.86,35.86,3.49,8.15,6.67,1.36
002038,双鹭药业,5.88,5.81,5.83,27643800.0,0.07,1.20,5.94,5.77,16197,3.24,-12.60,2.93,50.09,60.41,1.19,6.39,5.23,1.42
002039,黔源电力,23.18,21.22,21.26,32030500.0,1.96,9.24,23.29,21.02,71868,7.49,15.55,10.70,99.11,99.11,2.27,23.34,19.10,2.23
002040,南 京 港,8.99,9.10,9.16,6772500.0,-0.11,-1.21,9.18,8.97,6130,1.39,22.39,2.31,43.70,43.87,1.26,10.01,8.19,0.69
002041,登海种业,8.69,8.70,8.71,12271000.0,-0.01,-0.11,8.85,8.65,10740,1.39,75.87,2.30,76.47,76.47,2.07,9.57,7.83,1.00
002042,华孚时尚,4.24,4.53,4.49,48808400.0,-0.29,-6.40,4.51,4.21,21113,2.87,97.83,6.62,72.11,72.11,1.22,4.98,4.08,0.77
002043,兔 宝 宝,13.24,12.97,12.97,10372700.0,0.27,2.08,13.44,12.97,13754,1.28,14.66,3.62,106.92,109.86,3.19,14.27,11.67,1.22
002044,美年健康,5.69,5.89,5.75,185252000.0,-0.20,-3.40,5.85,5.64,105840,4.78,72.87,3.57,220.44,222.72,2.82,6.48,5.30,1.13
002045,国光电器,9.14,9.52,9.58,17916200.0,-0.38,-3.99,9.68,9.09,16650,3.19,-30.06,6.20,51.34,51.41,1.21,10.47,8.57,0.77
002046,国机精工,53.00,55.75,56.00,21154600.0,-2.75,-4.93,57.30,52.79,116561,3.99,174.58,8.09,280.99,284.18,6.52,61.33,50.18,0.99
002047,宝鹰股份,4.89,4.92,4.97,31782500.0,-0.03,-0.61,5.04,4.79,15555,2.10,111.98,5.08,74.14,74.14,182.16,5.41,4.43,0.62
002048,宁波华翔,26.07,27.19,27.73,26793500.0,-1.12,-4.12,27.87,25.80,71554,3.77,48.76,7.61,185.05,212.17,1.80,29.91,24.47,0.87
002049,紫光国微,79.30,86.30,86.39,66266600.0,-7.00,-8.11,86.53,78.51,543920,7.80,40.78,9.29,673.66,673.76,4.84,94.93,77.67,1.12
002050,三花智控,46.34,48.61,48.47,163632600.0,-2.27,-4.67,49.29,45.73,771665,4.44,47.71,7.32,1707.26,1949.99,5.98,53.47,43.75,0.73
002051,中工国际,11.01,10.33,10.44,117229300.0,0.68,6.58,11.36,10.30,128798,9.56,51.71,10.26,135.03,135.04,1.17,11.36,9.30,1.81
002052,同洲电子,9.86,10.20,10.33,14318500.0,-0.34,-3.33,10.34,9.78,14383,2.08,121.62,5.49,67.97,74.19,26.63,11.22,9.18,1.17
002053,云南能投,11.52,11.33,11.28,13417300.0,0.19,1.68,11.72,11.26,15501,1.46,47.94,4.06,106.07,106.07,1.41,12.46,10.20,1.58
002054,德美化工,7.70,7.86,7.86,10695700.0,-0.16,-2.04,7.99,7.66,8375,2.79,27.79,4.20,29.57,37.12,1.44,8.65,7.07,0.69
002055,ST得润,7.40,7.14,7.28,59623500.0,0.26,3.64,7.49,7.06,43431,10.04,-110.04,6.02,43.96,44.73,3.30,7.50,6.78,0.96
002056,横店东磁,25.21,26.97,26.82,100842700.0,-1.76,-6.53,26.85,24.95,258273,6.21,23.05,7.04,409.67,410.09,3.72,29.67,24.27,1.04
002057,中钢天源,9.08,9.50,9.56,18801300.0,-0.42,-4.42,9.66,9.03,17382,2.50,38.15,6.63,68.40,68.45,2.10,10.45,8.55,1.36
002058,*ST威尔,25.77,26.67,26.66,1504300.0,-0.90,-3.37,26.66,25.66,3919,1.05,17.43,3.75,36.88,36.97,58.35,28.00,25.34,0.95
002059,云南旅游,4.58,4.44,4.43,15542200.0,0.14,3.15,4.60,4.41,7059,1.58,-14.72,4.28,45.02,46.37,4.38,4.88,4.00,1.71
002060,广东建工,3.55,3.46,3.46,32936300.0,0.09,2.60,3.60,3.45,11686,2.11,12.37,4.34,55.48,133.28,0.95,3.81,3.11,1.87
002061,浙江交科,3.59,3.56,3.59,25258000.0,0.03,0.84,3.65,3.57,9112,0.97,9.99,2.25,93.31,96.01,0.61,3.92,3.20,1.73
002062,宏润建设,8.15,8.61,8.69,23466500.0,-0.46,-5.34,8.69,8.08,19505,2.09,38.51,7.08,91.66,100.84,2.08,9.47,7.75,0.74
002063,远光软件,5.89,6.03,6.05,37757000.0,-0.14,-2.32,6.08,5.88,22542,2.13,37.41,3.32,104.18,112.80,2.83,6.63,5.43,0.90
002064,华峰化学,10.11,10.31,10.34,35139900.0,-0.20,-1.94,10.43,10.01,35830,0.71,24.81,4.07,500.65,501.71,1.79,11.34,9.28,1.02
002065,东华软件,7.43,7.58,7.65,39888600.0,-0.15,-1.98,7.73,7.40,30030,1.37,49.21,4.35,216.06,238.17,1.92,8.34,6.82,1.10
002066,瑞泰科技,24.04,25.22,25.66,6290500.0,-1.18,-4.68,25.66,23.89,15384,2.72,-72.91,7.02,55.53,56.47,9.08,27.74,22.70,0.98
002067,景兴纸业,4.83,5.05,5.01,65941500.0,-0.22,-4.36,5.06,4.80,32352,4.93,71.17,5.15,64.61,71.24,1.07,5.56,4.55,0.54
002068,黑猫股份,9.46,9.58,9.60,27588700.0,-0.12,-1.25,10.08,9.38,26834,3.75,-13.30,7.31,69.53,69.56,2.98,10.54,8.62,0.95
002069,獐子岛,3.41,3.42,3.42,10468500.0,-0.01,-0.29,3.48,3.37,3589,1.47,-365.38,3.22,24.22,24.25,88.33,3.76,3.08,1.07
002070,众和退,0.71,0.71,0.00,0.0,0.00,0.00,0.00,0.00,0,0.00,6.51,0.00,4.12,4.51,-0.39,-1,-1,0.00
002071,长城退,0.31,0.31,0.00,0.0,0.00,0.00,0.00,0.00,0,0.00,-0.63,0.00,1.63,1.63,-0.15,-1,-1,0.00
002072,凯瑞德,7.85,8.37,8.28,26333100.0,-0.52,-6.21,8.39,7.69,21135,7.16,-119.64,8.36,28.85,28.86,12.49,9.21,7.53,1.09
002073,软控股份,5.68,5.74,5.73,18589700.0,-0.06,-1.05,5.79,5.66,10654,1.83,16.27,2.26,57.59,58.18,0.91,6.31,5.17,0.92
002074,国轩高科,32.95,34.38,34.35,34556800.0,-1.43,-4.16,34.35,32.90,115614,1.99,25.95,4.22,572.09,597.79,2.07,37.82,30.94,1.08
002075,沙钢股份,3.90,3.98,3.98,32549600.0,-0.08,-2.01,4.02,3.90,12909,1.48,34.21,3.02,85.56,85.56,1.29,4.38,3.58,1.29
002076,*ST星光,2.74,2.80,2.78,40726600.0,-0.06,-2.14,2.83,2.69,11292,3.91,-314.54,5.00,28.56,30.39,9.98,2.94,2.66,0.76
002077,大港股份,17.00,18.64,18.33,61885100.0,-1.64,-8.80,18.46,16.84,108046,10.66,129.97,8.69,98.66,98.66,2.92,20.50,16.78,1.04
002078,太阳纸业,13.81,13.75,13.70,22784600.0,0.06,0.44,14.07,13.56,31630,0.82,11.80,3.71,383.55,385.93,1.24,15.13,12.38,0.92
002079,苏州固锝,12.45,13.30,13.30,91631300.0,-0.85,-6.39,13.41,12.36,116918,11.30,92.58,7.89,100.92,113.06,2.78,14.63,11.97,1.11
002080,中材科技,71.15,76.08,75.73,46230700.0,-4.93,-6.48,75.73,70.50,336001,2.75,60.82,6.87,1193.98,1193.98,6.05,83.69,68.47,0.95
002081,金 螳 螂,6.16,5.60,5.70,363579800.0,0.56,10.00,6.16,5.55,215643,13.75,40.32,10.89,162.89,163.57,1.17,6.16,5.04,1.32
002082,ST万邦,15.41,15.32,15.15,19369500.0,0.09,0.59,15.84,14.65,29356,3.41,-118.58,7.77,87.51,94.26,3.61,16.09,14.55,0.83
002083,孚日股份,10.03,10.21,10.22,25769700.0,-0.18,-1.76,10.40,9.98,26268,2.72,19.73,4.11,94.92,94.95,1.94,11.23,9.19,1.20
002084,海鸥住工,3.31,3.40,3.40,14320300.0,-0.09,-2.65,3.43,3.27,4797,2.22,-15.89,4.71,21.33,21.38,1.65,3.74,3.06,0.89
002085,万丰奥威,11.86,12.24,12.30,41093000.0,-0.38,-3.10,12.42,11.86,49441,1.94,26.36,4.58,251.82,251.82,3.30,13.46,11.02,1.15
002086,东方海洋,1.91,1.91,1.91,53871400.0,0.00,0.00,1.98,1.89,10424,3.41,-26.38,4.71,30.20,37.42,2.95,2.10,1.72,1.22
002087,新纺退,0.16,0.16,0.00,0.0,0.00,0.00,0.00,0.00,0,0.00,-0.23,0.00,1.31,1.31,-0.14,-1,-1,0.00
002088,鲁阳节能,8.85,8.84,8.84,2664800.0,0.01,0.11,9.04,8.82,2378,0.53,-319.30,2.49,44.76,45.41,1.79,9.72,7.96,0.95
002089,新海退,0.24,0.24,0.00,0.0,0.00,0.00,0.00,0.00,0,0.00,-0.69,0.00,2.85,3.30,0.33,-1,-1,0.00
002090,金智科技,10.59,11.02,10.98,10985000.0,-0.43,-3.90,11.00,10.53,11773,2.78,58.44,4.26,41.83,42.42,2.71,12.12,9.92,1.02
002091,江苏国泰,8.93,8.87,8.89,15831800.0,0.06,0.68,9.00,8.86,14147,0.99,11.51,1.58,142.72,145.36,0.91,9.76,7.98,0.86
002092,中泰化学,4.64,4.67,4.70,64368600.0,-0.03,-0.64,4.77,4.61,30143,2.50,-35.18,3.43,119.51,120.18,0.56,5.14,4.20,0.90
002093,国脉科技,7.37,7.57,7.58,11593700.0,-0.20,-2.64,7.68,7.34,8675,1.15,111.54,4.49,74.25,74.25,1.93,8.33,6.81,0.97
002094,青岛金王,5.22,5.29,5.26,15913000.0,-0.07,-1.32,5.32,5.21,8396,2.30,178.19,2.08,36.04,36.06,2.44,5.82,4.76,1.12
002095,生 意 宝,14.09,14.34,14.36,2422100.0,-0.25,-1.74,14.49,13.99,3440,0.96,-262.83,3.49,35.47,35.61,4.06,15.77,12.91,0.80
002096,易普力,10.24,10.08,10.15,6472800.0,0.16,1.59,10.26,10.04,6571,0.52,17.28,2.18,127.02,127.02,1.56,11.09,9.07,1.18
002097,山河智能,8.58,8.69,8.71,15747800.0,-0.11,-1.27,8.79,8.58,13669,1.47,131.97,2.42,92.03,92.20,1.97,9.56,7.82,0.81
002098,浔兴股份,7.33,7.40,7.40,4026100.0,-0.07,-0.95,7.48,7.26,2974,1.12,14.26,2.97,26.24,26.24,1.73,8.14,6.66,1.08
002099,海翔药业,5.52,5.41,5.41,18547100.0,0.11,2.03,5.58,5.35,10160,1.15,-120.98,4.25,89.17,89.35,1.81,5.95,4.87,1.17
002100,天康生物,6.60,6.58,6.55,15782400.0,0.02,0.30,6.69,6.50,10428,1.16,-89.40,2.89,90.11,90.11,1.31,7.24,5.92,0.69
002101,广东鸿图,8.89,8.92,8.99,5594600.0,-0.03,-0.34,9.03,8.87,5009,0.84,19.00,1.79,58.87,58.92,0.74,9.81,8.03,1.07
002102,ST能特,2.32,2.21,2.22,27152600.0,0.11,4.98,2.32,2.21,6251,1.25,119.45,4.98,50.41,57.43,1.85,2.32,2.10,1.11
002103,广博股份,7.04,7.05,7.04,6116600.0,-0.01,-0.14,7.14,7.01,4337,1.58,24.27,1.84,27.32,37.61,2.99,7.76,6.35,1.13
002104,恒宝股份,11.97,12.44,12.42,21294400.0,-0.47,-3.78,12.48,11.93,25827,3.55,608.32,4.42,71.78,84.79,3.97,13.68,11.20,0.81
002105,信隆健康,5.90,6.06,6.09,6790300.0,-0.16,-2.64,6.12,5.86,4060,1.86,-33.81,4.29,21.50,21.61,2.71,6.67,5.45,0.89
002106,莱宝高科,11.65,12.40,12.41,36577200.0,-0.75,-6.05,12.45,11.54,43444,5.19,40.12,7.34,82.12,82.23,1.46,13.64,11.16,0.96
002107,沃华医药,6.47,6.42,6.43,10206200.0,0.05,0.78,6.54,6.38,6579,1.79,34.10,2.49,36.97,37.35,5.52,7.06,5.78,1.09
002108,沧州明珠,4.98,5.07,5.08,44161100.0,-0.09,-1.78,5.17,4.97,22405,2.68,54.92,3.94,82.05,82.10,1.63,5.58,4.56,0.80
002109,ST兴化,2.90,2.85,2.85,10784800.0,0.05,1.75,2.94,2.83,3140,0.85,-9.12,3.86,37.01,37.01,0.94,2.99,2.71,0.82
002110,三钢闽光,3.12,3.11,3.11,25919400.0,0.01,0.32,3.20,3.11,8173,1.07,-52.45,2.89,75.79,75.79,0.39,3.42,2.80,1.28
002111,威海广泰,10.18,10.60,10.60,8405100.0,-0.42,-3.96,10.75,10.13,8704,1.72,32.95,5.85,49.75,54.16,1.75,11.66,9.54,1.00
002112,三变科技,18.30,19.04,18.90,16863700.0,-0.74,-3.89,18.99,18.18,31249,6.43,331.45,4.25,47.96,53.83,6.22,20.94,17.14,1.01
002113,*ST天润,0.41,0.41,0.00,0.0,0.00,0.00,0.00,0.00,0,0.00,-2.57,0.00,4.00,6.19,-7.48,-1,-1,0.00
002114,罗平锌电,7.91,8.29,8.33,13100700.0,-0.38,-4.58,8.60,7.89,10645,4.05,-14.83,8.56,25.58,25.58,3.54,9.12,7.46,1.00
002115,三维通信,12.20,12.99,12.99,46242800.0,-0.79,-6.08,13.13,12.09,57695,6.15,1392.26,8.01,91.77,98.94,4.79,14.29,11.69,1.00
002116,中国海诚,8.99,9.02,9.02,3050100.0,-0.03,-0.33,9.12,8.97,2755,0.66,12.46,1.66,41.35,41.87,1.49,9.92,8.12,1.21
002117,东港股份,9.26,9.40,9.35,9686900.0,-0.14,-1.49,9.60,9.24,9100,1.85,32.15,3.83,48.48,48.50,3.66,10.34,8.46,1.09
002118,*ST紫鑫,0.37,0.37,0.00,0.0,0.00,0.00,0.00,0.00,0,0.00,-0.39,0.00,4.74,4.74,0.35,-1,-1,0.00
002119,康强电子,23.00,25.55,25.55,48949800.0,-2.55,-9.98,25.70,23.00,117249,13.04,74.40,10.57,86.32,86.32,6.20,28.11,23.00,0.84
002120,韵达股份,6.90,6.91,6.91,33660200.0,-0.01,-0.14,7.02,6.89,23390,1.20,14.96,1.88,194.24,200.04,0.94,7.60,6.22,1.16
002121,科陆电子,8.28,8.52,8.41,69816800.0,-0.24,-2.82,8.51,8.20,57881,4.97,-52.23,3.64,116.31,137.91,38.88,9.37,7.67,0.67
002122,ST汇洲,2.81,2.77,2.78,18156600.0,0.04,1.44,2.85,2.76,5096,0.91,148.81,3.25,55.85,56.24,2.58,2.91,2.63,1.17
002123,梦网科技,8.32,8.69,8.68,22994600.0,-0.37,-4.26,8.75,8.30,19432,3.19,-25.35,5.18,59.95,67.01,4.40,9.56,7.82,0.82
002124,天邦食品,2.57,2.59,2.58,101278000.0,-0.02,-0.77,2.65,2.54,26255,5.14,-2.66,4.25,50.68,57.10,3.44,2.85,2.33,0.81
002125,湘潭电化,14.81,14.96,14.97,38176600.0,-0.15,-1.00,15.34,14.61,57069,6.06,34.86,4.88,93.23,93.23,2.74,16.46,13.46,1.04
002126,银轮股份,49.92,53.00,53.47,21874500.0,-3.08,-5.81,54.38,49.48,111464,2.75,44.08,9.25,396.47,422.73,5.73,58.30,47.70,0.85
002127,南极电商,2.98,3.04,3.02,36374800.0,-0.06,-1.97,3.04,2.96,10897,1.82,-31.09,2.63,59.44,73.16,1.88,3.34,2.74,0.69
002128,电投能源,30.95,29.72,29.91,21198500.0,1.23,4.14,30.98,29.73,64953,0.95,11.84,4.21,693.77,693.77,1.85,32.69,26.75,1.29
002129,TCL中环,9.75,10.44,10.33,298678200.0,-0.69,-6.61,10.43,9.55,295657,7.39,-4.38,8.43,393.88,394.20,1.97,11.48,9.40,1.38
002130,沃尔核材,21.99,22.17,22.22,51858400.0,-0.18,-0.81,22.85,21.71,115830,4.52,27.37,5.14,252.21,307.84,3.36,24.39,19.95,1.14
002131,利欧股份,5.98,6.06,6.06,300349400.0,-0.08,-1.32,6.18,5.88,180801,5.13,-941.27,4.95,350.12,404.95,3.19,6.67,5.45,0.85
002132,恒星科技,4.85,5.19,5.19,71847800.0,-0.34,-6.55,5.22,4.80,35475,5.13,97.45,8.09,67.86,67.97,1.92,5.71,4.67,1.20
002133,广宇集团,2.88,2.91,2.97,21859600.0,-0.03,-1.03,3.01,2.87,6424,2.84,30.85,4.81,22.17,22.30,0.77,3.20,2.62,1.19
002134,天津普林,29.35,30.45,30.46,12706200.0,-1.10,-3.61,30.91,29.11,37825,5.13,458.80,5.91,72.67,72.72,14.19,33.50,27.41,0.72
002135,东南网架,7.23,7.87,7.93,49774300.0,-0.64,-8.13,7.93,7.16,36710,4.77,465.10,9.78,75.47,80.65,1.30,8.66,7.08,1.51
002136,安 纳 达,13.36,13.83,13.92,6310300.0,-0.47,-3.40,13.92,13.23,8520,2.94,-38.35,4.99,28.65,28.73,2.64,15.21,12.45,1.01
002137,实益达,8.49,8.97,8.94,30321600.0,-0.48,-5.35,8.94,8.42,26174,7.65,113.44,5.80,33.66,49.03,3.25,9.87,8.07,1.14
002138,顺络电子,50.35,49.00,52.41,62418000.0,1.35,2.76,52.88,48.88,314680,8.25,42.04,8.16,380.90,405.98,6.39,53.90,44.10,1.07
002139,拓邦股份,10.37,10.88,10.85,32268100.0,-0.51,-4.69,10.91,10.32,33898,3.01,59.07,5.42,111.07,129.30,1.87,11.97,9.79,1.09
002140,东华科技,10.16,10.25,10.25,5314300.0,-0.09,-0.88,10.28,10.13,5416,0.75,12.97,1.46,71.83,71.93,1.47,11.28,9.23,0.91
002141,贤丰控股,3.31,3.42,3.44,15441100.0,-0.11,-3.22,3.50,3.30,5238,1.49,299.08,5.85,34.19,34.19,4.24,3.76,3.08,1.07
002142,宁波银行,31.03,30.54,30.50,33270200.0,0.49,1.60,31.66,30.34,103905,0.50,6.81,4.32,2047.81,2049.09,0.88,33.59,27.49,1.62
002143,印纪退,0.25,0.25,0.00,0.0,0.00,0.00,0.00,0.00,0,0.00,-0.36,0.00,2.82,4.42,0.41,-1,-1,0.00
002144,宏达高科,12.02,12.25,12.26,3476200.0,-0.23,-1.88,12.36,11.88,4209,2.53,56.29,3.92,16.54,21.25,0.99,13.48,11.03,0.82
002145,钛能化学,4.34,4.54,4.54,65390300.0,-0.20,-4.41,4.57,4.33,28778,1.72,50.58,5.29,165.20,165.21,1.36,4.99,4.09,0.98
002146,荣盛发展,1.30,1.25,1.27,206948800.0,0.05,4.00,1.37,1.26,27296,5.29,-0.62,8.80,50.85,56.53,1.11,1.38,1.13,2.58
002147,新光退,0.37,0.37,0.00,0.0,0.00,0.00,0.00,0.00,0,0.00,1.00,0.00,1.98,6.76,14.72,-1,-1,0.00
002148,北纬科技,6.63,6.88,6.93,11039100.0,-0.25,-3.63,6.98,6.59,7441,2.46,842.37,5.67,29.79,37.05,3.04,7.57,6.19,0.94
002149,西部材料,60.06,66.31,64.08,59401900.0,-6.25,-9.43,65.00,59.68,367576,12.17,364.67,8.02,293.18,293.22,7.87,72.94,59.68,0.84
002150,正泰电源,31.50,33.64,33.85,25943500.0,-2.14,-6.36,33.98,31.00,83186,7.24,40.88,8.86,112.94,113.67,5.34,37.00,30.28,0.75
002151,北斗星通,34.14,36.81,36.82,22400700.0,-2.67,-7.25,36.91,33.92,78221,5.06,-86.62,8.12,151.18,185.35,3.83,40.49,33.13,1.62
002152,广电运通,10.42,10.74,10.85,23857400.0,-0.32,-2.98,10.90,10.36,25238,0.96,30.57,5.03,258.64,258.77,2.12,11.81,9.67,1.07
002153,石基信息,8.23,8.38,8.48,22960900.0,-0.15,-1.79,8.73,8.17,19208,1.44,-137.31,6.68,131.66,224.61,3.37,9.22,7.54,1.04
002154,报 喜 鸟,4.10,4.04,4.08,36286400.0,0.06,1.49,4.17,4.06,14959,3.08,14.66,2.72,48.37,59.83,1.29,4.44,3.64,1.42
002155,湖南黄金,24.28,24.64,25.20,32881500.0,-0.36,-1.46,25.48,24.08,80897,2.10,21.67,5.68,379.38,379.41,4.35,27.10,22.18,0.79
002156,通富微电,66.00,69.30,70.11,193985200.0,-3.30,-4.76,70.90,64.63,1311553,12.78,69.25,9.05,1001.52,1001.61,6.45,76.23,62.37,0.78
002157,正邦科技,3.10,3.20,3.15,228888300.0,-0.10,-3.13,3.17,3.09,71535,2.94,-25.35,2.50,241.41,286.76,2.75,3.52,2.88,1.25
002158,汉钟精机,30.25,32.67,32.61,16329700.0,-2.42,-7.41,32.66,29.92,50272,3.06,34.22,8.39,161.40,161.75,3.63,35.94,29.40,0.66
002159,三特索道,14.93,15.00,14.99,3568900.0,-0.07,-0.47,15.17,14.77,5351,2.58,19.78,2.67,20.67,26.47,1.79,16.50,13.50,0.91
002160,常铝股份,4.47,4.57,4.58,25946700.0,-0.10,-2.19,4.65,4.46,11846,2.52,68.30,4.16,46.07,46.17,1.22,5.03,4.11,0.80
002161,远 望 谷,6.24,6.59,6.50,20085600.0,-0.35,-5.31,6.63,6.22,12836,2.72,3536.15,6.22,46.15,46.16,3.03,7.25,5.93,1.03
002162,悦心健康,3.83,3.90,3.91,11365300.0,-0.07,-1.79,3.94,3.82,4411,1.24,301.37,3.08,35.18,35.22,4.31,4.29,3.51,1.03
002163,海南发展,10.27,10.35,10.40,28942700.0,-0.08,-0.77,10.65,10.23,30167,3.60,-18.80,4.06,82.52,86.78,14.60,11.39,9.32,1.36
002164,宁波东力,12.59,13.30,13.22,16822000.0,-0.71,-5.34,13.46,12.50,21684,3.51,33.20,7.22,60.40,67.00,4.21,14.63,11.97,0.67
002165,红 宝 丽,6.82,7.13,7.18,43627900.0,-0.31,-4.35,7.24,6.78,30207,6.00,-174.87,6.45,49.62,50.15,2.51,7.84,6.42,0.81
002166,莱茵生物,8.29,8.43,8.48,7850100.0,-0.14,-1.66,8.49,8.26,6554,1.06,39.70,2.73,61.23,61.48,1.97,9.27,7.59,0.95
002167,东方锆业,13.40,13.75,13.60,78815100.0,-0.35,-2.55,14.48,13.31,109215,10.39,191.60,8.51,101.67,103.81,5.83,15.13,12.38,1.57
002168,ST惠程,3.76,3.86,3.89,5543500.0,-0.10,-2.59,3.89,3.76,2110,0.71,-44.03,3.37,29.48,29.48,263.03,4.05,3.67,1.09
002169,智光电气,16.43,18.25,18.28,65471000.0,-1.82,-9.97,18.37,16.43,111136,8.63,65.83,10.63,124.65,128.60,4.60,20.08,16.43,1.18
002170,芭田股份,11.49,11.43,11.45,14706600.0,0.06,0.52,11.61,11.35,16872,1.87,10.99,2.27,90.44,111.49,3.19,12.57,10.29,0.87
002171,楚江新材,11.92,12.25,12.50,95193800.0,-0.33,-2.69,12.58,11.86,115918,5.90,49.40,5.88,192.36,193.45,2.17,13.48,11.03,1.51
002172,澳洋健康,3.32,3.37,3.37,14695900.0,-0.05,-1.48,3.40,3.29,4923,1.92,90.70,3.26,25.40,25.42,14.03,3.71,3.03,1.11
002173,创新医疗,19.14,21.27,20.34,28264300.0,-2.13,-10.01,20.50,19.14,55091,6.72,-183.35,6.39,80.55,84.46,4.90,23.40,19.14,1.26
002174,游族网络,11.25,11.76,11.75,29188300.0,-0.51,-4.34,11.88,11.19,33345,2.98,-41.08,5.87,110.17,110.23,2.43,12.94,10.58,0.56
002175,*ST东智,2.65,2.73,2.73,32776800.0,-0.08,-2.93,2.77,2.63,8841,2.57,-94.84,5.13,33.83,33.83,4.37,2.87,2.59,0.70
002176,江特电机,11.77,11.98,12.04,77655200.0,-0.21,-1.75,12.27,11.70,92703,4.56,-39.70,4.76,200.54,200.83,6.79,13.18,10.78,0.85
002177,御银股份,6.83,7.12,7.11,36657100.0,-0.29,-4.07,7.15,6.80,25479,5.43,317.99,4.92,46.10,51.99,3.03,7.83,6.41,0.76
002178,延华智能,5.72,6.13,6.08,35155500.0,-0.41,-6.69,6.10,5.66,20551,4.94,489.77,7.18,40.71,40.74,9.43,6.74,5.52,0.71
002179,中航光电,36.42,38.99,39.00,53107200.0,-2.57,-6.59,39.46,36.15,197680,2.53,40.17,8.49,763.55,771.17,3.28,42.89,35.09,1.16
002180,奔图科技,15.88,16.49,16.50,23296800.0,-0.61,-3.70,16.60,15.66,37322,1.71,-30.59,5.70,216.01,225.79,2.47,18.14,14.84,1.64
002181,粤 传 媒,16.51,16.00,15.70,127194800.0,0.51,3.19,17.00,15.30,206083,11.21,262.51,10.62,187.31,191.69,4.51,17.60,14.40,1.08
002182,宝武镁业,14.29,15.17,15.19,30211700.0,-0.88,-5.80,15.32,14.19,44203,3.49,-340.33,7.45,123.68,141.73,2.68,16.69,13.65,1.03
002183,怡 亚 通,6.15,6.43,6.43,137823700.0,-0.28,-4.35,6.46,6.08,85255,5.31,-49.24,5.91,159.72,159.72,1.76,7.07,5.79,1.00
002184,海得控制,12.10,12.68,12.59,18586900.0,-0.58,-4.57,12.84,12.08,23173,7.73,-58.65,5.99,29.08,42.58,3.35,13.95,11.41,1.00
002185,华天科技,19.34,21.49,21.07,801797700.0,-2.15,-10.00,21.50,19.34,1625792,24.55,77.45,10.05,631.68,631.83,3.53,23.64,19.34,1.19
002186,全 聚 德,9.60,9.56,9.59,3640500.0,0.04,0.42,9.80,9.55,3523,1.19,285.56,2.62,29.45,29.46,3.45,10.52,8.60,1.18
002187,广百股份,5.80,5.56,5.54,35406000.0,0.24,4.32,5.99,5.51,20556,5.05,-43.06,8.63,40.65,40.65,1.02,6.12,5.00,2.87
002188,中天服务,6.09,6.30,6.29,11872700.0,-0.21,-3.33,6.41,6.01,7366,4.61,69.03,6.35,15.67,19.92,5.52,6.93,5.67,0.99
002189,中光学,21.24,22.53,22.48,5708900.0,-1.29,-5.73,22.56,21.16,12327,2.19,-25.23,6.21,55.47,55.48,13.28,24.78,20.28,1.15
002190,成飞集成,27.71,28.17,28.18,4609400.0,-0.46,-1.63,28.70,27.60,12898,1.28,-152.98,3.90,99.40,99.40,2.29,30.99,25.35,0.81
002191,劲嘉股份,3.68,3.63,3.66,21992200.0,0.05,1.38,3.76,3.62,8123,1.53,-14.21,3.86,53.01,53.43,0.86,3.99,3.27,1.41
002192,融捷股份,81.10,81.81,82.30,20493200.0,-0.71,-0.87,84.81,80.30,168241,7.91,39.23,5.51,210.14,210.58,5.43,89.99,73.63,1.00
002193,ST如意,4.75,4.80,4.79,5321900.0,-0.05,-1.04,4.86,4.68,2543,2.03,-3.32,3.75,12.43,12.43,4.62,5.04,4.56,0.50
002194,武汉凡谷,11.32,11.73,11.70,23525600.0,-0.41,-3.50,11.95,11.23,27113,4.60,-372.22,6.14,57.83,77.35,3.12,12.90,10.56,0.71
002195,岩山科技,7.67,7.77,7.89,145048500.0,-0.10,-1.29,7.98,7.50,111409,2.58,531.95,6.18,431.04,434.93,4.39,8.55,6.99,0.94
002196,方正电机,13.53,14.46,14.46,46041500.0,-0.93,-6.43,14.60,13.45,63796,9.43,140.73,7.95,66.08,67.09,4.71,15.91,13.01,0.58
002197,证通电子,6.53,6.86,6.90,22103300.0,-0.33,-4.81,6.95,6.50,14762,4.14,-10.84,6.56,34.87,40.12,2.28,7.55,6.17,1.21
002198,ST嘉应,3.85,3.78,3.77,14598100.0,0.07,1.85,3.95,3.77,5665,2.88,70.97,4.76,19.54,19.54,2.68,3.97,3.59,0.90
002199,*ST东晶,15.10,15.68,15.66,8803300.0,-0.58,-3.70,15.96,14.90,13437,3.81,-99.10,6.76,34.87,36.76,20.30,16.46,14.90,1.04
002200,*ST交投,7.24,7.27,7.26,1332000.0,-0.03,-0.41,7.32,7.18,962,0.68,-346.82,1.93,14.17,32.66,2.51,7.63,6.91,0.68
002201,九鼎新材,11.06,11.79,11.84,34980900.0,-0.73,-6.19,11.84,10.98,39436,5.81,80.27,7.29,66.58,72.07,6.08,12.97,10.61,0.97
002202,金风科技,23.42,24.30,24.15,138742200.0,-0.88,-3.62,24.26,23.32,327603,4.12,31.77,3.87,787.73,989.21,2.49,26.73,21.87,1.00
002203,海亮股份,20.51,20.97,21.10,79089400.0,-0.46,-2.19,21.55,20.15,164817,3.58,45.45,6.68,453.71,470.04,2.76,23.07,18.87,1.53
002204,大连重工,6.11,6.08,6.09,28294900.0,0.03,0.49,6.19,6.00,17242,1.47,19.28,3.13,118.01,118.01,1.47,6.69,5.47,1.40
002205,国统股份,12.99,12.90,12.98,4669200.0,0.09,0.70,13.98,12.82,6213,2.51,-25.97,8.99,24.14,24.14,9.41,14.19,11.61,1.47
002206,海 利 得,5.15,5.32,5.32,16126700.0,-0.17,-3.20,5.34,5.14,8437,1.53,12.02,3.76,54.43,59.85,1.54,5.85,4.79,1.39
002207,*ST准油,8.85,8.43,8.42,27494000.0,0.42,4.98,8.85,8.31,24010,10.54,-57.33,6.41,23.08,23.19,198.04,8.85,8.01,1.03
002208,合肥城建,17.06,17.80,17.41,76641500.0,-0.74,-4.16,17.98,16.93,133219,9.54,-24.71,5.90,137.00,137.04,2.31,19.58,16.02,0.63
002209,达 意 隆,11.99,12.41,12.39,4378900.0,-0.42,-3.38,12.44,11.88,5297,2.80,21.62,4.51,18.74,23.86,2.78,13.65,11.17,0.80
002210,飞马国际,2.90,2.85,3.05,328705900.0,0.05,1.75,3.06,2.74,94367,12.38,277.74,11.23,77.00,77.18,8.23,3.14,2.57,4.84
002211,ST宏达,3.80,3.78,3.80,8659000.0,0.02,0.53,3.88,3.74,3304,2.00,-171.50,3.70,16.43,16.43,34.04,3.97,3.59,0.73
002212,天融信,6.62,6.77,6.85,22625000.0,-0.15,-2.22,6.88,6.60,15184,1.94,186.49,4.14,77.25,78.08,0.82,7.45,6.09,0.82
002213,大为股份,34.13,36.11,36.13,15821900.0,-1.98,-5.48,36.50,33.77,55014,7.66,4279.45,7.56,70.52,81.05,14.69,39.72,32.50,0.87
002214,*ST大立,14.87,15.65,14.87,18772600.0,-0.78,-4.98,15.63,14.87,28047,3.92,-39.21,4.86,71.14,89.02,7.08,16.43,14.87,5.06
002215,诺 普 信,9.09,9.03,9.05,18818700.0,0.06,0.66,9.29,9.00,17199,2.34,11.77,3.21,72.99,91.32,1.87,9.93,8.13,1.39
002216,三全食品,13.82,13.21,13.19,11918600.0,0.61,4.62,13.98,13.08,16306,1.89,20.07,6.81,87.14,121.50,2.49,14.53,11.89,1.94
002217,合力泰,2.59,2.72,2.65,435963100.0,-0.13,-4.78,2.72,2.58,114684,5.99,995.14,5.15,188.53,193.72,10.35,2.99,2.45,0.97
002218,拓日新能,4.56,4.63,4.59,54722200.0,-0.07,-1.51,4.67,4.48,24953,3.94,-32.35,4.10,63.28,64.22,1.63,5.09,4.17,0.93
002219,新里程,2.17,2.14,2.15,61442800.0,0.03,1.40,2.18,2.14,13265,1.88,290.83,1.87,71.00,74.91,3.63,2.35,1.93,1.26
002220,天宝退,0.26,0.26,0.00,0.0,0.00,0.00,0.00,0.00,0,0.00,-0.11,0.00,1.72,1.99,0.48,-1,-1,0.00
002221,东华能源,6.34,6.49,6.47,19972600.0,-0.15,-2.31,6.49,6.30,12737,1.37,-12.30,2.93,92.62,99.93,1.00,7.14,5.84,0.82
002222,福晶科技,100.56,107.84,110.00,41993300.0,-7.28,-6.75,110.65,99.80,434665,8.97,160.90,10.06,470.77,472.88,25.87,118.62,97.06,0.93
002223,鱼跃医疗,26.43,26.70,26.66,15341000.0,-0.27,-1.01,27.28,26.43,41067,1.63,20.61,3.18,249.05,264.95,2.03,29.37,24.03,1.18
002224,三 力 士,3.72,3.80,3.78,9091500.0,-0.08,-2.11,3.81,3.71,3412,1.13,-230.61,2.63,30.00,33.56,1.04,4.18,3.42,0.75
002225,濮耐股份,3.75,3.85,3.89,31925400.0,-0.10,-2.60,3.90,3.74,12200,3.37,85.87,4.16,35.57,43.47,1.07,4.24,3.47,1.00
002226,江南化工,5.09,5.20,5.20,37189300.0,-0.11,-2.12,5.21,5.06,18974,1.40,18.33,2.88,134.83,134.83,1.39,5.72,4.68,0.69
002227,*ST特迅,8.41,8.46,8.45,4979200.0,-0.05,-0.59,8.71,8.24,4225,2.02,-31.99,5.56,20.68,20.84,2.26,8.88,8.04,1.33
002228,合兴包装,3.38,3.43,3.43,16742000.0,-0.05,-1.46,3.46,3.37,5728,1.38,43.44,2.62,40.88,41.01,1.36,3.77,3.09,0.93
002229,鸿博股份,13.01,13.69,13.75,35870700.0,-0.68,-4.97,13.80,12.99,47593,7.27,-24.63,5.92,64.16,64.55,6.03,15.06,12.32,0.80
002230,科大讯飞,47.90,49.13,49.66,72645100.0,-1.23,-2.50,50.45,47.81,357033,3.32,133.34,5.37,1048.67,1150.60,5.04,54.04,44.22,1.01
002231,*ST奥维,0.60,0.60,0.00,0.0,0.00,0.00,0.00,0.00,0,0.00,-1.10,0.00,1.85,2.08,2.54,-1,-1,0.00
002232,启明信息,15.47,16.28,16.25,6717100.0,-0.81,-4.98,16.55,15.44,10588,1.64,132.60,6.82,63.20,63.20,4.47,17.91,14.65,1.15
002233,塔牌集团,8.36,7.93,7.95,18280700.0,0.43,5.42,8.50,7.94,15223,1.56,15.93,7.06,98.09,98.16,0.84,8.72,7.14,3.61
002234,民和股份,7.36,7.44,7.45,6426400.0,-0.08,-1.08,7.48,7.33,4761,2.13,-9.69,2.02,22.18,25.68,1.51,8.18,6.70,1.14
002235,安妮股份,10.00,10.36,10.39,30272200.0,-0.36,-3.47,10.54,9.94,30911,5.47,-299.34,5.79,55.36,57.96,7.95,11.40,9.32,0.83
002236,大华股份,16.69,17.31,17.38,47362800.0,-0.62,-3.58,17.49,16.65,80044,1.98,13.98,4.85,399.08,545.64,1.48,19.04,15.58,1.14
002237,恒邦股份,13.46,13.63,13.85,21026900.0,-0.17,-1.25,14.30,13.37,28671,1.76,29.13,6.82,160.49,192.47,1.43,14.99,12.27,0.86
002238,天威视讯,6.53,6.69,6.67,7166400.0,-0.16,-2.39,6.76,6.50,4739,0.89,-26.30,3.89,52.41,52.41,2.69,7.36,6.02,0.73
002239,奥特佳,2.65,2.68,2.68,60930900.0,-0.03,-1.12,2.72,2.63,16266,2.27,49.10,3.36,71.08,93.15,1.49,2.95,2.41,0.92
002240,盛新锂能,45.45,47.16,47.48,46415900.0,-1.71,-3.63,47.98,45.20,214233,5.08,-154.47,5.89,414.92,416.00,3.88,51.88,42.44,1.03
002241,歌尔股份,26.83,28.20,28.00,231778300.0,-1.37,-4.86,28.39,26.58,631099,7.37,23.97,6.42,843.32,952.57,2.60,31.02,25.38,1.07
002242,九阳股份,9.08,9.00,8.96,12483200.0,0.08,0.89,9.22,8.92,11309,1.64,69.98,3.33,69.16,69.28,2.06,9.90,8.10,1.07
002243,力合科创,9.06,9.35,9.39,52354500.0,-0.29,-3.10,9.58,9.05,48784,4.35,62.30,5.67,109.10,109.68,1.52,10.29,8.42,2.19
002244,滨江集团,10.38,10.11,10.18,44261500.0,0.27,2.67,10.71,10.16,46497,1.61,16.55,5.44,286.23,322.97,1.07,11.12,9.10,1.31
002245,蔚蓝锂芯,20.68,21.52,21.52,161574100.0,-0.84,-3.90,22.22,20.51,339926,10.06,46.18,7.95,332.24,353.14,4.57,23.67,19.37,0.78
002246,北化股份,21.68,21.64,21.35,19216100.0,0.04,0.18,22.30,21.08,41538,3.50,38.92,5.64,119.03,119.03,3.80,23.80,19.48,0.70
002247,聚力文化,2.53,2.63,2.65,28645200.0,-0.10,-3.80,2.68,2.50,7384,4.45,48.25,6.84,16.28,21.53,3.20,2.89,2.37,1.11
002248,华东数控,10.18,10.82,10.81,13375000.0,-0.64,-5.91,10.82,10.10,13856,4.35,92.30,6.65,31.30,31.30,27.29,11.90,9.74,0.89
002249,大洋电机,8.58,8.95,8.95,53707100.0,-0.37,-4.13,8.95,8.53,46788,2.88,19.28,4.69,159.75,211.56,2.19,9.85,8.06,0.77
002250,联化科技,14.25,14.52,14.52,13158100.0,-0.27,-1.86,14.77,14.22,19000,1.47,30.96,3.79,127.53,128.23,1.88,15.97,13.07,0.85
002251,步步高,4.88,4.44,4.45,336428600.0,0.44,9.91,4.88,4.32,157747,15.63,119.04,12.61,105.04,131.21,1.54,4.88,4.00,1.79
002252,上海莱士,5.31,5.18,5.19,45816000.0,0.13,2.51,5.33,5.18,24200,0.69,26.57,2.90,352.25,352.48,1.08,5.70,4.66,1.51
002253,*ST智胜,11.82,12.29,12.15,6868700.0,-0.47,-3.82,12.25,11.75,8225,3.27,-10.73,4.07,24.82,26.67,3.14,12.90,11.68,0.98
002254,泰和新材,13.49,14.52,14.64,50023300.0,-1.03,-7.09,14.64,13.35,68760,5.88,247.12,8.88,114.75,115.62,1.64,15.97,13.07,0.86
002255,海陆重工,9.75,10.22,10.20,26089800.0,-0.47,-4.60,10.24,9.71,25939,4.09,18.14,5.19,62.20,81.01,1.77,11.24,9.20,1.26
002256,兆新股份,4.45,4.42,4.43,105384400.0,0.03,0.68,4.58,4.36,47387,5.23,178.28,4.98,89.64,90.81,7.52,4.86,3.98,1.23
002257,立立电子,21.81,21.81,0.00,0.0,0.00,0.00,0.00,0.00,0,0,18.89,0.00,0,16.81,4.68,-1,-1,0.00
002258,利尔化学,12.43,12.68,12.72,14081800.0,-0.25,-1.97,12.85,12.30,17634,1.76,22.57,4.34,99.33,99.49,1.24,13.95,11.41,0.67
002259,升达林业,4.77,5.04,5.06,20905600.0,-0.27,-5.36,5.08,4.71,10140,2.78,18.18,7.34,35.89,35.89,7.83,5.54,4.54,1.08
002260,德奥退,0.53,0.53,0.00,0.0,0.00,0.00,0.00,0.00,0,0.00,-0.70,0.00,2.36,2.95,2.12,-1,-1,0.00
002261,拓维信息,29.68,30.86,30.95,49509400.0,-1.18,-3.82,31.27,29.55,149523,4.32,624.84,5.57,340.16,373.96,14.36,33.95,27.77,0.78
002262,恩华药业,20.29,20.12,20.15,9574700.0,0.17,0.84,20.58,20.01,19475,1.08,19.19,2.83,179.35,206.10,2.59,22.13,18.11,1.13
002263,大东南,3.90,3.93,4.03,267282600.0,-0.03,-0.76,4.07,3.85,105824,14.23,404.19,5.60,73.26,73.26,2.64,4.32,3.54,3.33
002264,新 华 都,6.82,6.74,6.74,20550000.0,0.08,1.19,6.98,6.72,14095,3.14,30.66,3.86,44.66,49.09,2.36,7.41,6.07,1.55
002265,建设工业,20.45,20.96,20.92,7399700.0,-0.51,-2.43,21.45,20.35,15385,0.72,90.75,5.25,211.26,211.26,5.42,23.06,18.86,0.88
002266,浙富控股,5.15,5.30,5.31,84638700.0,-0.15,-2.83,5.34,5.12,44130,1.75,18.55,4.15,249.39,268.79,2.13,5.83,4.77,1.04
002267,陕天然气,7.43,7.27,7.30,6026000.0,0.16,2.20,7.43,7.27,4447,0.54,16.65,2.20,82.63,82.63,1.18,8.00,6.54,1.07
002268,电科网安,14.15,14.53,14.55,10664100.0,-0.38,-2.62,14.68,14.05,15208,1.26,327.73,4.34,119.60,119.66,2.18,15.98,13.08,1.03
002269,美邦服饰,1.54,1.53,1.52,56450700.0,0.01,0.65,1.57,1.52,8757,2.41,-15.22,3.27,36.09,38.69,18.08,1.68,1.38,1.14
002270,华明装备,22.27,23.05,23.00,16771200.0,-0.78,-3.38,23.05,22.16,37819,1.87,28.45,3.86,199.59,199.59,6.80,25.36,20.75,0.94
002271,东方雨虹,13.63,13.42,13.68,52387300.0,0.21,1.56,14.08,13.54,72374,2.74,100.88,4.02,260.95,325.58,1.59,14.76,12.08,1.36
002272,川润股份,20.83,21.75,22.10,57815900.0,-0.92,-4.23,22.68,20.63,123465,14.17,-363.22,9.43,85.01,101.00,6.92,23.93,19.58,0.63
002273,水晶光电,39.36,43.73,43.75,105985300.0,-4.37,-9.99,43.79,39.36,431461,7.78,45.68,10.13,536.11,547.35,5.37,48.10,39.36,1.01
002274,华昌化工,5.56,5.71,5.68,13060200.0,-0.15,-2.63,5.73,5.53,7325,1.39,-28.71,3.50,52.14,52.95,1.02,6.28,5.14,0.78
002275,桂林三金,13.56,13.24,13.25,2700800.0,0.32,2.42,13.59,13.21,3628,0.48,17.60,2.87,75.54,79.67,2.40,14.56,11.92,1.53
002276,万马股份,11.86,12.25,12.25,20335800.0,-0.39,-3.18,12.32,11.80,24384,2.02,36.50,4.24,119.44,119.91,1.96,13.48,11.03,0.95
002277,友阿股份,6.88,7.23,7.13,57162500.0,-0.35,-4.84,7.34,6.88,40632,4.10,-29.17,6.36,95.92,95.92,1.50,7.95,6.51,0.95
002278,神开股份,8.88,9.17,9.18,10577000.0,-0.29,-3.16,9.24,8.82,9475,3.18,97.82,4.58,29.55,34.51,2.45,10.09,8.25,0.93
002279,久其软件,6.65,6.81,6.90,22104900.0,-0.16,-2.35,7.01,6.61,14995,2.78,76.46,5.87,52.90,57.34,4.11,7.49,6.13,1.02
002280,ST联络,0.37,0.37,0.00,0.0,0.00,0.00,0.00,0.00,0,0.00,-1.55,0.00,7.42,8.06,5.11,-1,-1,0.00
002281,光迅科技,203.95,214.90,213.82,57801400.0,-10.95,-5.10,219.19,202.45,1213447,7.42,158.80,7.79,1589.79,1645.22,15.91,236.39,193.41,0.87
002282,博深股份,6.19,6.30,6.31,4866400.0,-0.11,-1.75,6.39,6.19,3055,0.96,24.66,3.17,31.26,32.61,0.92,6.93,5.67,0.98
002283,天润工业,11.19,11.92,11.93,47277100.0,-0.73,-6.12,12.01,11.05,53857,4.71,30.74,8.05,112.22,127.51,2.13,13.11,10.73,1.27
002284,亚太股份,11.57,12.12,12.12,17001100.0,-0.55,-4.54,12.24,11.49,19947,2.32,16.07,6.19,84.71,85.51,2.44,13.33,10.91,0.86
002285,世联行,2.62,2.68,2.70,60558800.0,-0.06,-2.24,2.82,2.61,16422,3.07,-8.12,7.84,51.75,52.21,2.38,2.95,2.41,1.41
002286,保龄宝,9.16,9.31,9.25,9517800.0,-0.15,-1.61,9.35,9.08,8748,2.57,22.58,2.90,33.86,34.86,1.51,10.24,8.38,0.90
002287,奇正藏药,21.05,20.63,20.62,2587100.0,0.42,2.04,21.23,20.60,5438,0.45,18.03,3.05,120.18,120.43,2.39,22.69,18.57,1.60
002288,*ST超华,0.37,0.37,0.00,0.0,0.00,0.00,0.00,0.00,0,0.00,-0.64,0.00,2.98,3.45,0.45,-1,-1,0.00
002289,*ST宇顺,42.95,40.90,41.99,3708800.0,2.05,5.01,42.95,40.90,15607,1.35,359.07,5.01,117.87,120.37,45.37,42.95,38.86,1.01
002290,禾盛新材,90.67,96.11,100.90,14309300.0,-5.44,-5.66,101.80,89.50,135956,5.79,144.65,12.80,224.13,224.96,22.25,105.72,86.50,1.09
002291,遥望科技,5.81,5.90,5.87,30574900.0,-0.09,-1.53,6.01,5.80,18077,3.52,-16.46,3.56,50.50,54.33,1.83,6.49,5.31,0.93
002292,奥飞娱乐,7.59,7.52,7.51,32818300.0,0.07,0.93,7.69,7.50,24937,3.22,144.83,2.53,77.26,112.23,3.77,8.27,6.77,1.18
002293,罗莱生活,9.94,9.77,9.76,7487800.0,0.17,1.74,10.05,9.75,7430,0.91,14.95,3.07,82.20,82.88,2.08,10.75,8.79,1.14
002294,信立泰,33.42,32.54,32.55,25553300.0,0.88,2.70,34.15,32.50,85236,2.29,55.08,5.07,372.49,372.57,4.37,35.79,29.29,1.27
002295,精艺股份,10.07,10.43,10.44,3967600.0,-0.36,-3.45,10.53,9.98,4046,1.58,-47.99,5.27,25.22,25.24,1.94,11.47,9.39,0.84
002296,辉煌科技,10.01,10.24,10.24,9298400.0,-0.23,-2.25,10.26,9.93,9342,2.68,22.11,3.22,34.77,39.00,1.55,11.26,9.22,0.88
002297,博云新材,20.61,22.90,21.68,138942600.0,-2.29,-10.00,22.00,20.61,293914,24.24,61.14,6.07,118.12,118.12,5.23,25.19,20.61,1.24
002298,中电鑫龙,9.32,9.92,9.91,40661000.0,-0.60,-6.05,9.97,9.30,38828,6.15,-16.33,6.75,61.58,68.98,3.70,10.91,8.93,1.01
002299,圣农发展,16.99,16.82,16.84,9063900.0,0.17,1.01,17.22,16.80,15424,0.74,14.22,2.50,207.10,211.20,1.88,18.50,15.14,0.96
002300,太阳电缆,8.55,8.80,8.79,26030900.0,-0.25,-2.84,8.85,8.45,22405,3.60,78.87,4.55,61.76,61.76,3.24,9.68,7.92,0.89
002301,齐心集团,7.93,8.05,8.04,12904600.0,-0.12,-1.49,8.10,7.84,10246,1.80,76.77,3.23,56.94,57.20,1.83,8.86,7.25,0.67
002302,西部建设,5.18,5.11,5.12,8653400.0,0.07,1.37,5.23,5.12,4488,0.69,-9.32,2.15,65.39,65.39,0.84,5.62,4.60,1.29
002303,美盈森,3.29,3.33,3.33,13323400.0,-0.04,-1.20,3.35,3.27,4415,1.38,20.82,2.40,31.81,50.38,1.12,3.66,3.00,0.81
002304,洋河股份,45.39,43.86,43.66,13333600.0,1.53,3.49,45.87,43.62,60255,0.89,67.33,5.13,683.76,683.78,1.39,48.25,39.47,1.64
002305,*ST南置,2.38,2.37,2.38,23793000.0,0.01,0.42,2.43,2.36,5705,1.37,-3.11,2.95,41.27,41.27,16.49,2.49,2.25,0.84
002306,*ST云网,2.09,2.12,2.14,9922100.0,-0.03,-1.42,2.14,2.07,2080,1.22,-32.32,3.30,17.01,18.18,26.21,2.23,2.01,0.94
002307,北新路桥,3.90,3.89,3.90,10850400.0,0.01,0.26,3.98,3.88,4263,0.86,-67.94,2.57,49.46,64.30,1.49,4.28,3.50,0.83
002308,*ST威创,0.37,0.37,0.00,0.0,0.00,0.00,0.00,0.00,0,0.00,-16.00,0.00,3.33,3.35,0.17,-1,-1,0.00
002309,中利集团,3.54,3.63,3.61,178789700.0,-0.09,-2.48,3.62,3.49,63453,7.43,298.59,3.58,85.18,106.47,5.68,3.99,3.27,1.03
002310,东方新能,2.92,2.85,2.83,185237800.0,0.07,2.46,3.04,2.81,54293,4.21,-206.52,8.07,128.45,175.18,7.31,3.14,2.57,1.53
002311,海大集团,46.83,46.12,46.07,16148000.0,0.71,1.54,47.87,45.72,76185,0.98,19.83,4.66,769.96,770.53,3.15,50.73,41.51,1.61
002312,川发龙蟒,9.05,9.14,9.15,21724400.0,-0.09,-0.98,9.19,9.00,19766,1.15,42.56,2.08,170.49,170.84,1.76,10.05,8.23,0.92
002313,日海智能,8.93,9.39,9.35,11405600.0,-0.46,-4.90,9.55,8.87,10433,3.05,-17.78,7.24,33.43,33.43,43.60,10.33,8.45,1.22
002314,南山控股,2.29,2.25,2.25,36966000.0,0.04,1.78,2.39,2.25,8586,2.76,-2.63,6.22,30.65,62.01,0.92,2.48,2.03,2.40
002315,焦点科技,26.95,26.70,26.86,6567100.0,0.25,0.94,27.39,26.78,17818,2.50,22.70,2.28,70.86,111.14,4.19,29.37,24.03,0.69
002316,亚联发展,4.98,5.20,5.24,18667900.0,-0.22,-4.23,5.30,4.93,9517,5.48,468.42,7.12,16.97,19.58,25.00,5.72,4.68,0.80
002317,众生药业,23.54,22.60,22.80,52209200.0,0.94,4.16,23.96,22.50,121974,6.86,68.29,6.46,179.28,200.07,5.01,24.86,20.34,1.27
002318,久立特材,23.52,23.85,23.86,11446600.0,-0.33,-1.38,24.25,23.30,27130,1.20,15.17,3.98,224.54,229.83,2.82,26.24,21.47,1.07
002319,乐通股份,11.18,11.70,11.65,7487900.0,-0.52,-4.44,11.90,11.10,8559,3.57,-607.85,6.84,23.42,23.42,13.10,12.87,10.53,0.78
002320,海峡股份,7.62,7.57,7.57,21084500.0,0.05,0.66,7.74,7.54,16113,0.94,93.92,2.64,170.37,170.37,4.23,8.33,6.81,1.17
002321,华英农业,1.90,1.90,1.90,23431700.0,0.00,0.00,1.93,1.89,4476,1.10,-64.25,2.11,40.35,40.52,4.40,2.09,1.71,1.25
002322,理工能科,11.25,11.30,11.30,3914800.0,-0.05,-0.44,11.41,11.20,4422,1.11,20.02,1.86,39.53,41.12,1.45,12.43,10.17,1.05
002323,*ST雅博,1.47,1.40,1.47,140379300.0,0.07,5.00,1.47,1.41,20539,6.62,-18.32,4.29,31.17,31.18,16.27,1.47,1.33,1.12
002324,普利特,12.30,12.99,13.00,21016200.0,-0.69,-5.31,13.06,12.26,26304,2.71,44.71,6.16,95.48,136.82,2.92,14.29,11.69,1.20
002325,*ST洪涛,0.38,0.38,0.00,0.0,0.00,0.00,0.00,0.00,0,0.00,-1.45,0.00,5.44,6.67,0.44,-1,-1,0.00
002326,永太科技,20.70,21.32,21.32,27680700.0,-0.62,-2.91,21.64,20.59,58059,3.43,399.08,4.92,167.29,191.50,6.89,23.45,19.19,0.59
002327,富安娜,6.83,6.73,6.73,5685700.0,0.10,1.49,6.94,6.71,3874,1.16,16.60,3.42,33.53,57.25,1.52,7.40,6.06,0.82
002328,新朋股份,9.54,9.67,9.79,47656700.0,-0.13,-1.34,10.08,9.50,46616,8.35,35.89,6.00,54.45,73.63,2.21,10.64,8.70,1.00
002329,皇氏集团,4.33,4.27,4.30,35757600.0,0.06,1.41,4.51,4.25,15590,5.49,-8.01,6.09,28.21,36.04,7.23,4.70,3.84,1.17
002330,得利斯,4.09,4.09,4.09,13885700.0,0.00,0.00,4.14,4.06,5701,2.19,654.73,1.96,25.98,25.98,1.13,4.50,3.68,1.14
002331,皖通科技,8.44,8.93,9.01,16699100.0,-0.49,-5.49,9.14,8.36,14584,4.14,-10.66,8.73,34.05,36.16,2.51,9.82,8.04,1.07
002332,仙琚制药,8.41,8.25,8.27,8333600.0,0.16,1.94,8.43,8.23,6957,0.85,20.82,2.42,82.80,83.19,1.41,9.08,7.43,1.18
002333,罗普斯金,5.04,5.09,5.10,6144200.0,-0.05,-0.98,5.14,5.02,3116,0.92,68.24,2.36,33.59,34.02,1.76,5.60,4.58,1.02
002334,英威腾,8.51,9.10,9.07,57869400.0,-0.59,-6.48,9.19,8.43,50689,7.87,48.89,8.35,62.55,70.02,2.33,10.01,8.19,1.11
002335,科华数据,39.06,41.38,41.50,28775400.0,-2.32,-5.61,41.85,38.69,114932,4.36,68.36,7.64,257.69,291.92,4.69,45.52,37.24,1.25
002336,人乐退,0.36,0.36,0.00,0.0,0.00,0.00,0.00,0.00,0,0.00,4.55,0.00,1.58,1.58,-0.33,-1,-1,0.00
002337,赛象科技,5.23,5.38,5.38,8809800.0,-0.15,-2.79,5.42,5.22,4672,1.50,61.29,3.72,30.75,30.78,2.31,5.92,4.84,0.91
002338,奥普光电,55.75,60.27,60.21,6873400.0,-4.52,-7.50,60.88,55.46,39225,2.86,136.80,8.99,133.80,133.80,9.37,66.30,54.24,0.94
002339,积成电子,8.68,9.01,9.00,14296800.0,-0.33,-3.66,9.01,8.60,12536,2.99,537.25,4.55,41.55,43.76,2.51,9.91,8.11,1.00
002340,格林美,7.80,8.01,8.03,170692900.0,-0.21,-2.62,8.13,7.73,134412,3.36,25.01,4.99,395.93,397.98,1.82,8.81,7.21,1.23
002341,ST新纶,0.61,0.61,0.00,0.0,0.00,0.00,0.00,0.00,0,0.00,-0.25,0.00,7.02,7.03,5.21,-1,-1,0.00
002342,巨力索具,11.30,12.01,12.17,94858800.0,-0.71,-5.91,12.21,11.24,109818,9.94,715.48,8.08,107.88,108.48,4.44,13.21,10.81,0.56
002343,慈文传媒,5.29,5.37,5.37,11601000.0,-0.08,-1.49,5.47,5.27,6238,2.45,-75.39,3.72,25.06,25.06,2.62,5.91,4.83,0.79
002344,海宁皮城,3.95,3.91,3.93,11490500.0,0.04,1.02,4.02,3.91,4562,0.90,105.28,2.81,50.61,50.66,0.60,4.30,3.52,1.05
002345,潮宏基,9.21,8.93,8.97,18496500.0,0.28,3.14,9.28,8.95,16946,2.13,14.31,3.70,79.87,81.83,2.20,9.82,8.04,1.48
002346,柘中股份,20.85,22.00,21.85,7186200.0,-1.15,-5.23,22.00,20.60,15188,1.83,33.01,6.36,81.76,92.07,3.18,24.20,19.80,0.77
002347,泰尔股份,6.98,7.35,7.36,17062100.0,-0.37,-5.03,7.38,6.92,12065,3.46,-37.74,6.26,34.44,35.23,3.19,8.09,6.62,0.90
002348,高乐股份,15.37,14.63,15.00,64436900.0,0.74,5.06,16.09,14.93,101088,7.13,-343.40,7.93,138.87,145.58,36.59,16.09,13.17,2.11
002349,精华制药,7.05,6.94,6.95,10482700.0,0.11,1.59,7.15,6.92,7382,1.29,26.28,3.31,57.40,58.59,2.13,7.63,6.25,1.15
002350,北京科锐,16.97,17.18,17.18,50919100.0,-0.21,-1.22,18.38,16.54,88720,9.60,458.54,10.71,90.03,92.03,5.14,18.90,15.46,2.87
002351,漫步者,11.15,11.32,11.26,17035400.0,-0.17,-1.50,11.39,11.00,19003,3.27,23.00,3.45,58.10,99.14,3.42,12.45,10.19,1.14
002352,顺丰控股,34.95,35.24,35.18,19671900.0,-0.29,-0.82,35.52,34.74,69036,0.41,15.44,2.21,1667.12,1761.28,1.79,38.76,31.72,0.97
002353,杰瑞股份,140.40,148.08,147.80,19174100.0,-7.68,-5.19,147.98,139.23,273676,2.77,51.28,5.91,970.22,1437.49,6.12,162.89,133.27,1.00
002354,天娱数科,7.15,7.13,7.18,239145100.0,0.02,0.28,7.38,6.97,172113,14.71,-495.99,5.75,116.24,118.30,8.60,7.84,6.42,1.19
002355,兴民智通,5.49,5.83,5.87,30166500.0,-0.34,-5.83,5.88,5.46,16916,4.88,-5.85,7.20,33.94,36.70,4.48,6.41,5.25,1.20
002356,赫美集团,2.98,2.99,2.99,28785600.0,-0.01,-0.33,3.03,2.95,8620,2.20,107.00,2.68,39.08,39.08,6.52,3.29,2.69,1.14
002357,富临运业,10.26,10.55,10.53,7832200.0,-0.29,-2.75,10.63,10.19,8131,2.50,18.84,4.17,32.16,32.16,1.82,11.61,9.50,0.72
002358,森源电气,6.40,6.60,6.60,25024700.0,-0.20,-3.03,6.60,6.37,16174,2.69,60.41,3.48,59.50,59.50,1.77,7.26,5.94,1.18
002359,北讯退,0.35,0.35,0.00,0.0,0.00,0.00,0.00,0.00,0,0.00,-0.27,0.00,2.91,3.81,0.42,-1,-1,0.00
002360,ST同德,6.06,6.04,6.08,8616500.0,0.02,0.33,6.15,5.97,5225,2.65,-2.18,2.98,19.73,24.35,2.65,6.34,5.74,0.88
002361,神剑股份,15.23,16.25,16.33,99336000.0,-1.02,-6.28,16.36,15.11,154671,12.28,-3774.72,7.69,123.21,144.84,6.61,17.88,14.63,0.87
002362,汉王科技,16.54,17.16,17.30,5199700.0,-0.62,-3.61,17.80,16.53,8784,2.50,-18.02,7.40,34.34,40.43,4.46,18.88,15.44,1.12
002363,隆基机械,7.08,7.33,7.35,6517300.0,-0.25,-3.41,7.37,7.04,4664,1.57,44.92,4.50,29.44,29.52,1.35,8.06,6.60,0.89
002364,中恒电气,56.05,59.15,58.50,56702800.0,-3.10,-5.24,59.97,55.40,324153,10.16,241.09,7.73,312.82,315.88,12.63,65.07,53.24,0.91
002365,永安药业,11.76,11.77,11.83,7510300.0,-0.01,-0.08,11.90,11.59,8795,3.06,100.17,2.63,28.85,34.65,1.74,12.95,10.59,0.96
002366,融发核电,6.90,7.04,6.98,61840300.0,-0.14,-1.99,7.20,6.84,43129,3.34,-193.62,5.11,127.67,143.58,3.09,7.74,6.34,1.29
002367,康力电梯,5.68,5.58,5.85,11056600.0,0.10,1.79,5.89,5.64,6324,1.39,15.21,4.48,45.13,45.31,1.28,6.14,5.02,1.32
002368,太极股份,15.37,15.98,16.09,11571900.0,-0.61,-3.82,16.20,15.31,18050,1.87,-10.82,5.57,95.33,95.79,2.41,17.58,14.38,1.05
002369,卓翼科技,6.38,6.74,6.74,21406800.0,-0.36,-5.34,6.79,6.32,13865,3.78,-14.65,6.97,36.12,36.17,19.34,7.41,6.07,1.25
002370,亚太药业,5.98,5.90,5.88,32170200.0,0.08,1.36,6.17,5.88,19398,4.31,43.92,4.92,44.59,44.59,3.99,6.49,5.31,1.40
002371,北方华创,629.87,659.00,656.12,14746100.0,-29.13,-4.42,659.00,623.78,939585,2.04,81.88,5.34,4561.85,4565.50,11.62,724.90,593.10,0.92
002372,伟星新材,10.03,9.31,9.51,19857800.0,0.72,7.73,10.20,9.50,19704,1.35,21.39,7.52,147.53,159.68,3.59,10.24,8.38,3.02
002373,千方科技,8.01,8.30,8.33,26590400.0,-0.29,-3.49,8.39,7.98,21554,1.93,247.24,4.94,110.34,126.57,1.10,9.13,7.47,1.22
002374,中锐股份,3.33,3.47,3.49,44374900.0,-0.14,-4.03,3.50,3.32,15037,4.09,-11.15,5.19,36.14,36.14,6.75,3.82,3.12,0.66
002375,亚厦股份,4.13,4.09,4.40,38771800.0,0.04,0.98,4.50,4.11,16501,2.91,16.83,9.54,54.97,55.34,0.66,4.50,3.68,1.26
002376,新北洋,6.54,6.68,6.67,14919200.0,-0.14,-2.10,6.72,6.54,9891,1.90,66.44,2.69,51.48,53.01,1.45,7.35,6.01,1.04
002377,国创高新,2.87,2.96,2.95,29210900.0,-0.09,-3.04,2.99,2.84,8484,3.35,116.27,5.07,25.04,26.30,6.62,3.26,2.66,1.18
002378,章源钨业,28.93,28.56,28.81,65845600.0,0.37,1.30,30.23,27.87,191790,5.51,55.24,8.26,345.75,347.57,12.78,31.42,25.70,1.58
002379,宏桥控股,21.26,21.05,21.32,32414200.0,0.21,1.00,21.98,21.00,69401,2.85,14.06,4.66,241.59,2770.42,5.65,23.16,18.95,0.92
002380,科远智慧,39.64,44.04,44.04,11370300.0,-4.40,-9.99,44.04,39.64,46777,8.00,61.68,9.99,56.37,95.13,3.99,48.44,39.64,0.71
002381,双箭股份,5.86,5.87,5.90,5077600.0,-0.01,-0.17,5.93,5.81,2980,1.58,42.56,2.04,18.78,24.12,1.12,6.46,5.28,0.82
002382,蓝帆医疗,6.40,6.55,6.53,19280600.0,-0.15,-2.29,6.55,6.35,12379,1.93,-7.67,3.05,63.86,64.49,0.93,7.21,5.90,0.99
002383,合众思壮,7.77,8.14,8.16,13777300.0,-0.37,-4.55,8.21,7.75,10896,1.86,-35.85,5.65,57.53,57.53,3.83,8.95,7.33,1.14
002384,东山精密,213.05,219.00,222.93,75648500.0,-5.95,-2.72,229.95,210.70,1657577,5.46,191.28,8.79,2953.56,3902.24,17.24,240.90,197.10,0.95
002385,大北农,3.35,3.32,3.32,64973500.0,0.03,0.90,3.38,3.29,21736,1.88,-15.15,2.71,116.03,144.05,1.94,3.65,2.99,0.95
002386,天原股份,5.68,5.74,5.75,18714900.0,-0.06,-1.05,5.77,5.64,10676,1.44,48.33,2.26,73.92,73.93,0.97,6.31,5.17,0.75
002387,维信诺,8.03,8.47,8.47,30647900.0,-0.44,-5.19,8.48,7.92,24857,2.20,-4.51,6.61,112.02,112.16,4.30,9.32,7.62,0.96
002388,新亚制程,5.45,6.05,5.80,115691400.0,-0.60,-9.92,5.99,5.45,65622,22.86,-89.51,8.93,27.58,27.83,2.90,6.66,5.45,1.32
002389,航天彩虹,19.74,19.68,20.31,23744300.0,0.06,0.30,20.50,19.65,47663,2.41,122.35,4.32,194.39,194.42,2.41,21.65,17.71,1.18
002390,信邦制药,3.03,3.01,3.01,24455000.0,0.02,0.66,3.06,3.01,7411,1.27,46.12,1.66,58.41,58.90,0.88,3.31,2.71,1.16
002391,长青股份,5.60,5.59,5.60,7080700.0,0.01,0.18,5.69,5.58,3978,1.53,66.66,1.97,25.99,36.38,0.85,6.15,5.03,0.97
002392,北京利尔,8.02,8.51,8.51,32422000.0,-0.49,-5.76,8.58,7.96,26528,2.80,23.58,7.29,92.84,95.48,1.60,9.36,7.66,1.09
002393,力生制药,14.86,14.66,14.70,2188400.0,0.20,1.36,14.97,14.65,3245,0.73,11.12,2.18,44.61,45.91,1.03,16.13,13.19,1.12
002394,联发股份,9.94,10.29,10.39,7064700.0,-0.35,-3.40,10.39,9.83,7085,2.19,13.30,5.44,32.12,32.18,0.77,11.32,9.26,0.91
002395,双象股份,14.35,14.71,14.71,6109300.0,-0.36,-2.45,14.76,14.29,8821,2.28,23.43,3.20,38.48,38.49,2.48,16.18,13.24,0.60
002396,星网锐捷,22.69,24.72,24.67,44964700.0,-2.03,-8.21,24.88,22.30,104521,5.94,42.72,10.44,171.86,172.57,2.51,27.19,22.25,1.22
002397,梦洁股份,4.80,4.95,5.20,59793500.0,-0.15,-3.03,5.45,4.73,30194,9.23,64.20,14.55,31.10,35.89,2.93,5.45,4.46,2.31
002398,垒知集团,4.44,4.51,4.53,10564300.0,-0.07,-1.55,4.60,4.43,4773,1.73,68.47,3.77,27.06,30.99,0.85,4.96,4.06,0.84
002399,海普瑞,9.94,9.73,9.73,4897900.0,0.21,2.16,10.05,9.69,4844,0.39,38.33,3.70,123.97,145.85,1.20,10.70,8.76,1.32
002400,省广集团,8.12,8.17,8.18,101468700.0,-0.05,-0.61,8.37,8.08,83767,5.88,177.86,3.55,140.16,141.56,2.82,8.99,7.35,1.33
002401,中远海科,12.96,13.14,13.25,3185800.0,-0.18,-1.37,13.26,12.88,4147,0.86,136.31,2.89,48.13,48.17,2.92,14.45,11.83,0.68
002402,和而泰,27.19,29.19,29.30,44837200.0,-2.00,-6.85,29.64,27.02,125203,5.48,37.86,8.98,222.57,251.41,3.74,32.11,26.27,1.39
002403,爱仕达,10.35,10.55,10.56,4843100.0,-0.20,-1.90,10.70,10.29,5075,1.63,-15.11,3.89,30.76,35.26,2.55,11.61,9.50,0.86
002404,嘉欣丝绸,6.12,6.06,6.08,8321900.0,0.06,0.99,6.17,6.05,5092,1.83,18.48,1.98,27.88,34.28,1.80,6.67,5.45,1.06
002405,四维图新,8.73,9.23,9.29,101657300.0,-0.50,-5.42,9.48,8.71,90835,4.32,185.52,8.34,205.64,206.96,2.35,10.15,8.31,1.12
002406,远东传动,8.85,8.78,8.73,91338100.0,0.07,0.80,9.02,8.70,81062,15.17,37.39,3.64,53.30,64.62,1.57,9.66,7.90,1.09
002407,多氟多,33.70,35.12,35.01,111615100.0,-1.42,-4.04,35.10,33.35,379948,10.35,76.62,4.98,363.54,401.18,4.70,38.63,31.61,0.58
002408,齐翔腾达,5.10,5.18,5.18,34835000.0,-0.08,-1.54,5.18,5.06,17844,1.27,-21.59,2.32,140.31,144.99,1.32,5.70,4.66,1.05
002409,雅克科技,107.67,115.36,115.84,30160400.0,-7.69,-6.67,117.60,106.23,333430,9.47,50.90,9.86,342.95,512.43,6.33,126.90,103.82,0.88
002410,广联达,9.90,9.64,10.01,60563300.0,0.26,2.70,10.45,9.86,61551,3.86,39.94,6.12,155.44,163.54,2.87,10.60,8.68,2.08
002411,必康退,0.62,0.62,0.00,0.0,0.00,0.00,0.00,0.00,0,0.00,-0.87,0.00,9.50,9.50,0.17,-1,-1,0.00
002412,汉森制药,6.69,6.63,6.60,10640000.0,0.06,0.90,6.73,6.60,7080,2.14,14.94,1.96,33.31,33.66,1.39,7.29,5.97,1.17
002413,雷科防务,10.47,10.96,11.20,65250900.0,-0.49,-4.47,11.24,10.41,69949,5.04,-209.63,7.57,135.63,138.13,4.20,12.06,9.86,1.07
002414,高德红外,12.87,13.40,13.40,52205600.0,-0.53,-3.96,13.54,12.86,68442,1.54,56.75,5.07,437.40,549.64,7.42,14.74,12.06,0.92
002415,海康威视,30.56,30.76,31.00,75180900.0,-0.20,-0.65,31.20,30.15,229799,0.83,18.75,3.41,2764.58,2800.78,3.54,33.84,27.68,1.24
002416,爱施德,10.54,11.04,11.01,26647400.0,-0.50,-4.53,11.05,10.47,28486,2.18,34.72,5.25,129.00,130.62,2.44,12.14,9.94,1.25
002417,深南退,0.45,0.45,0.00,0.0,0.00,0.00,0.00,0.00,0,0.00,-2.49,0.00,1.06,1.22,1.67,-1,-1,0.00
002418,康盛股份,4.63,4.89,4.88,65636800.0,-0.26,-5.32,4.89,4.61,31017,5.78,302.99,5.73,52.62,52.62,3.61,5.38,4.40,0.87
002419,天虹股份,4.90,4.84,4.84,19118400.0,0.06,1.24,5.00,4.82,9441,1.64,71.36,3.72,57.27,57.27,1.41,5.32,4.36,1.57
002420,毅昌科技,5.93,6.19,6.19,11376300.0,-0.26,-4.20,6.24,5.90,6851,2.81,12.96,5.49,24.00,24.39,3.07,6.81,5.57,1.02
002421,达实智能,4.11,4.57,4.51,597370500.0,-0.46,-10.07,4.84,4.11,260445,29.82,-13.88,15.97,82.34,87.16,3.21,5.03,4.11,0.81
002422,科伦药业,36.37,35.02,35.03,29833900.0,1.35,3.85,37.18,34.90,108536,2.30,36.82,6.51,472.31,578.57,2.43,38.52,31.52,1.35
002423,中粮资本,9.17,9.09,9.08,18114200.0,0.08,0.88,9.37,9.04,16743,0.79,20.90,3.63,211.29,211.29,0.89,10.00,8.18,1.42
002424,ST百灵,4.59,4.58,4.58,8653500.0,0.01,0.22,4.68,4.54,3972,0.71,-63.93,3.06,55.69,64.15,2.01,4.81,4.35,0.93
002425,凯撒文化,3.10,3.14,3.14,19055000.0,-0.04,-1.27,3.25,3.09,5977,2.07,-5.40,5.10,28.53,29.66,1.20,3.45,2.83,1.01
002426,胜利精密,3.33,3.55,3.56,157303600.0,-0.22,-6.20,3.58,3.30,53245,4.62,-14.85,7.89,113.31,113.31,6.90,3.91,3.20,1.32
002427,尤夫股份,4.63,4.72,4.74,12013300.0,-0.09,-1.91,4.77,4.60,5632,1.22,359.07,3.60,45.58,45.63,4.82,5.19,4.25,0.87
002428,云南锗业,91.18,89.85,95.10,127487800.0,1.33,1.48,97.00,89.05,1188619,19.52,3125.45,8.85,595.44,595.51,40.53,98.84,80.87,1.52
002429,兆驰股份,11.60,12.34,12.34,135114700.0,-0.74,-6.00,12.55,11.44,159468,2.99,44.56,9.00,524.82,525.13,3.10,13.57,11.11,0.97
002430,杭氧股份,24.84,25.53,25.54,13272300.0,-0.69,-2.70,25.63,24.75,33241,1.36,24.60,3.45,242.92,243.02,2.41,28.08,22.98,0.91
002431,ST棕榈,1.60,1.58,1.57,40589700.0,0.02,1.27,1.66,1.56,6589,2.25,-2.50,6.33,28.84,28.84,9.71,1.66,1.50,1.30
002432,九安医疗,76.29,76.50,76.90,28554800.0,-0.21,-0.27,79.33,75.29,220548,6.14,15.49,5.28,354.96,355.43,1.64,84.15,68.85,0.77
002433,太安退,0.27,0.27,0.00,0.0,0.00,0.00,0.00,0.00,0,0.00,-4.59,0.00,2.01,2.07,0.54,-1,-1,0.00
002434,万里扬,7.10,7.10,7.08,23308000.0,0.00,0.00,7.30,6.95,16620,1.78,45.63,4.93,93.10,93.19,1.57,7.81,6.39,0.93
002435,ST长康,0.37,0.37,0.00,0.0,0.00,0.00,0.00,0.00,0,0.00,-0.51,0.00,4.45,4.57,0.12,-1,-1,0.00
002436,兴森科技,38.68,36.34,37.06,275916900.0,2.34,6.44,39.97,37.06,1072058,18.18,455.54,8.01,587.14,657.43,12.44,39.97,32.71,1.57
002437,誉衡药业,2.96,2.96,2.95,52471600.0,0.00,0.00,3.01,2.94,15611,2.50,16.04,2.36,62.16,66.00,2.76,3.26,2.66,1.15
002438,江苏神通,16.70,17.95,17.82,18528100.0,-1.25,-6.96,18.02,16.51,31930,3.95,30.12,8.41,78.30,84.76,2.23,19.75,16.16,1.09
002439,启明星辰,14.07,14.73,14.76,29719000.0,-0.66,-4.48,14.91,13.97,42439,4.08,-32.45,6.38,102.51,170.44,1.57,16.20,13.26,1.02
002440,闰土股份,9.47,9.43,9.41,27275200.0,0.04,0.42,9.54,9.27,25623,2.88,13.22,2.86,89.62,106.44,1.05,10.37,8.49,0.82
002441,众业达,9.49,9.87,9.87,9247500.0,-0.38,-3.85,9.90,9.46,8904,2.32,27.96,4.46,37.82,51.68,1.14,10.86,8.88,1.08
002442,龙星科技,5.91,6.57,6.20,82789400.0,-0.66,-10.05,6.27,5.91,49543,16.80,150.08,5.48,29.12,29.74,1.62,7.23,5.91,0.80
002443,金洲管道,11.99,12.08,12.19,46800700.0,-0.09,-0.75,13.08,11.90,58545,9.02,41.22,9.77,62.24,62.41,1.79,13.29,10.87,1.24
002444,巨星科技,32.40,33.16,33.25,15552000.0,-0.76,-2.29,33.89,32.16,51163,1.36,15.09,5.22,371.54,387.01,2.02,36.48,29.84,1.10
002445,中南文化,3.46,3.58,3.57,114036100.0,-0.12,-3.35,3.63,3.43,40017,4.82,156.80,5.59,81.87,82.23,3.60,3.94,3.22,1.09
002446,盛路通信,9.80,10.59,10.47,54204700.0,-0.79,-7.46,10.59,9.70,54621,6.39,128.97,8.40,83.08,89.71,3.52,11.65,9.53,1.30
002447,晨鑫退,0.19,0.19,0.00,0.0,0.00,0.00,0.00,0.00,0,0.00,-0.88,0.00,2.71,2.71,1.19,-1,-1,0.00
002448,中原内配,13.40,13.80,13.82,15111600.0,-0.40,-2.90,14.03,13.33,20485,2.60,15.88,5.07,77.79,78.85,2.00,15.18,12.42,0.75
002449,国星光电,8.10,8.61,8.58,34619200.0,-0.51,-5.92,8.61,8.07,28671,5.60,-79.19,6.27,50.10,50.10,1.33,9.47,7.75,0.88
002450,康得退,0.20,0.20,0.00,0.0,0.00,0.00,0.00,0.00,0,0.00,8.21,0.00,6.49,7.08,-0.07,-1,-1,0.00
002451,摩恩电气,8.40,8.70,8.72,9757400.0,-0.30,-3.45,8.72,8.36,8289,2.22,277.43,4.14,36.89,37.02,4.80,9.57,7.83,0.95
002452,长高电新,11.57,12.34,12.26,37211800.0,-0.77,-6.24,12.34,11.50,44187,7.22,19.62,6.81,59.61,71.77,2.64,13.57,11.11,0.87
002453,华软科技,5.80,6.04,6.01,21551600.0,-0.24,-3.97,6.08,5.76,12697,3.58,-17.22,5.30,34.95,47.12,6.31,6.64,5.44,0.67
002454,松芝股份,5.81,5.95,5.95,14596700.0,-0.14,-2.35,6.01,5.75,8556,1.66,22.64,4.37,50.97,51.07,1.29,6.55,5.36,0.80
002455,百川股份,8.63,8.90,8.91,31533500.0,-0.27,-3.03,8.99,8.56,27489,4.77,-47.43,4.83,57.03,62.35,2.27,9.79,8.01,0.82
002456,欧菲光,8.96,9.62,9.51,159513500.0,-0.66,-6.86,9.57,8.96,147068,4.81,-204.88,6.34,297.24,300.88,8.02,10.58,8.66,1.07
002457,青龙管业,12.25,11.14,11.72,22489800.0,1.11,9.96,12.25,11.72,27300,6.75,31.75,4.76,40.83,40.85,1.63,12.25,10.03,0.58
002458,益生股份,8.06,8.16,8.16,16826000.0,-0.10,-1.23,8.20,8.01,13604,1.74,40.93,2.33,77.89,115.35,2.60,8.98,7.34,1.07
002459,晶澳科技,9.11,9.48,9.47,56973700.0,-0.37,-3.90,9.49,9.08,52582,1.72,-7.47,4.32,301.16,301.51,1.45,10.43,8.53,1.15
002460,赣锋锂业,71.48,72.80,72.81,44703400.0,-1.32,-1.81,74.15,71.13,323979,3.69,39.38,4.15,865.78,1498.72,3.23,80.08,65.52,1.00
002461,珠江啤酒,9.90,9.61,9.54,26052300.0,0.29,3.02,9.99,9.51,25528,1.18,23.67,4.99,219.12,219.12,1.95,10.57,8.65,2.30
002462,嘉事堂,13.73,13.46,13.39,10613700.0,0.27,2.01,13.90,13.24,14363,3.64,38.77,4.90,40.02,40.05,0.91,14.81,12.11,1.22
002463,沪电股份,132.04,133.06,133.17,92476700.0,-1.02,-0.77,138.87,131.43,1246665,4.81,59.07,5.59,2538.88,2540.93,16.05,146.37,119.75,0.91
002464,众应退,0.26,0.26,0.00,0.0,0.00,0.00,0.00,0.00,0,0.00,0.20,0.00,1.36,1.36,5.03,-1,-1,0.00
002465,海格通信,15.84,17.60,17.60,186990100.0,-1.76,-10.00,17.60,15.84,304923,7.55,-47.59,10.00,392.50,393.12,3.49,19.36,15.84,1.10
002466,天齐锂业,62.88,64.39,64.71,48807500.0,-1.51,-2.35,65.39,62.62,311654,3.31,48.21,4.30,927.94,1077.27,2.32,70.83,57.95,0.91
002467,二六三,5.51,5.81,5.82,52944300.0,-0.30,-5.16,5.84,5.48,29794,3.87,-24.23,6.20,75.31,75.78,4.85,6.39,5.23,0.96
002468,申通快递,15.30,15.60,15.55,17756400.0,-0.30,-1.92,15.69,15.27,27468,1.21,14.72,2.69,224.01,234.21,2.06,17.16,14.04,0.91
002469,三维化学,6.27,6.39,6.43,6287600.0,-0.12,-1.88,6.43,6.22,3963,1.00,30.37,3.29,39.40,40.68,1.61,7.03,5.75,1.00
002470,金正大,2.30,2.36,2.38,108749000.0,-0.06,-2.54,2.47,2.28,25664,3.31,202.99,8.05,75.57,75.58,3.54,2.60,2.12,1.05
002471,中超控股,6.98,7.32,7.28,69581700.0,-0.34,-4.64,7.31,6.88,49158,5.18,-1336.96,5.87,93.78,95.54,5.29,8.05,6.59,0.94
002472,双环传动,39.23,41.39,41.50,31336200.0,-2.16,-5.22,42.11,38.91,125854,4.19,26.26,7.73,293.65,333.43,3.24,45.53,37.25,0.72
002473,圣莱退,0.79,0.79,0.00,0.0,0.00,0.00,0.00,0.00,0,0.00,3.54,0.00,1.26,1.26,7.08,-1,-1,0.00
002474,榕基软件,6.61,6.96,7.04,26133800.0,-0.35,-5.03,7.11,6.57,17714,4.94,-63.00,7.76,34.96,41.13,3.12,7.66,6.26,0.81
002475,立讯精密,73.29,72.80,77.00,267669800.0,0.49,0.67,77.80,71.28,1987858,3.68,31.05,8.96,5332.54,5344.79,6.05,80.08,65.52,1.52
002476,宝莫股份,5.23,5.49,5.49,12771000.0,-0.26,-4.74,5.49,5.21,6774,2.09,106.52,5.10,32.01,32.01,3.32,6.04,4.94,1.06
002477,雏鹰退,0.17,0.17,0.00,0.0,0.00,0.00,0.00,0.00,0,0.00,-0.28,0.00,3.37,5.33,-1.20,-1,-1,0.00
002478,常宝股份,7.39,7.67,7.75,26726000.0,-0.28,-3.65,7.77,7.35,20008,3.70,15.20,5.48,53.41,66.57,1.10,8.44,6.90,0.94
002479,富春环保,5.34,5.30,5.28,22111700.0,0.04,0.75,5.43,5.25,11855,2.56,21.90,3.40,46.09,46.19,1.10,5.83,4.77,1.24
002480,新筑股份,6.01,6.21,6.22,14559400.0,-0.20,-3.22,6.26,5.96,8864,1.90,-24.54,4.83,46.13,46.23,5.73,6.83,5.59,1.05
002481,双塔食品,4.21,4.19,4.21,10239800.0,0.02,0.48,4.24,4.15,4302,0.92,134.20,2.15,47.07,51.94,2.14,4.61,3.77,1.08
002482,广田集团,1.51,1.49,1.50,65046800.0,0.02,1.34,1.55,1.50,9888,1.74,-48.20,3.36,56.53,56.64,12.73,1.64,1.34,1.73
002483,润邦股份,5.72,5.81,5.81,9954100.0,-0.09,-1.55,5.85,5.70,5748,1.12,14.13,2.58,50.64,50.71,1.10,6.39,5.23,0.98
002484,江海股份,77.85,74.07,81.48,106930700.0,3.78,5.10,81.48,76.05,846962,13.03,96.72,7.33,638.74,662.13,10.67,81.48,66.66,2.76
002485,ST雪发,4.76,4.62,4.64,5654400.0,0.14,3.03,4.85,4.64,2721,1.04,-13.06,4.55,25.89,25.89,2.55,4.85,4.39,1.80
002486,嘉麟杰,2.47,2.52,2.52,25219000.0,-0.05,-1.98,2.55,2.45,6307,3.07,53.10,3.97,20.26,20.36,1.89,2.77,2.27,1.05
002487,大金重工,72.99,73.55,74.18,18572700.0,-0.56,-0.76,75.68,72.23,136729,2.94,35.62,4.69,460.51,465.49,5.38,80.91,66.20,1.16
002488,金固股份,10.19,10.62,10.56,18255200.0,-0.43,-4.05,10.68,10.14,18862,1.98,177.86,5.08,93.76,101.44,2.92,11.68,9.56,0.71
002489,浙江永强,3.77,3.84,3.86,57362800.0,-0.07,-1.82,3.93,3.75,22060,3.00,32.90,4.69,72.12,81.77,1.78,4.22,3.46,0.89
002490,山东墨龙,7.79,7.98,7.91,21547000.0,-0.19,-2.38,7.93,7.70,16850,3.98,1169.08,2.88,42.20,62.15,12.34,8.78,7.18,0.80
002491,通鼎互联,23.93,23.12,23.00,238810600.0,0.81,3.50,24.86,22.01,564485,20.30,-187.76,12.33,281.53,294.34,11.68,25.43,20.81,1.68
002492,恒基达鑫,6.18,6.60,6.60,13300800.0,-0.42,-6.36,6.90,6.14,8437,3.34,-38.19,11.52,24.59,25.03,1.54,7.26,5.94,1.24
002493,荣盛石化,11.26,11.31,11.39,44914500.0,-0.05,-0.44,11.55,11.22,51021,0.48,36.58,2.92,1051.47,1124.81,2.43,12.44,10.18,1.02
002494,华斯股份,5.32,5.45,5.54,11991300.0,-0.13,-2.39,5.56,5.26,6485,4.18,72.64,5.50,15.26,20.07,1.60,6.00,4.91,0.89
002495,佳隆股份,2.42,2.45,2.45,25068900.0,-0.03,-1.22,2.51,2.40,6167,3.61,115.01,4.49,16.79,22.64,2.04,2.70,2.21,0.99
002496,*ST辉丰,2.57,2.66,2.65,26238900.0,-0.09,-3.38,2.66,2.53,6827,2.22,-16.88,4.89,30.36,38.75,3.48,2.79,2.53,0.79
002497,雅化集团,22.91,23.69,23.84,31738200.0,-0.78,-3.29,23.93,22.81,73660,3.00,29.71,4.73,242.75,264.05,2.39,26.06,21.32,0.66
002498,汉缆股份,8.18,8.98,8.62,176024900.0,-0.80,-8.91,8.71,8.10,146441,5.29,47.67,6.79,272.13,272.13,3.09,9.88,8.08,1.42
002499,科林退,0.86,0.86,0.00,0.0,0.00,0.00,0.00,0.00,0,0.00,-3.14,0.00,1.63,1.63,-11.54,-1,-1,0.00
002500,山西证券,5.20,5.16,5.16,35527200.0,0.04,0.78,5.28,5.16,18577,0.99,20.07,2.33,186.67,186.67,1.00,5.68,4.64,1.17
002501,*ST利源,1.44,1.47,1.45,37203900.0,-0.03,-2.04,1.49,1.43,5432,1.05,-30.01,4.08,51.07,51.12,31.87,1.54,1.40,0.69
002502,ST鼎龙,0.64,0.64,0.00,0.0,0.00,0.00,0.00,0.00,0,0.00,-8.84,0.00,5.33,5.89,0.59,-1,-1,0.00
002503,*ST搜特,0.42,0.42,0.00,0.0,0.00,0.00,0.00,0.00,0,0.00,-1.12,0.00,11.15,12.85,-0.71,-1,-1,0.00
002504,*ST弘高,0.38,0.38,0.00,0.0,0.00,0.00,0.00,0.00,0,0.00,-1.76,0.00,1.58,3.90,-1.20,-1,-1,0.00
002505,鹏都农牧,0.36,0.36,0.00,0.0,0.00,0.00,0.00,0.00,0,0.00,-1.97,0.00,22.95,22.95,0.58,-1,-1,0.00
002506,协鑫集成,3.46,3.64,3.64,300930100.0,-0.18,-4.95,3.65,3.43,105594,5.15,-17.53,6.04,202.22,202.42,21.50,4.00,3.28,1.08
002507,涪陵榨菜,11.73,11.39,11.39,12153000.0,0.34,2.99,11.76,11.36,14142,1.06,17.62,3.51,134.99,135.35,1.54,12.53,10.25,1.39
002508,老板电器,17.31,17.07,17.07,6229200.0,0.24,1.41,17.53,17.05,10822,0.67,13.38,2.81,161.60,163.57,1.39,18.78,15.36,1.44
002509,天茂退,0.15,0.15,0.00,0.0,0.00,0.00,0.00,0.00,0,0.00,-0.12,0.00,3.20,3.74,0.25,-1,-1,0.00
002510,天汽模,6.45,6.73,6.73,31201400.0,-0.28,-4.16,6.76,6.44,20474,3.11,109.43,4.75,64.81,65.48,2.58,7.40,6.06,0.93
002511,中顺洁柔,7.25,7.17,7.17,12542100.0,0.08,1.12,7.32,7.16,9090,0.99,26.31,2.23,91.71,93.26,1.69,7.89,6.45,0.82
002512,ST达华,4.50,4.74,4.72,44625000.0,-0.24,-5.06,4.74,4.50,20496,4.08,-39.14,5.06,49.25,49.61,16.68,4.98,4.50,1.07
002513,蓝丰生化,5.67,5.87,5.88,8917100.0,-0.20,-3.41,5.94,5.61,5137,3.09,-11.62,5.62,16.39,21.30,53.12,6.46,5.28,0.96
002514,*ST宝馨,4.35,4.58,4.57,50834200.0,-0.23,-5.02,4.62,4.35,22264,9.18,-15.41,5.90,24.10,31.32,-59.33,4.81,4.35,0.87
002515,金字火腿,6.16,6.39,6.47,52604100.0,-0.23,-3.60,6.57,6.08,32938,4.77,537.77,7.67,67.87,74.57,2.84,7.03,5.75,0.86
002516,旷达科技,6.05,6.33,6.29,36173100.0,-0.28,-4.42,6.35,6.00,22197,2.48,45.66,5.53,88.17,88.99,2.40,6.96,5.70,0.93
002517,恺英网络,16.04,15.93,15.98,49019800.0,0.11,0.69,16.20,15.71,78084,2.59,15.82,3.08,303.01,342.69,3.31,17.52,14.34,0.87
002518,科士达,54.29,55.65,56.74,15748100.0,-1.36,-2.44,57.38,53.79,87122,2.79,49.51,6.45,306.81,316.09,6.71,61.22,50.09,0.99
002519,银河电子,6.64,7.06,7.05,50350300.0,-0.42,-5.95,7.07,6.60,34163,4.51,-113.69,6.66,74.21,74.80,3.37,7.77,6.35,1.13
002520,日发精机,5.87,6.14,6.12,25059000.0,-0.27,-4.40,6.20,5.81,14982,3.49,-34.76,6.35,42.11,44.04,14.88,6.75,5.53,0.76
002521,齐峰新材,7.68,7.80,7.79,3386400.0,-0.12,-1.54,7.81,7.65,2612,0.81,24.30,2.05,32.19,43.01,1.08,8.58,7.02,0.67
002522,浙江众成,6.22,6.56,6.65,61057800.0,-0.34,-5.18,6.82,6.15,39227,6.75,95.56,10.21,56.29,56.34,2.42,7.22,5.90,1.24
002523,天桥起重,3.44,3.56,3.55,17698100.0,-0.12,-3.37,3.56,3.42,6175,1.25,42.48,3.93,48.56,48.73,1.97,3.92,3.20,1.01
002524,光正眼科,3.83,3.94,3.95,12830500.0,-0.11,-2.79,4.10,3.81,5020,2.51,-82.56,7.36,19.56,19.74,21.44,4.33,3.55,0.79
002525,胜景山河,34.20,34.20,0.00,0.0,0.00,0.00,0.00,0.00,0,0,44.05,0.00,0,17.44,7.81,-1,-1,0.00
002526,山东矿机,3.12,3.13,3.11,29855100.0,-0.01,-0.32,3.15,3.10,9324,1.69,69.90,1.60,55.26,55.62,1.71,3.44,2.82,0.51
002527,新时达,14.05,13.20,14.01,46364600.0,0.85,6.44,14.52,14.01,66473,8.77,1520.50,3.86,74.31,93.16,7.49,14.52,11.88,2.15
002528,*ST英飞,4.14,4.36,4.33,15910700.0,-0.22,-5.05,4.33,4.14,6663,1.51,-15.77,4.36,43.48,49.63,-37.87,4.58,4.14,0.99
002529,*ST海源,7.90,8.12,8.13,3384700.0,-0.22,-2.71,8.17,7.86,2705,1.30,-11.25,3.82,20.54,20.54,25.78,8.53,7.71,0.57
002530,金财互联,7.65,7.92,7.92,13014700.0,-0.27,-3.41,7.96,7.60,10062,1.87,88.53,4.55,53.18,59.61,4.49,8.71,7.13,0.91
002531,天顺风能,11.03,11.49,11.49,60338900.0,-0.46,-4.00,11.75,10.80,66779,3.38,-86.26,8.27,197.08,198.20,2.29,12.64,10.34,1.05
002532,天山铝业,14.93,15.06,15.27,71454600.0,-0.13,-0.86,15.48,14.90,108542,1.74,11.56,3.85,613.15,691.07,2.29,16.57,13.55,0.80
002533,金杯电工,12.26,12.50,12.58,14608700.0,-0.24,-1.92,12.78,12.18,18045,2.29,15.12,4.80,78.18,89.98,2.15,13.75,11.25,1.04
002534,西子洁能,20.16,21.98,22.03,28127800.0,-1.82,-8.28,22.06,19.96,58305,3.41,38.03,9.55,166.39,168.52,3.02,24.18,19.78,1.15
002535,林州重机,2.58,2.45,2.49,91816400.0,0.13,5.31,2.69,2.49,23642,12.30,-31.65,8.16,19.25,20.68,3.48,2.70,2.21,7.28
002536,飞龙股份,38.65,42.93,42.81,31545100.0,-4.28,-9.97,42.86,38.64,125348,5.79,88.12,9.83,210.41,222.15,6.33,47.22,38.64,0.98
002537,海联金汇,6.30,6.47,6.46,18778800.0,-0.17,-2.63,6.49,6.27,11963,1.61,24.51,3.40,73.66,73.96,1.68,7.12,5.82,0.88
002538,ST司特,6.22,6.12,6.16,7936600.0,0.10,1.63,6.31,6.14,4948,0.93,27.08,2.78,53.06,53.09,1.00,6.43,5.81,0.66
002539,云图控股,12.62,12.95,12.95,21448100.0,-0.33,-2.55,13.08,12.56,27255,2.41,17.38,4.02,112.29,152.41,1.57,14.25,11.66,0.97
002540,亚太科技,5.49,5.57,5.59,10116700.0,-0.08,-1.44,5.62,5.48,5609,1.18,18.49,2.51,47.12,68.69,1.23,6.13,5.01,0.88
002541,鸿路钢构,18.70,18.90,18.69,14171200.0,-0.20,-1.06,19.36,18.50,26923,2.86,20.09,4.55,92.78,129.03,1.31,20.79,17.01,1.08
002542,*ST中岩,1.66,1.61,1.63,54751300.0,0.05,3.11,1.69,1.62,9120,3.11,-3.18,4.35,29.20,29.98,-18.54,1.69,1.53,1.42
002543,万和电气,7.45,7.42,7.43,3567600.0,0.03,0.40,7.51,7.40,2660,0.54,47.77,1.48,49.29,55.40,1.15,8.16,6.68,0.93
002544,普天科技,21.70,22.94,22.92,14675200.0,-1.24,-5.41,23.00,21.58,32368,2.16,592.09,6.19,147.66,147.68,3.96,25.23,20.65,1.12
002545,东方铁塔,21.80,22.45,22.48,24727600.0,-0.65,-2.90,22.80,21.71,54586,2.19,19.34,4.86,246.38,271.21,2.65,24.70,20.21,1.12
002546,新联电子,7.53,7.82,7.82,19036100.0,-0.29,-3.71,7.83,7.48,14527,2.38,11.17,4.48,60.33,62.80,1.66,8.60,7.04,1.38
002547,*ST春兴,3.53,3.62,3.61,43144600.0,-0.09,-2.49,3.66,3.47,15378,3.91,-9.02,5.25,39.00,39.82,-9.11,3.80,3.44,0.96
002548,金新农,4.10,4.19,4.20,22191900.0,-0.09,-2.15,4.23,4.10,9246,2.76,-7.52,3.10,32.98,33.96,3.24,4.61,3.77,1.19
002549,凯美特气,15.22,16.19,16.19,25970000.0,-0.97,-5.99,16.19,15.11,40312,3.75,222.63,6.67,105.38,105.83,5.19,17.81,14.57,1.19
002550,千红制药,6.33,6.14,6.21,16820100.0,0.19,3.09,6.38,6.19,10600,1.79,25.09,3.09,59.58,81.01,3.04,6.75,5.53,1.57
002551,尚荣医疗,3.09,3.14,3.16,13505500.0,-0.05,-1.59,3.18,3.07,4217,2.21,-16.82,3.50,18.89,26.13,1.05,3.45,2.83,1.00
002552,宝鼎科技,57.70,55.58,54.80,43375900.0,2.12,3.81,59.67,54.00,251031,11.77,129.91,10.20,212.63,223.87,14.30,61.14,50.02,1.23
002553,南方精工,18.17,19.09,19.23,8372000.0,-0.92,-4.82,19.23,18.10,15461,3.27,25.25,5.92,46.55,64.21,4.09,21.00,17.18,0.93
002554,惠博普,3.11,3.16,3.15,20163600.0,-0.05,-1.58,3.19,3.09,6339,1.51,-9.69,3.16,41.47,41.48,2.17,3.48,2.84,0.93
002555,三七互娱,19.20,19.39,19.31,30341000.0,-0.19,-0.98,19.70,19.20,58884,1.91,13.17,2.58,304.77,424.75,3.12,21.33,17.45,0.85
002556,辉隆股份,5.17,5.18,5.17,9963800.0,-0.01,-0.19,5.28,5.16,5191,1.05,29.59,2.32,48.88,48.93,1.34,5.70,4.66,1.08
002557,洽洽食品,21.95,21.25,21.18,9752300.0,0.70,3.29,22.14,21.05,21208,1.93,27.12,5.13,110.80,111.04,2.04,23.38,19.13,1.67
002558,巨人网络,26.06,26.38,26.71,41222700.0,-0.32,-1.21,26.89,25.85,107811,2.17,19.91,3.94,495.29,495.29,3.04,29.02,23.74,0.97
002559,亚威股份,9.78,10.54,10.58,35328700.0,-0.76,-7.21,10.62,9.70,35378,7.01,52.77,8.73,49.29,53.77,3.10,11.59,9.49,1.16
002560,通达股份,9.16,9.18,9.18,74913700.0,-0.02,-0.22,9.40,8.93,68837,11.83,38.63,5.12,58.01,67.35,2.50,10.10,8.26,1.25
002561,徐家汇,7.32,7.20,7.24,7378800.0,0.12,1.67,7.44,7.20,5429,1.78,-133.85,3.33,30.34,30.43,1.40,7.92,6.48,1.56
002562,兄弟科技,5.04,5.19,5.20,22314000.0,-0.15,-2.89,5.22,5.01,11361,2.74,52.64,4.05,41.00,57.60,1.56,5.71,4.67,1.03
002563,森马服饰,5.48,5.41,5.43,13777900.0,0.07,1.29,5.54,5.37,7548,0.62,14.92,3.14,120.95,147.64,1.31,5.95,4.87,1.09
002564,天沃科技,5.16,5.35,5.38,16856700.0,-0.19,-3.55,5.40,5.07,8731,1.96,139.19,6.17,44.32,44.32,23.34,5.89,4.82,1.19
002565,顺灏股份,14.59,15.19,15.40,117522000.0,-0.60,-3.95,16.06,14.40,178608,11.09,235.77,10.93,154.65,154.65,8.42,16.71,13.67,1.74
002566,益盛药业,7.05,7.02,7.09,6172800.0,0.03,0.43,7.15,6.98,4359,2.66,70.10,2.42,16.34,23.33,1.05,7.72,6.32,0.92
002567,唐人神,3.65,3.65,3.66,15106300.0,0.00,0.00,3.68,3.61,5523,1.06,-3.01,1.92,52.26,52.31,1.26,4.02,3.29,0.88
002568,百润股份,19.74,18.46,18.36,39590700.0,1.28,6.93,20.20,18.19,76691,5.19,30.58,10.89,150.63,205.62,4.08,20.31,16.61,1.86
002569,*ST步森,15.86,16.40,16.52,3326500.0,-0.54,-3.29,16.86,15.59,5313,2.38,263.52,7.74,22.21,22.84,57.51,17.22,15.58,1.15
002570,贝因美,4.99,4.92,4.90,33297400.0,0.07,1.42,5.03,4.88,16532,3.08,35.87,3.05,53.89,53.89,3.31,5.41,4.43,1.46
002571,德力股份,12.10,13.06,13.32,21340200.0,-0.96,-7.35,13.40,11.98,26391,7.15,-18.98,10.87,36.10,47.43,5.96,14.37,11.75,1.80
002572,索菲亚,9.28,9.05,9.11,12505200.0,0.23,2.54,9.43,9.05,11582,1.92,10.50,4.20,60.46,89.37,1.36,9.96,8.15,1.09
002573,清新环境,3.40,3.38,3.38,8026900.0,0.02,0.59,3.43,3.38,2737,0.57,-11.77,1.48,48.04,48.12,0.88,3.72,3.04,1.22
002574,明牌珠宝,5.01,5.06,5.06,7429100.0,-0.05,-0.99,5.14,5.00,3776,1.41,-8.56,2.77,26.45,26.45,0.97,5.57,4.55,0.90
002575,群兴玩具,5.55,5.88,5.85,34802200.0,-0.33,-5.61,5.88,5.50,19726,5.96,-279.43,6.46,32.43,34.22,4.06,6.47,5.29,0.91
002576,通达动力,16.70,18.56,18.53,15767900.0,-1.86,-10.02,18.56,16.70,27412,9.73,32.32,10.02,27.06,27.57,2.09,20.42,16.70,1.02
002577,雷柏科技,17.88,18.68,18.80,4404500.0,-0.80,-4.28,18.81,17.88,7994,1.57,-635.94,4.98,50.18,50.19,4.31,20.55,16.81,1.03
002578,闽发铝业,4.11,4.09,4.10,51121100.0,0.02,0.49,4.25,4.08,21242,5.94,-181.66,4.16,35.39,38.58,2.56,4.50,3.68,1.15
002579,中京电子,17.15,18.19,19.30,217362800.0,-1.04,-5.72,19.55,16.89,385025,37.26,400.58,14.62,100.06,105.06,4.37,20.01,16.37,1.91
002580,圣阳股份,24.28,23.45,23.62,97705600.0,0.83,3.54,24.89,22.90,234766,21.60,59.19,8.49,109.83,110.20,4.57,25.80,21.11,1.49
002581,*ST未名,4.30,4.28,4.30,7089900.0,0.02,0.47,4.44,4.25,3072,1.77,-21.22,4.44,17.23,28.37,1.57,4.49,4.07,0.63
002582,好想你,11.18,10.91,10.89,30082100.0,0.27,2.47,11.39,10.76,33667,8.74,2.58,5.77,38.49,50.05,0.98,12.00,9.82,1.56
002583,海能达,8.38,8.58,8.56,21744800.0,-0.20,-2.33,8.62,8.38,18420,1.70,-48.23,2.80,107.49,152.40,7.48,9.44,7.72,1.01
002584,西陇科学,7.51,8.12,8.05,41527200.0,-0.61,-7.51,8.09,7.41,31789,8.87,-60.92,8.37,35.18,43.95,2.01,8.93,7.31,1.35
002585,双星新材,10.23,11.37,11.05,178978200.0,-1.14,-10.03,11.47,10.23,192762,20.18,-24.29,10.91,90.72,116.76,1.41,12.51,10.23,1.08
002586,ST围海,4.42,4.45,4.46,3870500.0,-0.03,-0.67,4.47,4.38,1715,0.36,19.02,2.02,48.07,50.57,1.58,4.67,4.23,0.45
002587,奥拓电子,6.74,7.23,7.25,42509600.0,-0.49,-6.78,7.26,6.66,29244,7.98,352.12,8.30,35.90,44.11,3.35,7.95,6.51,1.58
002588,史丹利,9.09,9.10,9.10,12468200.0,-0.01,-0.11,9.23,9.01,11333,1.45,9.64,2.42,78.05,104.71,1.33,10.01,8.19,0.99
002589,瑞康医药,2.87,2.86,2.86,31815400.0,0.01,0.35,2.92,2.84,9196,2.33,300.84,2.80,39.19,43.19,0.81,3.15,2.57,1.21
002590,万安科技,11.50,12.18,12.17,14695800.0,-0.68,-5.58,12.27,11.39,17213,2.97,27.91,7.22,56.92,59.69,1.96,13.40,10.96,1.25
002591,恒大高新,7.81,8.32,8.51,17763300.0,-0.51,-6.13,8.52,7.73,14312,7.95,-107.74,9.50,17.46,23.45,3.67,9.15,7.49,0.86
002592,ST八菱,6.98,7.00,7.01,3919000.0,-0.02,-0.29,7.25,6.95,2767,1.49,21.00,4.29,18.34,19.78,2.07,7.35,6.65,1.26
002593,日上集团,4.72,4.83,4.85,11590900.0,-0.11,-2.28,4.88,4.70,5553,2.07,29.63,3.73,26.46,37.94,1.56,5.31,4.35,0.97
002594,比亚迪,96.18,95.88,98.90,60629400.0,0.30,0.31,99.50,96.13,590129,1.74,31.83,3.51,3353.42,8768.92,3.78,105.47,86.29,1.74
002595,豪迈科技,52.31,52.65,53.05,6405100.0,-0.34,-0.65,53.81,52.31,34106,0.56,25.40,2.85,602.60,606.80,5.17,57.92,47.39,1.29
002596,海南瑞泽,3.71,3.77,3.79,32932200.0,-0.06,-1.59,3.91,3.68,12475,2.87,-21.17,6.10,42.54,42.58,8.01,4.15,3.39,1.54
002597,金禾实业,20.92,21.87,21.84,8985100.0,-0.95,-4.34,21.87,20.82,18966,1.58,59.13,4.80,118.67,118.89,1.53,24.06,19.68,1.02
002598,ST章鼓,7.41,7.46,7.45,4078700.0,-0.05,-0.67,7.58,7.38,3052,1.42,38.88,2.68,21.23,23.12,1.85,7.83,7.09,0.70
002599,盛通股份,6.24,6.45,6.40,10254000.0,-0.21,-3.26,6.45,6.23,6472,2.58,342.42,3.41,24.83,33.24,2.69,7.10,5.81,0.80
002600,领益智造,14.55,15.95,15.96,354782900.0,-1.40,-8.78,16.13,14.36,529925,4.93,50.30,11.10,1047.56,1063.34,4.39,17.55,14.36,1.38
002601,龙佰集团,14.30,14.49,14.50,26000400.0,-0.19,-1.31,14.60,14.20,37431,1.31,45.74,2.76,284.23,340.95,1.49,15.94,13.04,0.81
002602,世纪华通,14.58,14.73,14.99,106527700.0,-0.15,-1.02,15.03,14.30,154357,1.57,17.11,4.96,990.98,1074.65,3.37,16.20,13.26,0.96
002603,以岭药业,16.22,15.94,15.86,14859900.0,0.28,1.76,16.35,15.81,23963,1.08,19.79,3.39,223.27,270.99,2.38,17.53,14.35,1.02
002604,龙力退,0.25,0.25,0.00,0.0,0.00,0.00,0.00,0.00,0,0.00,-2.34,0.00,1.28,1.50,-0.04,-1,-1,0.00
002605,姚记科技,18.81,18.64,18.64,6206900.0,0.17,0.91,19.02,18.52,11668,1.84,16.87,2.68,63.60,78.66,2.02,20.50,16.78,1.07
002606,大连电瓷,16.44,16.32,16.10,66511800.0,0.12,0.74,16.88,15.72,109236,15.79,28.74,7.11,69.24,72.18,3.70,17.95,14.69,1.32
002607,中公教育,2.42,2.46,2.45,104485900.0,-0.04,-1.63,2.47,2.41,25526,1.88,265.46,2.44,134.15,149.25,18.55,2.71,2.21,0.72
002608,江苏国信,9.20,8.36,8.38,73945800.0,0.84,10.05,9.20,8.32,65986,1.96,10.28,10.53,347.58,347.58,0.97,9.20,7.52,1.90
002609,捷顺科技,7.77,8.07,8.09,9522600.0,-0.30,-3.72,8.11,7.75,7504,2.08,78.31,4.46,35.65,50.00,2.08,8.88,7.26,1.08
002610,ST爱康,0.37,0.37,0.00,0.0,0.00,0.00,0.00,0.00,0,0.00,-1.13,0.00,16.56,16.57,0.91,-1,-1,0.00
002611,东方精工,16.74,17.74,17.74,57279200.0,-1.00,-5.64,17.79,16.65,97723,5.72,46.30,6.43,167.72,203.77,3.60,19.51,15.97,0.99
002612,朗姿股份,13.20,13.00,13.00,7707800.0,0.20,1.54,13.31,12.81,10104,3.03,6.14,3.85,33.59,58.40,2.08,14.30,11.70,0.86
002613,北玻股份,4.43,4.92,5.23,177753100.0,-0.49,-9.96,5.23,4.43,81496,22.98,461.49,16.26,34.27,48.76,2.21,5.41,4.43,1.60
002614,奥佳华,5.11,5.11,5.15,8245100.0,0.00,0.00,5.22,5.10,4254,1.87,-57.06,2.35,22.55,31.87,0.75,5.62,4.60,1.05
002615,哈尔斯,7.78,7.71,7.71,12876700.0,0.07,0.91,7.97,7.60,9990,4.26,145.32,4.80,23.51,43.55,1.83,8.48,6.94,1.27
002616,长青集团,5.73,5.60,5.57,21414600.0,0.13,2.32,5.82,5.57,12269,3.65,16.49,4.46,33.66,49.23,1.40,6.16,5.04,1.52
002617,露笑科技,9.23,10.26,10.16,308843400.0,-1.03,-10.04,10.30,9.23,297616,16.45,95.31,10.43,173.30,176.22,2.74,11.29,9.23,1.00
002618,丹邦退,1.26,1.26,0.00,0.0,0.00,0.00,0.00,0.00,0,0.00,-3.21,0.00,6.90,6.90,0.78,-1,-1,0.00
002619,*ST艾格,0.56,0.56,0.00,0.0,0.00,0.00,0.00,0.00,0,0.00,-1.31,0.00,8.02,10.33,0.49,-1,-1,0.00
002620,*ST瑞和,6.99,7.02,7.00,23632800.0,-0.03,-0.43,7.24,6.83,16620,7.48,-28.95,5.84,22.09,26.39,-35.81,7.37,6.67,0.91
002621,*ST美吉,0.37,0.37,0.00,0.0,0.00,0.00,0.00,0.00,0,0.00,-0.32,0.00,2.97,3.04,-0.61,-1,-1,0.00
002622,皓宸医疗,2.53,2.61,2.65,19541700.0,-0.08,-3.07,2.66,2.52,5071,2.33,-18.39,5.36,21.25,21.25,7.95,2.87,2.35,0.99
002623,亚玛顿,19.16,20.20,20.21,6165300.0,-1.04,-5.15,20.33,19.08,11971,3.10,-25.18,6.19,38.06,38.14,1.39,22.22,18.18,0.79
002624,完美世界,14.01,14.28,14.61,67024800.0,-0.27,-1.89,14.88,13.95,95663,3.67,51.15,6.51,256.07,271.79,3.77,15.71,12.85,1.28
002625,光启技术,40.21,42.15,42.20,48118800.0,-1.94,-4.60,42.48,40.02,197913,2.23,121.58,5.84,866.36,866.36,8.86,46.37,37.94,0.91
002626,金达威,15.19,14.93,15.00,4130600.0,0.26,1.74,15.31,14.90,6247,0.68,32.65,2.75,92.64,92.65,2.10,16.42,13.44,1.11
002627,三峡旅游,7.31,7.03,7.09,34384900.0,0.28,3.98,7.58,6.96,24964,4.80,86.18,8.82,52.42,52.97,1.71,7.73,6.33,1.37
002628,成都路桥,4.94,5.23,5.28,28453900.0,-0.29,-5.54,5.28,4.91,14386,3.77,-53.99,7.07,37.24,37.40,1.33,5.75,4.71,1.15
002629,仁智股份,5.21,5.45,5.50,27720300.0,-0.24,-4.40,5.76,5.20,14899,7.65,267.39,10.28,18.87,22.20,35.20,6.00,4.91,0.65
002630,*ST华西,1.63,1.64,1.61,34508800.0,-0.01,-0.61,1.69,1.60,5706,3.21,-5.97,5.49,17.55,19.25,-25.28,1.72,1.56,0.97
002631,德尔未来,6.99,7.28,7.26,18855800.0,-0.29,-3.98,7.30,6.93,13318,2.38,-27.53,5.08,55.47,55.73,2.75,8.01,6.55,0.65
002632,道明光学,10.17,10.99,11.02,28185700.0,-0.82,-7.46,11.12,10.15,29568,4.91,30.08,8.83,58.42,63.52,3.00,12.09,9.89,2.02
002633,申科股份,17.47,18.16,18.28,3163500.0,-0.69,-3.80,19.19,17.45,5713,2.12,275.77,9.58,26.11,26.20,6.09,19.98,16.34,1.06
002634,*ST棒杰,4.56,4.34,4.48,11101100.0,0.22,5.07,4.56,4.41,5039,2.51,-2.10,3.46,20.17,20.95,-2.69,4.56,4.12,1.07
002635,安洁科技,16.64,17.23,17.23,47974600.0,-0.59,-3.42,17.78,16.41,81243,12.13,95.54,7.95,65.82,109.77,1.91,18.95,15.51,0.88
002636,金安国纪,53.51,53.50,55.00,70616800.0,0.01,0.02,56.80,53.02,386944,9.75,81.29,7.07,387.58,389.55,10.46,58.85,48.15,1.30
002637,赞宇科技,10.85,10.72,10.72,13066500.0,0.13,1.21,11.04,10.66,14217,2.81,25.41,3.54,50.45,51.04,1.35,11.79,9.65,0.55
002638,勤上股份,4.54,4.62,4.62,74400800.0,-0.08,-1.73,4.71,4.27,33134,5.50,-18.99,9.52,61.41,65.22,3.45,5.08,4.16,1.42
002639,雪人集团,17.18,16.54,16.54,133863200.0,0.64,3.87,18.00,16.05,226062,20.29,443.74,11.79,113.33,133.82,5.22,18.19,14.89,2.81
002640,跨境通,3.80,3.87,3.87,217458700.0,-0.07,-1.81,3.98,3.76,83825,14.05,-23.09,5.68,58.83,59.21,9.19,4.26,3.48,2.50
002641,公元股份,4.16,4.06,4.13,31666500.0,0.10,2.46,4.44,4.13,13469,2.79,74.18,7.64,47.17,51.13,0.94,4.47,3.65,3.13
002642,荣联科技,8.74,9.07,9.19,29641100.0,-0.33,-3.64,9.20,8.60,26212,4.48,289.90,6.62,57.82,57.82,4.87,9.98,8.16,0.93
002643,万润股份,14.85,16.50,16.45,43198400.0,-1.65,-10.00,16.45,14.85,66049,4.75,46.87,9.70,135.03,137.06,1.92,18.15,14.85,1.52
002644,佛慈制药,7.78,7.70,7.70,6420400.0,0.08,1.04,7.85,7.60,4975,1.26,75.69,3.25,39.73,39.73,2.15,8.47,6.93,1.71
002645,华宏科技,29.47,31.30,31.19,34733300.0,-1.83,-5.85,31.19,29.17,103966,6.21,47.47,6.45,164.72,184.95,4.33,34.43,28.17,0.87
002646,天佑德酒,7.74,7.55,7.58,9232500.0,0.19,2.52,7.82,7.51,7101,1.94,-251.82,4.11,36.83,37.08,1.29,8.31,6.80,1.14
002647,仁东控股,11.64,11.88,11.89,26603500.0,-0.24,-2.02,11.99,11.55,31155,2.62,-168.00,3.70,118.18,131.57,21.14,13.07,10.69,0.93
002648,卫星化学,23.27,23.88,23.67,39241800.0,-0.61,-2.55,23.73,23.11,91538,1.17,13.38,2.60,783.38,783.88,2.21,26.27,21.49,0.85
002649,博彦科技,9.50,9.70,9.80,10283000.0,-0.20,-2.06,9.83,9.44,9856,1.92,126.18,4.02,50.95,55.61,1.34,10.67,8.73,0.97
002650,ST加加,7.20,7.33,7.31,5397300.0,-0.13,-1.77,7.45,7.20,3944,0.49,-61.92,3.41,79.71,79.71,4.58,7.70,6.96,1.16
002651,利君股份,8.23,8.32,8.36,6354300.0,-0.09,-1.08,8.45,8.19,5273,1.12,206.65,3.12,46.54,85.05,3.03,9.15,7.49,0.97
002652,扬子新材,5.61,5.87,5.88,24786900.0,-0.26,-4.43,5.99,5.53,14158,4.84,-106.82,7.84,28.73,28.73,12.23,6.46,5.28,0.59
002653,海思科,51.57,50.47,50.57,5474500.0,1.10,2.18,52.00,49.66,28018,1.02,75.24,4.64,276.82,577.54,12.71,55.52,45.42,1.49
002654,万润科技,15.31,16.58,16.68,79940000.0,-1.27,-7.66,16.74,15.21,125540,9.46,452.78,9.23,129.41,129.42,8.27,18.24,14.92,0.77
002655,共达电声,40.52,42.54,42.98,72693100.0,-2.02,-4.75,44.80,39.81,307199,19.98,251.40,11.73,147.40,147.70,17.96,46.79,38.29,1.43
002656,*ST摩登,3.43,3.42,3.41,10012100.0,0.01,0.29,3.46,3.39,3425,1.48,-49.10,2.05,23.21,24.44,5.92,3.59,3.25,0.64
002657,中科金财,17.60,18.31,18.40,9085700.0,-0.71,-3.88,18.75,17.57,16288,2.70,-56.84,6.44,59.16,59.85,3.51,20.14,16.48,0.95
002658,雪迪龙,7.68,8.19,8.18,14707600.0,-0.51,-6.23,8.18,7.64,11600,4.10,31.48,6.59,27.54,48.83,1.91,9.01,7.37,0.88
002659,凯文教育,4.43,4.44,4.44,14159300.0,-0.01,-0.23,4.52,4.39,6322,2.37,-153.07,2.93,26.50,26.50,1.24,4.88,4.00,1.11
002660,茂硕电源,7.66,8.09,8.12,7800700.0,-0.43,-5.32,8.17,7.62,6079,2.27,-10.35,6.80,26.27,27.32,2.74,8.90,7.28,1.18
002661,克明食品,7.84,7.78,7.80,3861200.0,0.06,0.77,7.95,7.75,3037,1.22,64.60,2.57,24.91,26.12,1.14,8.56,7.00,1.18
002662,峰璟股份,3.47,3.58,3.58,16626700.0,-0.11,-3.07,3.59,3.46,5838,1.11,22.95,3.63,52.05,52.05,1.16,3.94,3.22,0.92
002663,普邦股份,1.95,1.98,1.99,48813700.0,-0.03,-1.52,2.02,1.92,9636,2.86,-7.17,5.05,33.29,33.61,1.74,2.18,1.78,0.81
002664,信质集团,19.20,20.28,20.25,11318900.0,-1.08,-5.33,20.59,18.97,22150,2.81,50.30,7.99,77.29,78.37,2.21,22.31,18.25,0.79
002665,ST航高,0.37,0.37,0.00,0.0,0.00,0.00,0.00,0.00,0,0.00,-1.64,0.00,9.12,9.26,0.19,-1,-1,0.00
002666,德联集团,4.49,4.62,4.62,11448500.0,-0.13,-2.81,4.66,4.46,5207,2.29,72.24,4.33,22.48,35.38,1.00,5.08,4.16,1.16
002667,*ST威领,18.62,19.60,20.01,13865600.0,-0.98,-5.00,20.18,18.62,26270,5.86,-13.01,7.96,44.06,48.52,-243.96,20.58,18.62,0.64
002668,TCL智家,9.34,9.08,9.14,13746000.0,0.26,2.86,9.45,9.01,12801,1.27,8.98,4.85,101.26,101.26,2.79,9.99,8.17,1.42
002669,康达新材,15.72,17.47,18.69,88554400.0,-1.75,-10.02,18.97,15.72,148196,29.25,37.87,18.60,47.59,47.69,1.74,19.22,15.72,2.07
002670,国盛证券,11.54,11.53,11.57,15514000.0,0.01,0.09,11.77,11.52,18047,0.96,109.45,2.17,187.33,223.31,1.97,12.68,10.38,1.16
002671,龙泉股份,4.38,4.39,4.41,24861700.0,-0.01,-0.23,4.67,4.35,11205,4.51,45.01,7.29,24.16,24.67,1.50,4.83,3.95,1.06
002672,东江环保,3.77,3.77,3.77,7593000.0,0.00,0.00,3.83,3.74,2866,0.84,-3.37,2.39,34.12,41.67,1.87,4.15,3.39,0.96
002673,西部证券,6.59,6.71,6.69,57228700.0,-0.12,-1.79,6.81,6.59,38259,1.28,16.86,3.28,294.55,294.55,0.96,7.38,6.04,2.11
002674,兴业科技,15.12,15.30,15.39,8304100.0,-0.18,-1.18,15.66,14.90,12732,2.84,42.53,4.97,44.24,44.69,1.82,16.83,13.77,0.65
002675,东诚药业,12.79,12.57,12.60,9157300.0,0.22,1.75,12.82,12.58,11644,1.23,51.61,1.91,95.08,105.47,2.50,13.83,11.31,1.07
002676,顺威股份,5.33,5.47,5.48,13546600.0,-0.14,-2.56,5.54,5.31,7304,1.88,46.33,4.20,38.37,38.38,2.85,6.02,4.92,0.96
002677,浙江美大,7.05,7.16,7.14,5084900.0,-0.11,-1.54,7.23,7.00,3621,0.92,684.05,3.21,38.88,45.55,3.09,7.88,6.44,0.68
002678,珠江钢琴,6.01,5.83,5.88,20771500.0,0.18,3.09,6.35,5.85,12634,1.53,-22.20,8.58,81.59,81.64,2.68,6.41,5.25,1.28
002679,福建金森,9.33,9.48,9.48,4018100.0,-0.15,-1.58,9.60,9.28,3795,1.70,254.04,3.38,22.00,22.00,2.95,10.43,8.53,0.44
002680,长生退,0.77,0.77,0.00,0.0,0.00,0.00,0.00,0.00,0,0.00,1.35,0.00,4.47,7.50,0.20,-1,-1,0.00
002681,奋达科技,5.43,5.70,5.66,43088000.0,-0.27,-4.74,5.70,5.42,23731,2.75,-69.88,4.91,85.21,97.45,4.57,6.27,5.13,0.54
002682,龙洲股份,5.08,5.25,5.25,13537700.0,-0.17,-3.24,5.28,5.06,6961,2.41,-4.85,4.19,28.57,28.57,5.42,5.78,4.73,0.85
002683,广东宏大,32.05,33.60,33.60,13039600.0,-1.55,-4.61,33.67,31.89,42267,1.96,25.18,5.30,213.63,243.54,3.64,36.96,30.24,1.16
002684,猛狮退,0.69,0.69,0.00,0.0,0.00,0.00,0.00,0.00,0,0.00,0.64,0.00,3.33,3.91,-29.96,-1,-1,0.00
002685,华东重机,7.93,8.37,8.38,46332600.0,-0.44,-5.26,8.48,7.84,37548,4.60,92.39,7.65,79.90,79.91,4.84,9.21,7.53,0.78
002686,亿利达,6.33,6.72,6.70,15225700.0,-0.39,-5.80,6.75,6.30,9833,2.91,190.73,6.70,33.09,35.84,2.22,7.39,6.05,1.06
002687,乔治白,4.32,4.37,4.37,11248400.0,-0.05,-1.14,4.44,4.28,4891,2.72,26.92,3.66,17.86,21.81,1.39,4.81,3.93,0.94
002688,金河生物,5.52,5.95,5.77,52250200.0,-0.43,-7.23,5.89,5.52,29850,6.99,109.65,6.22,41.26,42.48,1.86,6.55,5.36,3.38
002689,ST远智,3.15,3.12,3.15,7962300.0,0.03,0.96,3.24,3.13,2536,0.76,31.73,3.53,32.85,32.86,2.75,3.28,2.96,1.27
002690,美亚光电,15.40,15.41,15.46,4810600.0,-0.01,-0.06,15.64,15.37,7450,1.11,18.70,1.75,66.80,135.86,5.64,16.95,13.87,1.05
002691,*ST冀凯,5.26,5.21,5.21,7721500.0,0.05,0.96,5.45,5.15,4068,2.30,-27.79,5.76,17.67,17.88,2.20,5.47,4.95,1.05
002692,远程股份,4.56,4.84,4.86,23868300.0,-0.28,-5.79,4.86,4.52,11110,3.33,-57.80,7.02,32.73,32.75,2.87,5.32,4.36,1.35
002693,双成药业,10.67,10.44,10.31,24300800.0,0.23,2.20,11.34,10.30,26106,5.91,136.01,9.96,43.85,44.25,10.64,11.48,9.40,0.69
002694,*ST顾地,2.42,2.38,2.45,10090400.0,0.04,1.68,2.49,2.41,2477,1.40,-3.75,3.36,17.39,18.47,-24.54,2.50,2.26,1.22
002695,煌上煌,11.47,11.74,11.91,4833600.0,-0.27,-2.30,11.91,11.41,5612,0.95,77.48,4.26,58.66,64.18,2.33,12.91,10.57,0.67
002696,百洋股份,5.88,6.03,6.00,5757300.0,-0.15,-2.49,6.09,5.86,3434,1.72,120.57,3.81,19.65,20.33,1.49,6.63,5.43,0.75
002697,红旗连锁,4.97,4.73,4.76,52615200.0,0.24,5.07,5.04,4.73,25964,4.59,14.49,6.55,56.92,67.59,1.41,5.20,4.26,2.57
002698,博实股份,12.58,12.94,12.97,13136100.0,-0.36,-2.78,13.19,12.49,16655,1.56,26.14,5.41,105.70,128.64,3.04,14.23,11.65,0.82
002699,*ST美盛,0.41,0.41,0.00,0.0,0.00,0.00,0.00,0.00,0,0.00,-3.47,0.00,3.73,3.73,0.36,-1,-1,0.00
002700,万憬能源,6.97,7.18,7.18,7077000.0,-0.21,-2.92,7.22,6.91,4993,3.29,37.39,4.32,14.97,28.83,2.06,7.90,6.46,0.78
002701,奥瑞金,5.03,5.04,5.04,25607800.0,-0.01,-0.20,5.08,5.01,12901,1.00,14.98,1.39,128.64,128.76,1.26,5.54,4.54,1.21
002702,海欣食品,5.50,5.35,5.35,30266400.0,0.15,2.80,5.78,5.35,16914,6.60,-79.65,8.04,25.23,30.57,2.95,5.89,4.82,2.56
002703,浙江世宝,18.84,20.00,20.36,63391600.0,-1.16,-5.80,21.40,18.63,123871,10.82,89.25,13.85,110.41,154.98,7.32,22.00,18.00,0.71
002705,新宝股份,12.89,12.34,12.35,19246700.0,0.55,4.46,13.19,12.30,24652,2.38,12.59,7.21,104.16,104.65,1.21,13.57,11.11,1.84
002706,良信股份,14.65,15.06,15.13,79476700.0,-0.41,-2.72,15.40,14.50,118420,8.69,75.28,5.98,133.96,164.54,4.01,16.57,13.55,0.98
002707,众信旅游,5.74,5.70,5.68,19405900.0,0.04,0.70,5.82,5.67,11182,2.24,-2809.03,2.63,49.65,56.41,6.27,6.27,5.13,1.44
002708,光洋股份,13.70,14.87,14.85,27107900.0,-1.17,-7.87,14.95,13.58,38221,5.25,71.57,9.21,70.78,77.01,4.35,16.36,13.38,1.06
002709,天赐材料,52.03,51.89,51.60,104478700.0,0.14,0.27,53.87,50.61,547378,6.92,37.00,6.28,785.14,1060.66,5.74,57.08,46.70,0.92
002710,慈铭体检,0.00,0.00,0.00,0.0,0.00,0.00,0.00,0.00,0,0,0.00,0.00,0,0.00,0.00,-1,-1,0.00
002711,欧浦退,0.32,0.32,0.00,0.0,0.00,0.00,0.00,0.00,0,0.00,-25.17,0.00,3.37,3.38,-0.14,-1,-1,0.00
002712,思美传媒,5.10,5.15,5.20,14522100.0,-0.05,-0.97,5.26,5.08,7512,2.68,-55.86,3.50,27.59,27.76,2.01,5.67,4.64,0.96
002713,*ST东易,11.91,12.54,12.45,14585600.0,-0.63,-5.02,12.50,11.91,17641,2.77,295.74,4.70,62.71,113.31,13.05,13.17,11.91,1.02
002714,牧原股份,38.07,37.05,37.06,55551000.0,1.02,2.75,38.58,36.75,210192,1.46,22.47,4.94,1446.73,2197.78,2.62,40.76,33.35,1.38
002715,登云股份,15.53,16.10,16.20,4014900.0,-0.57,-3.54,16.28,15.33,6324,2.91,-227.42,5.90,21.43,21.43,4.61,17.71,14.49,0.76
002716,湖南白银,9.39,9.65,9.86,102542500.0,-0.26,-2.69,9.93,9.29,97756,4.41,56.68,6.63,218.30,265.09,6.53,10.62,8.69,0.84
002717,*ST岭南,0.91,0.94,0.90,164363100.0,-0.03,-3.19,0.98,0.89,15264,9.56,-0.69,9.57,15.64,16.56,-1.12,0.99,0.89,1.84
002718,友邦吊顶,87.18,90.19,90.63,1916300.0,-3.01,-3.34,91.72,85.00,16624,2.04,1015.31,7.45,81.93,112.85,12.26,99.21,81.17,0.78
002719,ST麦趣,7.50,7.62,7.55,7392100.0,-0.12,-1.57,7.78,7.41,5602,4.57,-11.20,4.86,12.14,13.06,11.98,8.00,7.24,1.19
002720,宏良股份,16.18,16.18,0.00,0.0,0.00,0.00,0.00,0.00,0,0,17.66,0.00,0,21.03,4.14,-1,-1,0.00
002721,金一文化,2.64,2.70,2.70,37043900.0,-0.06,-2.22,2.72,2.62,9911,1.39,84.03,3.70,70.21,70.21,3.26,2.97,2.43,1.05
002722,物产金轮,13.58,13.88,13.86,2834700.0,-0.30,-2.16,14.00,13.49,3885,1.27,18.71,3.67,30.20,30.20,1.01,15.27,12.49,0.71
002723,小崧股份,9.03,9.17,9.14,15461100.0,-0.14,-1.53,9.27,8.94,14004,4.88,-10.99,3.60,28.63,30.01,4.09,10.09,8.25,1.11
002724,海洋王,5.41,5.63,5.63,10046300.0,-0.22,-3.91,5.67,5.40,5533,1.77,55.55,4.80,30.72,41.74,1.52,6.19,5.07,1.31
002725,跃岭股份,15.52,15.52,15.79,20314200.0,0.00,0.00,16.79,15.50,32538,9.48,1795.23,8.31,33.27,39.73,4.09,17.07,13.97,1.34
002726,ST龙大,1.71,1.68,1.70,67772700.0,0.03,1.79,1.76,1.70,11814,6.28,-3.02,3.57,18.44,18.45,3.53,1.76,1.60,1.41
002727,一心堂,11.57,11.16,11.19,9260300.0,0.41,3.67,11.67,11.17,10646,2.36,24.27,4.48,45.46,67.75,0.92,12.28,10.04,1.51
002728,特一药业,8.85,8.73,8.73,12342300.0,0.12,1.37,8.97,8.68,10919,3.72,59.88,3.32,29.38,45.43,2.46,9.60,7.86,1.52
002729,好利科技,19.00,19.67,19.66,9907900.0,-0.67,-3.41,20.27,18.76,19441,5.65,85.82,7.68,33.34,34.76,6.14,21.64,17.70,1.05
002730,电光科技,30.13,32.02,32.50,24333900.0,-1.89,-5.90,32.69,28.82,74102,7.03,159.73,12.09,104.26,109.09,6.61,35.22,28.82,1.68
002731,ST萃华,4.35,4.35,0.00,0.0,0.00,0.00,0.00,0.00,0,0.00,4.07,0.00,9.99,11.14,0.60,4.57,4.13,0.00
002732,燕塘乳业,14.62,14.61,14.60,1669200.0,0.01,0.07,14.90,14.55,2457,1.07,46.97,2.40,22.89,23.00,1.52,16.07,13.15,0.96
002733,雄韬股份,33.42,34.47,34.90,31865900.0,-1.05,-3.05,35.22,33.00,108083,8.64,160.78,6.44,123.27,128.40,4.72,37.92,31.02,0.71
002734,利民股份,16.20,16.29,16.19,10538400.0,-0.09,-0.55,16.82,16.12,17320,2.43,15.30,4.30,70.36,77.09,1.98,17.92,14.66,0.83
002735,王子新材,14.80,15.43,15.16,33292200.0,-0.63,-4.08,15.39,14.50,49785,11.68,-35.45,5.77,42.19,55.54,3.55,16.97,13.89,1.10
002736,国信证券,10.12,9.95,9.95,34861200.0,0.17,1.71,10.20,9.94,35156,0.36,9.55,2.61,972.78,1036.46,1.03,10.95,8.96,1.25
002737,葵花药业,13.08,12.80,12.77,4606300.0,0.28,2.19,13.15,12.76,5985,0.79,-37.33,3.05,76.39,76.39,1.93,14.08,11.52,1.38
002738,中矿资源,61.89,63.75,64.16,27450100.0,-1.86,-2.92,64.57,60.70,170555,3.86,53.76,6.07,440.18,446.53,3.60,70.13,57.38,1.05
002739,儒意电影,9.21,8.88,8.89,59403200.0,0.33,3.72,9.32,8.85,54392,2.83,-84.88,5.29,193.40,194.49,2.55,9.77,7.99,1.77
002740,*ST爱迪,0.38,0.38,0.00,0.0,0.00,0.00,0.00,0.00,0,0.00,-0.21,0.00,1.57,1.73,-0.22,-1,-1,0.00
002741,光华科技,28.86,31.16,30.40,72196500.0,-2.30,-7.38,30.50,28.51,212260,16.93,111.99,6.39,123.05,134.21,6.93,34.28,28.04,0.93
002742,三圣股份,4.21,4.23,4.21,6537300.0,-0.02,-0.47,4.29,4.18,2764,1.25,-8.34,2.60,22.06,28.80,17.97,4.65,3.81,0.86
002743,富煌钢构,4.75,4.86,4.87,5656000.0,-0.11,-2.26,4.93,4.70,2715,1.30,-2.17,4.73,20.64,20.68,0.89,5.35,4.37,0.72
002745,木林森,10.39,10.90,10.90,83340600.0,-0.51,-4.68,10.98,10.28,87402,7.83,-12.84,6.42,110.56,154.20,1.30,11.99,9.81,0.81
002746,仙坛股份,5.79,5.80,5.80,11050600.0,-0.01,-0.17,5.85,5.72,6403,1.56,19.07,2.24,41.09,49.83,1.11,6.38,5.22,1.16
002747,埃斯顿,27.72,28.32,28.32,67689400.0,-0.60,-2.12,29.87,27.54,192710,8.65,206.08,8.23,216.88,268.27,8.29,31.15,25.49,0.65
002748,世龙实业,11.06,11.18,11.21,5066700.0,-0.12,-1.07,11.27,11.00,5648,2.11,36.91,2.42,26.54,26.54,1.86,12.30,10.06,1.16
002749,国光股份,9.30,9.10,9.14,2480900.0,0.20,2.20,9.36,9.10,2297,0.46,17.72,2.86,50.62,52.05,2.93,10.01,8.19,1.10
002750,龙津退,0.59,0.59,0.00,0.0,0.00,0.00,0.00,0.00,0,0.00,-5.76,0.00,2.35,2.36,0.51,-1,-1,0.00
002751,易尚退,0.86,0.86,0.00,0.0,0.00,0.00,0.00,0.00,0,0.00,-0.67,0.00,1.12,1.33,0.23,-1,-1,0.00
002752,昇兴股份,6.63,6.83,6.83,15664200.0,-0.20,-2.93,6.87,6.61,10492,1.61,17.71,3.81,64.68,64.77,1.81,7.51,6.15,0.84
002753,永东股份,6.43,6.58,6.58,6748700.0,-0.15,-2.28,6.64,6.40,4392,2.78,259.83,3.65,15.61,27.56,1.04,7.24,5.92,0.44
002755,奥赛康,14.56,14.80,14.81,17815000.0,-0.24,-1.62,15.00,14.10,25779,1.92,50.74,6.08,135.14,135.14,4.09,16.28,13.32,0.76
002756,永兴材料,62.46,62.89,63.40,16110000.0,-0.43,-0.68,64.64,62.05,102071,4.16,35.11,4.12,241.77,336.72,2.59,69.18,56.60,1.12
002757,南兴股份,23.40,24.71,24.69,14177700.0,-1.31,-5.30,24.99,23.00,33638,5.03,57.50,8.05,66.00,69.14,3.46,27.18,22.24,0.66
002758,浙农股份,8.29,8.25,8.23,4898500.0,0.04,0.48,8.35,8.21,4062,0.95,7.95,1.70,42.96,43.01,0.83,9.08,7.43,0.93
002759,天际股份,27.90,29.44,29.26,47482900.0,-1.54,-5.23,29.46,27.81,134536,9.48,46.43,5.60,139.76,139.89,4.01,32.38,26.50,0.96
002760,凤形股份,19.25,20.30,20.40,7952600.0,-1.05,-5.17,21.15,18.99,15739,7.36,87.40,10.64,20.79,20.79,2.48,22.33,18.27,0.86
002761,浙江建投,7.98,7.73,7.81,15331300.0,0.25,3.23,8.08,7.77,12174,1.42,37.77,4.01,86.33,105.72,1.22,8.50,6.96,1.47
002762,*ST金比,9.31,9.59,9.59,3408000.0,-0.28,-2.92,9.72,9.21,3190,1.61,-17.85,5.32,19.68,32.96,4.93,10.07,9.11,0.62
002763,汇洁股份,7.94,7.78,7.81,8934700.0,0.16,2.06,8.11,7.79,7148,2.94,46.83,4.11,24.11,32.55,2.08,8.56,7.00,1.27
002765,蓝黛科技,8.19,8.50,8.50,11755900.0,-0.31,-3.65,8.56,8.16,9749,1.97,35.21,4.71,48.80,53.41,2.01,9.35,7.65,0.88
002766,索菱股份,4.61,5.06,5.11,68682500.0,-0.45,-8.89,5.30,4.56,33242,8.02,-53.60,14.62,39.50,39.83,3.73,5.57,4.55,0.80
002767,先锋电子,17.42,18.01,18.09,1883500.0,-0.59,-3.28,18.14,17.23,3306,1.45,103.46,5.05,22.68,26.13,3.03,19.81,16.21,0.59
002768,国恩股份,63.26,68.05,69.18,9020400.0,-4.79,-7.04,69.78,63.26,59371,5.10,19.31,9.58,111.81,190.57,2.76,74.86,61.25,0.99
002769,普路通,7.74,7.80,7.80,9545200.0,-0.06,-0.77,7.97,7.68,7461,2.56,506.20,3.72,28.87,28.89,2.46,8.58,7.02,0.75
002770,科迪退,0.60,0.60,0.00,0.0,0.00,0.00,0.00,0.00,0,0.00,7.25,0.00,3.64,6.57,3.32,-1,-1,0.00
002771,真视通,17.48,16.72,16.43,47031700.0,0.76,4.55,17.85,16.43,80587,26.95,-60.12,8.49,30.51,36.67,6.19,18.39,15.05,1.78
002772,众兴菌业,13.44,13.75,13.75,8661600.0,-0.31,-2.25,13.93,13.39,11727,2.33,11.21,3.93,49.95,50.37,1.43,15.13,12.38,1.24
002773,康弘药业,21.00,20.85,20.86,9053900.0,0.15,0.72,21.33,20.70,19053,1.32,18.07,3.02,144.22,193.48,2.01,22.94,18.77,1.28
002774,快意电梯,11.51,11.81,11.84,6287800.0,-0.30,-2.54,12.02,11.45,7311,2.23,66.26,4.83,32.43,38.75,3.48,12.99,10.63,0.60
002775,文科股份,4.05,4.11,4.11,25752900.0,-0.06,-1.46,4.20,3.94,10536,4.50,-8.43,6.33,23.16,25.77,-51.87,4.52,3.70,0.89
002776,*ST柏龙,0.40,0.40,0.00,0.0,0.00,0.00,0.00,0.00,0,0.00,-0.27,0.00,2.15,2.15,-0.31,-1,-1,0.00
002777,久远银海,14.16,14.58,14.62,6503800.0,-0.42,-2.88,14.70,14.10,9302,1.61,78.43,4.12,57.28,57.81,3.40,16.04,13.12,0.72
002778,中晟高科,18.99,19.56,19.55,3550000.0,-0.57,-2.91,19.69,18.92,6797,2.88,162.61,3.94,23.44,23.69,7.38,21.52,17.60,0.81
002779,中坚科技,70.38,73.14,73.13,3646800.0,-2.76,-3.77,73.50,70.00,25982,2.20,81.80,4.79,116.70,130.06,13.83,80.45,65.83,0.90
002780,三夫户外,14.23,14.50,14.60,4521200.0,-0.27,-1.86,14.60,14.15,6494,3.46,32.98,3.10,18.59,23.53,2.87,15.95,13.05,0.77
002781,奇信退,0.42,0.42,0.00,0.0,0.00,0.00,0.00,0.00,0,0.00,-0.43,0.00,0.94,0.94,-0.18,-1,-1,0.00
002782,可立克,27.72,29.96,29.40,34665600.0,-2.24,-7.48,29.42,27.39,98403,7.13,53.90,6.78,134.86,137.48,6.42,32.96,26.96,0.84
002783,凯龙股份,7.67,7.88,7.90,6835400.0,-0.21,-2.66,7.90,7.65,5292,1.48,33.00,3.17,35.37,38.30,1.44,8.67,7.09,0.86
002785,万里石,44.72,46.66,46.66,7591500.0,-1.94,-4.16,47.32,43.86,34263,3.92,-121.31,7.42,86.53,101.34,12.74,51.33,41.99,0.93
002786,银宝山新,8.41,8.66,8.52,28346000.0,-0.25,-2.89,9.25,8.34,24317,5.74,-127.89,10.51,41.55,41.68,20.92,9.53,7.79,0.75
002787,华源控股,24.85,25.33,25.47,16680800.0,-0.48,-1.89,26.20,24.57,42199,6.65,71.22,6.44,62.34,83.29,4.51,27.86,22.80,0.79
002788,鹭燕医药,11.85,11.71,11.68,18189000.0,0.14,1.20,12.08,11.60,21648,4.76,16.59,4.10,45.25,46.04,1.36,12.88,10.54,1.33
002789,*ST建艺,13.24,13.02,13.56,4749000.0,0.22,1.69,13.67,12.90,6359,3.04,-2.73,5.91,20.72,21.13,13.90,13.67,12.37,1.60
002790,瑞尔特,6.32,6.53,6.53,5425900.0,-0.21,-3.22,6.57,6.29,3475,2.08,-1155.67,4.29,16.48,26.41,1.28,7.18,5.88,1.29
002791,坚朗五金,15.71,15.57,15.58,5780700.0,0.14,0.90,16.17,15.58,9171,2.66,-51.47,3.79,34.20,55.60,1.04,17.13,14.01,0.86
002792,通宇通讯,41.71,46.34,45.51,35942200.0,-4.63,-9.99,45.80,41.71,155712,10.64,1283.92,8.83,140.91,218.49,7.75,50.97,41.71,1.17
002793,罗欣药业,4.29,4.27,4.26,17176500.0,0.02,0.47,4.34,4.23,7346,1.58,-17.28,2.58,46.59,46.66,4.24,4.70,3.84,0.85
002795,永和智控,7.64,8.19,8.19,23110700.0,-0.55,-6.72,8.21,7.55,17990,5.32,-64.98,8.06,33.19,33.74,7.57,9.01,7.37,0.80
002796,世嘉科技,48.03,49.95,50.30,13008900.0,-1.92,-3.84,51.76,47.65,64400,5.71,-197.92,8.23,109.37,121.21,14.39,54.95,44.96,0.72
002797,第一创业,7.00,7.04,7.05,106748100.0,-0.04,-0.57,7.18,6.99,75642,2.54,31.95,2.70,294.17,294.17,1.66,7.74,6.34,0.78
002798,帝欧水华,6.19,6.72,6.60,41223900.0,-0.53,-7.89,6.71,6.14,26420,8.51,-6.86,8.48,29.98,34.36,1.98,7.39,6.05,1.54
002799,环球印务,7.44,7.65,7.69,5876200.0,-0.21,-2.75,7.70,7.40,4432,1.84,-148.97,3.92,23.81,23.81,1.87,8.42,6.89,0.89
002800,天顺股份,17.47,17.93,17.94,4387400.0,-0.46,-2.57,17.94,17.17,7675,2.97,-110.82,4.29,25.83,26.60,5.38,19.72,16.14,0.96
002801,微光股份,31.35,33.00,33.00,3788900.0,-1.65,-5.00,33.29,31.00,12041,3.27,17.32,6.94,36.30,71.99,3.67,36.30,29.70,0.68
002802,洪汇新材,12.68,13.18,13.19,3696200.0,-0.50,-3.79,13.23,12.61,4754,2.47,53.95,4.70,18.98,22.98,3.62,14.50,11.86,0.74
002803,吉宏股份,21.80,21.94,22.17,13375300.0,-0.14,-0.64,22.50,21.32,29089,4.63,33.85,5.38,62.93,98.19,3.55,24.13,19.75,1.47
002805,丰元股份,21.55,21.48,21.63,15481300.0,0.07,0.33,22.22,21.26,33607,5.55,-18.96,4.47,60.08,60.35,6.45,23.63,19.33,1.10
002806,华锋股份,18.49,16.81,18.49,54693700.0,1.68,9.99,18.49,16.85,98986,31.41,-91.69,9.76,32.19,39.29,3.52,18.49,15.13,1.73
002807,江阴银行,3.96,3.88,3.89,23897700.0,0.08,2.06,3.97,3.89,9395,0.88,5.21,2.06,107.06,107.22,0.55,4.27,3.49,1.43
002808,*ST恒久,2.83,2.83,0.00,0.0,0.00,0.00,0.00,0.00,0,0.00,-16.81,0.00,5.29,7.61,3.18,2.97,2.69,0.00
002809,红墙股份,8.86,9.16,9.16,7868600.0,-0.30,-3.28,9.21,8.82,7081,4.63,-40.70,4.26,15.06,21.29,1.29,10.08,8.24,0.64
002810,山东赫达,22.73,24.02,24.11,15516000.0,-1.29,-5.37,24.17,22.65,35687,4.79,39.86,6.33,73.60,79.42,3.57,26.42,21.62,1.87
002811,郑中设计,11.54,11.90,11.89,5448600.0,-0.36,-3.03,11.96,11.46,6338,1.93,21.52,4.20,32.61,35.54,2.50,13.09,10.71,0.57
002812,恩捷股份,70.47,71.81,71.13,27161900.0,-1.34,-1.87,72.22,69.60,191851,3.30,183.65,3.65,579.71,692.11,2.71,78.99,64.63,0.67
002813,路畅科技,22.18,23.17,23.19,1995500.0,-0.99,-4.27,23.48,22.01,4463,1.66,-28.85,6.34,26.58,26.62,12.89,25.49,20.85,0.86
002815,崇达技术,16.50,17.05,17.01,90784400.0,-0.55,-3.23,17.57,16.30,153787,11.68,84.44,7.45,128.23,203.63,2.33,18.76,15.35,1.27
002816,*ST和科,24.79,25.48,25.48,2676100.0,-0.69,-2.71,25.84,24.73,6740,2.68,239.99,4.36,24.79,24.79,10.41,26.75,24.21,0.70
002817,黄山胶囊,6.92,7.09,7.04,6061200.0,-0.17,-2.40,7.15,6.85,4235,2.09,32.59,4.23,20.07,20.70,2.15,7.80,6.38,0.83
002818,富森美,11.06,11.17,11.12,4120500.0,-0.11,-0.98,11.24,11.05,4591,1.38,10.41,1.70,33.00,82.78,1.44,12.29,10.05,0.83
002819,东方中科,23.51,24.92,25.00,4127600.0,-1.41,-5.66,25.15,23.24,9863,1.74,-47.84,7.66,55.62,70.44,1.80,27.41,22.43,1.14
002820,桂发祥,10.19,10.21,10.26,5492600.0,-0.02,-0.20,10.48,10.10,5638,2.73,-85.82,3.72,20.47,20.47,2.34,11.23,9.19,0.93
002821,凯莱英,117.42,117.62,118.28,6954600.0,-0.20,-0.17,121.10,114.73,81955,2.19,38.17,5.42,372.22,423.74,2.36,129.38,105.86,1.01
002822,ST中装,2.96,2.96,2.98,10368800.0,0.00,0.00,3.05,2.94,3088,0.97,-1.87,3.72,31.64,57.72,5.36,3.11,2.81,1.37
002823,凯中精密,18.20,17.68,17.65,29400700.0,0.52,2.94,18.78,17.62,53609,13.43,25.23,6.56,39.84,59.76,2.95,19.45,15.91,1.15
002824,和胜股份,26.47,24.06,24.43,22088700.0,2.41,10.02,26.47,24.10,56854,9.77,49.19,9.85,59.87,82.37,3.53,26.47,21.65,1.64
002825,纳尔股份,10.28,10.77,10.71,6254400.0,-0.49,-4.55,10.78,10.23,6507,2.44,39.22,5.11,26.38,35.10,2.11,11.85,9.69,0.91
002826,易明医药,17.81,18.08,18.05,3493700.0,-0.27,-1.49,18.21,17.66,6239,1.89,36.35,3.04,32.89,33.96,4.05,19.89,16.27,0.42
002827,高争民爆,28.34,29.18,29.22,3179200.0,-0.84,-2.88,29.39,28.20,9067,1.15,41.35,4.08,78.22,78.51,7.27,32.10,26.26,1.09
002828,贝肯能源,9.40,9.68,9.53,8175600.0,-0.28,-2.89,9.62,9.30,7738,4.07,-33.64,3.31,18.89,18.89,2.89,10.65,8.71,0.74
002829,星网宇达,24.85,25.98,26.37,10928400.0,-1.13,-4.35,26.72,24.23,27634,7.48,-41.63,9.58,36.29,51.64,3.34,28.58,23.38,0.87
002830,名雕股份,21.25,21.90,21.90,1906000.0,-0.65,-2.97,22.22,21.04,4109,2.85,65.47,5.39,14.21,28.33,4.15,24.09,19.71,0.76
002831,裕同科技,38.54,39.79,39.81,7292800.0,-1.25,-3.14,40.30,38.30,28392,1.43,22.21,5.03,196.94,354.77,2.88,43.77,35.81,0.37
002832,比音勒芬,19.60,19.54,19.54,8026600.0,0.06,0.31,19.97,19.38,15767,2.06,18.47,3.02,76.33,111.86,1.95,21.49,17.59,0.76
002833,弘亚数控,19.07,18.96,19.01,9517000.0,0.11,0.58,19.93,18.89,18434,3.30,18.24,5.49,54.97,80.90,2.96,20.86,17.06,1.35
002835,同为股份,13.25,13.68,13.68,2666400.0,-0.43,-3.14,13.78,13.20,3571,2.09,25.28,4.24,16.87,29.08,2.28,15.05,12.31,0.88
002836,新宏泽,11.34,11.61,11.60,2545900.0,-0.27,-2.33,11.69,11.19,2897,1.11,61.04,4.31,26.13,26.13,7.42,12.77,10.45,0.97
002837,英维克,91.00,97.52,97.52,64770500.0,-6.52,-6.69,97.77,88.02,591246,7.45,184.86,10.00,791.32,892.04,25.77,107.27,87.77,1.30
002838,道恩股份,33.74,35.37,35.61,5993800.0,-1.63,-4.61,35.98,33.62,20609,1.42,61.21,6.67,141.92,161.41,4.30,38.91,31.83,0.92
002839,张家港行,4.24,4.18,4.18,24361100.0,0.06,1.44,4.25,4.16,10268,1.00,5.20,2.15,103.54,103.64,0.55,4.60,3.76,1.71
002840,华统股份,9.18,9.16,9.19,17210100.0,0.02,0.22,9.33,9.11,15834,2.16,-17.93,2.40,73.13,73.64,2.05,10.08,8.24,0.87
002841,视源股份,36.54,38.20,38.33,6409700.0,-1.66,-4.35,38.38,36.40,23717,1.23,23.15,5.18,189.79,254.32,1.94,42.02,34.38,1.34
002842,翔鹭钨业,32.36,32.76,33.09,37897400.0,-0.40,-1.22,33.78,31.20,123438,14.12,27.43,7.88,86.87,105.87,7.25,36.04,29.48,1.11
002843,泰嘉股份,22.44,24.13,24.01,12275600.0,-1.69,-7.00,24.18,22.19,28055,4.91,-203.51,8.25,56.14,56.49,4.20,26.54,21.72,0.86
002845,同兴达,15.08,16.35,16.30,22764000.0,-1.27,-7.77,16.36,14.98,35179,9.10,122.36,8.44,37.74,49.39,2.02,17.99,14.72,0.89
002846,英联股份,12.33,12.89,12.89,6117000.0,-0.56,-4.34,12.91,12.25,7639,2.35,140.82,5.12,32.08,51.79,3.66,14.18,11.60,0.94
002847,盐津铺子,59.03,56.40,56.30,7642200.0,2.63,4.66,60.36,56.01,45091,3.13,20.10,7.71,143.94,160.98,7.42,62.04,50.76,2.67
002848,*ST高斯,16.96,17.12,16.80,3482900.0,-0.16,-0.93,17.20,16.80,5912,2.11,-48.05,2.34,27.97,28.35,33.93,17.98,16.26,0.58
002849,威星智能,16.41,17.13,17.11,7931000.0,-0.72,-4.20,17.82,16.40,13430,3.62,69.21,8.29,35.91,36.21,2.63,18.84,15.42,1.04
002850,科达利,173.88,183.81,186.00,7741800.0,-9.93,-5.40,186.20,173.79,136561,3.85,26.30,6.75,350.00,483.31,3.72,202.19,165.43,1.53
002851,麦格米特,126.05,135.49,140.00,32182200.0,-9.44,-6.97,140.91,123.50,419894,7.03,478.60,12.85,577.42,733.14,8.17,149.04,121.94,1.17
002852,道道全,7.96,8.01,8.01,4054700.0,-0.05,-0.62,8.08,7.89,3238,1.42,18.89,2.37,22.75,27.38,1.24,8.81,7.21,0.79
002853,皮阿诺,24.23,25.15,25.30,1805400.0,-0.92,-3.66,25.33,24.16,4449,1.40,-96.63,4.65,31.19,44.32,4.98,27.67,22.64,0.52
002855,捷荣技术,11.57,12.23,12.31,9660300.0,-0.66,-5.40,12.33,11.55,11435,3.92,-6.77,6.38,28.49,28.51,13.76,13.45,11.01,1.05
002856,*ST美芝,22.26,21.20,21.20,10147700.0,1.06,5.00,22.26,20.90,22365,8.19,-15.46,6.42,27.58,30.12,-59.19,22.26,20.14,0.90
002857,三晖电气,19.78,21.98,21.96,10420200.0,-2.20,-10.01,22.19,19.78,21609,8.10,-49.49,10.96,25.43,25.84,5.54,24.18,19.78,2.28
002858,力盛体育,13.22,13.65,13.64,5811000.0,-0.43,-3.15,13.74,13.22,7808,3.94,-349.66,3.81,19.49,24.68,2.93,15.02,12.29,0.90
002859,洁美科技,69.20,69.82,71.55,31960800.0,-0.62,-0.89,75.66,68.61,227927,7.87,127.61,10.10,280.88,298.41,9.87,76.80,62.84,1.48
002860,星帅尔,13.03,13.87,13.83,15100300.0,-0.84,-6.06,13.86,13.00,20028,4.39,23.85,6.20,44.82,45.88,2.05,15.26,12.48,0.98
002861,瀛通通讯,17.75,18.49,18.49,6199100.0,-0.74,-4.00,18.98,17.49,11165,4.13,-41.37,8.06,26.65,33.07,3.20,20.34,16.64,1.13
002862,实丰文化,16.49,16.88,16.96,3115500.0,-0.39,-2.31,17.09,16.36,5191,2.47,-16.27,4.32,20.82,27.70,9.51,18.57,15.19,0.99
002863,今飞凯达,4.96,5.05,5.05,10512600.0,-0.09,-1.78,5.09,4.94,5268,1.75,46.47,2.97,29.73,29.73,1.05,5.56,4.55,0.89
002864,盘龙药业,28.78,28.65,28.64,1466600.0,0.13,0.45,29.14,28.43,4220,1.99,35.24,2.48,21.21,30.59,1.79,31.52,25.79,0.78
002865,钧达股份,77.05,84.09,83.50,14646900.0,-7.04,-8.37,84.14,75.90,116135,6.55,-18.51,9.80,172.23,239.83,5.95,92.50,75.68,0.85
002866,传艺科技,19.86,20.46,20.57,7975800.0,-0.60,-2.93,20.64,19.74,16016,4.40,92.60,4.40,35.99,57.50,2.75,22.51,18.41,0.78
002867,周大生,12.60,12.40,12.35,8138000.0,0.20,1.61,12.65,12.30,10207,0.75,11.95,2.82,135.97,136.77,2.02,13.64,11.16,1.29
002868,绿康生化,28.47,29.52,29.37,2778800.0,-1.05,-3.56,29.70,28.45,8001,2.60,-42.65,4.23,30.46,44.25,63.65,32.47,26.57,0.84
002869,金溢科技,18.07,18.53,18.54,3457000.0,-0.46,-2.48,18.77,17.76,6238,2.19,-21.63,5.45,28.46,31.97,1.59,20.38,16.68,1.07
002870,香山股份,40.70,43.12,42.96,5868200.0,-2.42,-5.61,42.99,40.23,24238,4.52,86.95,6.40,52.80,53.75,3.32,47.43,38.81,1.17
002871,伟隆股份,20.12,20.85,21.27,8176200.0,-0.73,-3.50,21.59,19.95,17076,5.48,38.60,7.87,30.03,50.67,4.33,22.94,18.77,1.41
002872,ST天圣,5.40,5.52,5.51,5911600.0,-0.12,-2.17,5.51,5.31,3194,2.75,-32.53,3.62,11.61,17.17,0.88,5.80,5.24,1.28
002873,新天药业,8.71,8.75,8.73,6767800.0,-0.04,-0.46,8.91,8.62,5909,2.82,252.54,3.31,20.88,21.26,1.70,9.63,7.88,1.14
002875,安奈儿,20.60,21.59,21.74,6071900.0,-0.99,-4.59,21.74,20.51,12802,3.33,-56.27,5.70,37.58,43.88,7.10,23.75,19.43,1.17
002876,三利谱,27.22,29.25,29.25,6738300.0,-2.03,-6.94,29.31,27.13,18797,4.52,93.22,7.45,40.54,47.33,1.97,32.18,26.33,1.11
002877,智能自控,7.92,8.32,8.30,8797300.0,-0.40,-4.81,8.34,7.86,7097,3.66,117.94,5.77,19.05,28.18,2.32,9.15,7.49,0.93
002878,元隆雅图,15.99,15.70,15.71,26692000.0,0.29,1.85,16.38,15.65,42882,11.32,-112.91,4.65,37.72,41.89,3.35,17.27,14.13,1.94
002879,长缆科技,15.85,16.19,16.10,4885400.0,-0.34,-2.10,16.31,15.71,7802,3.56,23.07,3.71,21.73,30.61,1.82,17.81,14.57,1.00
002880,卫光生物,25.22,24.97,24.90,1270800.0,0.25,1.00,25.69,24.68,3193,0.56,24.49,4.04,57.20,57.20,2.39,27.47,22.47,1.13
002881,美格智能,45.44,49.54,49.00,18241500.0,-4.10,-8.28,49.04,45.44,85633,10.03,95.92,7.27,82.67,137.23,5.03,54.49,44.59,0.87
002882,金龙羽,22.65,23.35,23.32,3152900.0,-0.70,-3.00,23.45,22.53,7198,1.28,126.58,3.94,55.90,98.05,4.62,25.69,21.02,0.73
002883,*ST中设,9.37,9.52,9.52,2827300.0,-0.15,-1.58,9.63,9.33,2682,1.84,-74.21,3.15,14.37,14.63,3.12,10.00,9.04,0.80
002884,凌霄泵业,16.51,16.37,16.37,2297000.0,0.14,0.86,16.68,16.23,3787,0.84,13.17,2.75,45.08,59.05,2.74,18.01,14.73,1.00
002885,京泉华,44.20,48.04,49.04,34581400.0,-3.84,-7.99,49.60,43.41,157179,14.58,123.70,12.89,104.87,119.75,7.76,52.84,43.24,1.15
002886,沃特股份,28.63,29.52,28.92,35471900.0,-0.89,-3.01,30.65,28.48,104696,16.97,105.70,7.35,59.86,75.36,4.11,32.47,26.57,0.98
002887,绿茵生态,13.28,13.54,13.78,5018400.0,-0.26,-1.92,13.78,13.14,6674,2.31,30.11,4.73,28.85,40.64,1.71,14.89,12.19,0.59
002888,惠威科技,18.31,19.27,19.37,6824400.0,-0.96,-4.98,19.37,18.01,12812,9.11,146.47,7.06,13.72,27.03,7.10,21.20,17.34,0.84
002889,东方嘉盛,11.78,11.83,11.83,2144900.0,-0.05,-0.42,11.96,11.70,2538,0.85,45.41,2.20,29.60,44.49,1.77,13.01,10.65,0.63
002890,弘宇股份,15.19,15.80,15.68,1962200.0,-0.61,-3.86,15.91,15.05,3013,1.22,241.41,5.44,24.53,25.80,4.26,17.38,14.22,0.73
002891,中宠股份,29.75,29.39,29.35,9355400.0,0.36,1.22,30.28,28.84,27723,2.91,27.59,4.90,95.76,95.76,2.88,32.33,26.45,1.33
002892,科力尔,10.63,11.67,11.72,25632200.0,-1.04,-8.91,11.72,10.58,28220,5.11,410.92,9.77,53.27,79.16,6.22,12.84,10.50,0.88
002893,京能热力,12.54,12.21,12.00,42186200.0,0.33,2.70,12.82,11.92,52445,20.80,50.87,7.37,25.43,33.06,2.35,13.43,10.99,1.32
002895,川恒股份,34.10,34.23,34.53,11452500.0,-0.13,-0.38,35.53,33.91,39730,1.92,16.57,4.73,202.88,206.61,2.95,37.65,30.81,1.26
002896,中大力德,75.82,82.24,81.42,17092700.0,-6.42,-7.81,81.45,75.00,132207,8.70,264.33,7.84,149.00,149.00,12.37,90.46,74.02,0.85
002897,意华股份,76.90,80.55,81.01,14915000.0,-3.65,-4.53,84.29,75.57,118438,8.18,50.72,10.83,140.28,149.09,5.24,88.61,72.50,0.60
002898,*ST赛隆,8.30,8.30,0.00,0.0,0.00,0.00,0.00,0.00,0,0.00,-11.31,0.00,8.40,14.61,3.93,8.72,7.89,0.00
002899,英派斯,27.20,27.66,27.60,3892300.0,-0.46,-1.66,28.20,26.71,10706,2.63,63.01,5.39,40.20,40.20,2.27,30.43,24.89,0.81
002900,哈三联,10.25,10.30,10.28,3840300.0,-0.05,-0.49,10.41,10.14,3941,2.38,-10.20,2.62,16.52,32.43,1.84,11.33,9.27,1.09
002901,大博医疗,40.60,40.56,40.56,1693400.0,0.04,0.10,40.84,39.85,6822,0.59,26.14,2.44,117.10,168.09,4.51,44.62,36.50,1.02
002902,铭普光磁,33.31,34.95,34.96,20109200.0,-1.64,-4.69,35.36,32.79,68341,11.32,-35.00,7.35,59.17,78.28,12.90,38.45,31.46,0.82
002903,宇环数控,40.35,43.22,43.21,6780400.0,-2.87,-6.64,43.33,39.99,28000,6.36,-199.99,7.73,43.04,63.23,8.12,47.54,38.90,0.94
002905,金逸影视,8.26,8.33,8.30,5522000.0,-0.07,-0.84,8.41,8.24,4600,1.58,-31.54,2.04,28.86,31.08,47.65,9.16,7.50,0.87
002906,华阳集团,28.95,30.60,30.67,12516000.0,-1.65,-5.39,31.13,28.80,36886,2.39,19.19,7.61,151.88,151.96,2.20,33.66,27.54,1.09
002907,华森制药,12.40,12.23,12.23,2038000.0,0.17,1.39,12.47,12.21,2519,0.61,90.02,2.13,41.64,51.78,3.00,13.45,11.01,1.08
002908,德生科技,7.40,7.58,7.62,5508400.0,-0.18,-2.37,7.70,7.34,4131,1.71,-442.27,4.75,23.82,31.93,2.91,8.34,6.82,0.91
002909,集泰股份,5.77,6.06,6.06,13346800.0,-0.29,-4.79,6.11,5.67,7780,3.51,-64.19,7.26,21.95,22.50,2.65,6.67,5.45,0.73
002910,庄园牧场,9.93,10.06,9.98,5295300.0,-0.13,-1.29,10.27,9.88,5340,3.10,-24.29,3.88,16.99,19.42,1.96,11.07,9.05,0.99
002911,佛燃能源,11.36,11.37,11.36,4336400.0,-0.01,-0.09,11.47,11.28,4930,0.34,14.29,1.67,143.94,147.47,3.49,12.51,10.23,0.86
002912,中新赛克,21.38,22.82,23.00,3785100.0,-1.44,-6.31,23.00,21.23,8278,2.33,135.40,7.76,34.68,36.51,2.33,25.10,20.54,1.18
002913,奥士康,52.30,54.53,54.68,7225200.0,-2.23,-4.09,56.33,51.77,38802,2.39,77.89,8.36,157.78,165.98,3.75,59.98,49.08,0.91
002915,中欣氟材,18.98,19.80,19.81,9484800.0,-0.82,-4.14,19.92,18.88,18249,3.29,593.85,5.25,54.68,63.63,4.28,21.78,17.82,0.53
002916,深南电路,411.41,395.88,405.00,15361600.0,15.53,3.92,425.00,401.31,634707,2.31,77.10,5.98,2735.09,2802.39,17.03,435.47,356.29,0.89
002917,金奥博,13.55,14.24,14.11,11679800.0,-0.69,-4.85,14.28,13.48,16099,4.48,26.58,5.62,35.30,47.10,2.69,15.66,12.82,0.73
002918,蒙娜丽莎,13.46,14.96,15.39,38148000.0,-1.50,-10.03,15.86,13.46,53760,17.81,58.80,16.04,28.83,55.03,1.70,16.46,13.46,1.10
002919,名臣健康,22.60,23.06,23.06,5595100.0,-0.46,-1.99,23.80,22.45,12897,2.11,243.21,5.85,59.80,60.23,7.38,25.37,20.75,0.84
002920,德赛西威,101.76,108.20,110.40,19335000.0,-6.44,-5.95,110.84,101.76,202204,3.24,26.03,8.39,607.12,607.31,4.01,119.02,97.38,0.80
002921,联诚精密,26.32,27.25,27.31,5717700.0,-0.93,-3.41,27.49,26.06,15178,4.45,-512.99,5.25,33.81,39.21,2.99,29.98,24.53,0.78
002922,伊戈尔,42.54,47.27,47.60,37808700.0,-4.73,-10.01,48.77,42.54,169921,10.03,79.22,13.18,160.38,179.77,4.75,52.00,42.54,0.91
002923,润都股份,10.77,10.83,10.98,5071500.0,-0.06,-0.55,10.98,10.72,5491,1.97,-72.52,2.40,27.80,36.07,3.42,11.91,9.75,0.78
002925,盈趣科技,19.06,19.87,19.87,11618400.0,-0.81,-4.08,20.08,18.98,22338,1.59,24.77,5.54,139.34,147.08,2.95,21.86,17.88,0.99
002926,华西证券,8.09,8.08,8.09,19297500.0,0.01,0.12,8.22,8.07,15698,0.74,13.59,1.86,212.36,212.36,0.84,8.89,7.27,1.11
002927,泰永长征,24.30,23.29,23.00,43858000.0,1.01,4.34,25.62,22.74,107313,19.87,-659.34,12.37,53.63,54.24,5.39,25.62,20.96,1.98
002928,华夏航空,7.90,7.66,7.93,61659900.0,0.24,3.13,8.25,7.84,49596,4.82,14.89,5.35,100.98,100.98,2.54,8.43,6.89,1.14
002929,润建股份,73.20,76.12,78.00,25265200.0,-2.92,-3.84,79.44,72.00,189762,11.78,-1105.53,9.77,156.93,207.95,3.28,83.73,68.51,0.71
002930,宏川智慧,11.75,12.43,12.43,14192400.0,-0.68,-5.47,12.45,11.65,16933,3.28,-12.44,6.44,50.92,53.76,2.75,13.67,11.19,0.97
002931,锋龙股份,52.55,57.36,56.86,21257000.0,-4.81,-8.39,57.55,51.80,114981,10.56,640.44,10.02,105.76,114.82,12.03,63.10,51.62,0.74
002932,*ST明德,15.88,15.92,15.90,2356300.0,-0.04,-0.25,15.98,15.69,3738,1.51,-280.26,1.82,24.79,36.92,0.67,16.72,15.12,0.93
002933,新兴装备,27.42,28.68,28.65,1805600.0,-1.26,-4.39,28.92,27.40,5046,1.55,120.70,5.30,32.01,32.18,2.09,31.55,25.81,1.14
002935,天奥电子,19.03,20.54,20.45,9368800.0,-1.51,-7.35,20.53,18.95,18333,2.26,122.08,7.69,78.99,80.71,5.00,22.59,18.49,0.98
002936,郑州银行,1.77,1.76,1.76,65706100.0,0.01,0.57,1.78,1.75,11630,0.93,8.25,1.70,124.42,160.93,0.35,1.94,1.58,0.99
002937,兴瑞科技,31.33,32.60,32.93,6555800.0,-1.27,-3.90,33.15,31.05,20874,2.17,67.64,6.44,94.86,95.11,6.65,35.86,29.34,0.61
002938,鹏鼎控股,105.01,106.00,107.99,60926800.0,-0.99,-0.93,112.99,104.00,661239,2.64,65.57,8.48,2425.14,2434.19,7.03,116.60,95.40,1.13
002939,长城证券,8.50,8.40,8.41,27152000.0,0.10,1.19,8.54,8.38,22947,0.75,14.49,1.90,306.23,342.93,1.05,9.24,7.56,0.79
002940,昂利康,35.00,35.50,35.80,17208400.0,-0.50,-1.41,36.28,34.52,60684,9.29,55.51,4.96,64.85,70.60,4.29,39.05,31.95,0.91
002941,新疆交建,12.14,12.12,12.18,8574600.0,0.02,0.17,12.35,12.10,10495,1.18,19.09,2.06,88.59,88.59,1.89,13.33,10.91,0.89
002942,新农股份,17.02,17.33,17.35,1860300.0,-0.31,-1.79,17.55,16.90,3198,1.34,26.52,3.75,23.62,26.46,2.08,19.06,15.60,0.85
002943,宇晶股份,82.78,89.10,93.64,22140900.0,-6.32,-7.09,95.60,81.08,193294,15.19,512.36,16.30,120.63,170.22,19.67,98.01,80.19,1.79
002945,华林证券,14.58,14.85,14.88,13583100.0,-0.27,-1.82,15.03,14.56,20081,0.50,79.21,3.16,393.66,393.66,5.35,16.34,13.37,0.92
002946,新乳业,18.73,17.59,17.61,9704500.0,1.14,6.48,18.82,17.44,17785,1.14,20.55,7.85,159.34,161.20,4.22,19.35,15.83,1.81
002947,恒铭达,88.32,94.57,95.60,13896400.0,-6.25,-6.61,95.90,87.20,124901,7.01,39.35,9.20,175.14,226.28,7.28,104.03,85.11,1.07
002948,青岛银行,5.59,5.46,5.45,39729100.0,0.13,2.38,5.63,5.43,22117,1.28,5.97,3.66,173.99,325.36,0.76,6.01,4.91,1.23
002949,华阳国际,12.10,12.41,12.38,3248600.0,-0.31,-2.50,12.61,12.05,3987,2.14,25.62,4.51,18.38,23.72,1.66,13.65,11.17,0.87
002950,奥美医疗,9.94,10.03,10.00,9391000.0,-0.09,-0.90,10.09,9.86,9344,2.19,23.20,2.29,42.70,62.95,1.70,11.03,9.03,1.02
002951,金时科技,17.64,17.49,17.98,33921000.0,0.15,0.86,18.88,17.54,61038,8.46,-31.88,7.66,70.76,71.44,4.71,19.24,15.74,3.19
002952,亚世光电,27.07,30.08,29.88,11854500.0,-3.01,-10.01,29.95,27.07,33067,9.00,293.55,9.57,35.64,44.49,5.05,33.09,27.07,0.63
002953,日丰股份,10.44,10.83,10.83,6769900.0,-0.39,-3.60,10.83,10.40,7159,2.50,32.75,3.97,28.32,51.32,2.35,11.91,9.75,1.31
002955,鸿合科技,23.05,24.02,24.05,2611300.0,-0.97,-4.04,24.05,22.91,6116,1.33,579.29,4.75,45.10,54.55,1.70,26.42,21.62,1.13
002956,西麦食品,21.96,21.62,21.54,3666600.0,0.34,1.57,22.53,21.54,8084,1.17,31.41,4.58,68.63,68.64,4.30,23.78,19.46,0.68
002957,科瑞技术,62.04,61.96,67.48,52973000.0,0.08,0.13,67.98,60.66,333386,12.65,87.36,11.81,259.75,260.56,7.87,68.16,55.76,1.11
002958,青农商行,2.87,2.84,2.84,39295500.0,0.03,1.06,2.88,2.83,11235,0.72,4.99,1.76,156.11,159.45,0.42,3.12,2.56,1.44
002959,小熊电器,37.49,37.45,37.62,1027500.0,0.04,0.11,37.88,37.25,3858,0.68,17.06,1.68,56.43,58.42,2.04,41.20,33.71,1.15
002960,青鸟智控,8.28,8.59,8.64,17830100.0,-0.31,-3.61,8.69,8.21,14903,1.84,27.66,5.59,80.17,87.25,1.42,9.45,7.73,0.96
002961,瑞达期货,22.08,21.78,21.89,9127100.0,0.30,1.38,23.05,21.78,20500,1.91,15.73,5.83,105.31,105.31,2.63,23.96,19.60,1.65
002962,五方光电,18.48,19.81,19.79,31473300.0,-1.33,-6.71,19.89,18.32,59742,15.05,179.14,7.93,38.66,53.90,3.04,21.79,17.83,0.81
002963,豪尔赛,16.74,17.70,18.00,3012700.0,-0.96,-5.42,18.00,16.62,5162,2.45,-22.93,7.80,20.59,25.17,2.12,19.47,15.93,0.69
002965,祥鑫科技,32.60,34.49,34.73,9447500.0,-1.89,-5.48,34.81,32.10,31163,4.96,166.32,7.86,62.08,86.51,2.04,37.94,31.04,0.93
002966,苏州银行,8.15,8.04,8.05,37112400.0,0.11,1.37,8.21,8.05,30211,0.84,6.65,1.99,358.23,364.36,0.70,8.84,7.24,1.30
002967,广电计量,20.92,21.56,22.51,21557800.0,-0.64,-2.97,22.58,20.71,46694,3.94,30.53,8.67,114.48,133.32,2.71,23.72,19.40,1.78
002968,新大正,9.99,10.18,10.27,3842900.0,-0.19,-1.87,10.38,9.93,3901,1.80,23.76,4.42,21.28,22.61,1.81,11.20,9.16,0.91
002969,嘉美包装,18.65,19.17,19.18,54574500.0,-0.52,-2.71,20.15,18.40,104908,4.99,145.33,9.13,203.80,204.87,6.29,21.09,17.25,0.75
002970,锐明技术,63.30,67.43,67.06,5738100.0,-4.13,-6.12,67.50,62.32,36810,4.58,35.54,7.68,79.23,115.66,5.71,74.17,60.69,0.86
002971,和远气体,34.75,33.82,34.46,19263500.0,0.93,2.75,36.38,34.05,67959,12.32,138.38,6.89,54.35,73.58,4.07,37.20,30.44,1.54
002972,科安达,11.63,12.02,11.98,3973900.0,-0.39,-3.24,12.09,11.58,4681,2.95,30.86,4.24,15.66,28.61,2.26,13.22,10.82,0.88
002973,侨银股份,12.32,12.66,12.85,4739400.0,-0.34,-2.69,12.93,12.30,5943,1.49,33.30,4.98,39.13,50.35,1.95,13.93,11.39,0.83
002975,博杰股份,144.30,134.28,140.99,24216200.0,10.02,7.46,147.71,139.50,353337,17.63,128.97,6.11,198.20,300.33,12.76,147.71,120.85,1.62
002976,瑞玛精密,36.64,36.97,37.71,7559700.0,-0.33,-0.89,38.98,35.68,28120,11.34,-291.33,8.93,24.43,54.85,3.81,40.67,33.27,1.15
002977,*ST天箭,27.88,28.16,27.93,2476400.0,-0.28,-0.99,28.56,27.75,6967,3.72,-14.04,2.88,18.58,33.49,3.94,29.57,26.75,1.36
002978,安宁股份,27.73,27.89,27.90,3341700.0,-0.16,-0.57,28.35,27.58,9338,0.90,20.37,2.76,102.40,130.88,1.49,30.68,25.10,0.98
002979,雷赛智能,54.52,56.99,57.01,15789900.0,-2.47,-4.33,57.83,53.92,87321,7.12,71.05,6.86,120.90,171.72,9.20,62.69,51.29,0.60
002980,华盛昌,109.22,113.60,115.66,13860000.0,-4.38,-3.86,116.55,107.25,154760,13.68,266.39,8.19,110.63,206.86,18.32,124.96,102.24,0.84
002981,朝阳科技,26.74,25.79,25.80,7137000.0,0.95,3.68,26.88,24.44,18570,5.98,74.30,9.46,31.93,36.76,3.53,28.37,23.21,2.22
002982,湘佳股份,12.46,12.47,12.50,3702400.0,-0.01,-0.08,12.71,12.35,4633,2.85,180.06,2.89,16.21,25.32,1.58,13.72,11.22,1.00
002983,芯瑞达,24.67,27.41,27.20,8491700.0,-2.74,-10.00,27.21,24.67,21722,6.63,50.22,9.27,31.62,55.18,3.97,30.15,24.67,0.94
002984,森麒麟,15.22,15.17,15.17,10513800.0,0.05,0.33,15.48,15.11,16031,1.47,16.21,2.44,108.66,157.72,1.17,16.69,13.65,0.77
002985,北摩高科,30.21,31.55,32.00,5869300.0,-1.34,-4.25,32.00,30.10,17998,1.77,46.96,6.02,99.98,100.25,3.69,34.71,28.40,1.31
002986,宇新股份,11.82,12.19,12.20,7601700.0,-0.37,-3.04,12.34,11.70,9064,2.52,-33.55,5.25,35.68,44.93,1.18,13.41,10.97,1.16
002987,京北方,11.45,11.80,11.80,10183200.0,-0.35,-2.97,11.90,11.41,11780,1.01,38.97,4.15,115.89,119.19,4.22,12.98,10.62,0.92
002988,豪美新材,30.00,31.40,31.90,4532500.0,-1.40,-4.46,33.00,29.84,13992,1.81,64.17,10.06,74.94,74.94,2.79,34.54,28.26,1.01
002989,中天精装,28.88,29.94,29.65,7345500.0,-1.06,-3.54,30.23,28.51,21426,4.01,-32.60,5.74,52.95,58.23,4.18,32.93,26.95,0.90
002990,盛视科技,46.53,51.70,51.70,15270300.0,-5.17,-10.00,52.00,46.53,73661,11.06,206.97,10.58,64.22,121.84,4.93,56.87,46.53,0.98
002991,甘源食品,47.36,45.53,45.82,1281700.0,1.83,4.02,47.60,45.34,5982,2.57,19.89,4.96,23.65,44.15,2.48,50.08,40.98,2.20
002992,宝明科技,42.00,44.08,44.00,2430500.0,-2.08,-4.72,44.57,41.60,10312,1.56,489.62,6.74,65.62,75.96,10.32,48.49,39.67,1.27
002993,奥海科技,64.74,68.28,66.92,9086900.0,-3.54,-5.18,67.39,64.20,59575,3.81,51.91,4.67,154.37,178.71,3.81,75.11,61.45,0.87
002995,天地在线,22.83,20.75,21.50,18708100.0,2.08,10.02,22.83,21.30,41535,16.64,-36.49,7.37,25.66,40.51,5.05,22.83,18.68,3.24
002996,顺博合金,6.83,7.02,7.02,10463400.0,-0.19,-2.71,7.06,6.78,7229,2.51,19.79,3.99,28.43,45.72,1.38,7.72,6.32,0.89
002997,瑞鹄模具,31.85,31.24,31.37,10036100.0,0.61,1.95,34.25,31.30,32454,4.79,16.62,9.44,66.67,66.67,2.59,34.36,28.12,1.71
002998,优彩资源,8.24,8.49,8.57,7764800.0,-0.25,-2.94,8.60,8.18,6491,2.87,42.64,4.95,22.29,29.24,1.72,9.34,7.64,0.95
002999,天禾股份,6.22,6.38,6.37,7820300.0,-0.16,-2.51,6.41,6.19,4918,2.28,40.05,3.45,21.37,21.62,1.76,7.02,5.74,0.96
003000,劲仔食品,10.82,10.65,10.65,6377300.0,0.17,1.60,11.05,10.65,6961,2.07,19.80,3.76,33.33,48.79,3.31,11.72,9.59,1.85
003001,中岩大地,18.29,19.16,19.15,5649700.0,-0.87,-4.54,19.43,18.10,10515,4.94,316.87,6.94,20.90,31.91,2.67,21.08,17.24,0.62
003002,壶化股份,22.20,23.39,23.34,3237700.0,-1.19,-5.09,23.34,22.07,7298,1.77,26.97,5.43,40.59,44.40,2.86,25.73,21.05,1.13
003003,天元股份,11.88,12.20,12.33,4460500.0,-0.32,-2.62,12.38,11.81,5397,3.79,35.23,4.67,13.99,20.99,1.59,13.42,10.98,1.03
003004,声迅股份,59.71,57.28,55.03,5970100.0,2.43,4.24,61.08,55.03,35253,8.68,-5378.55,10.56,41.05,48.88,7.74,63.01,51.55,0.97
003005,竞业达,15.37,15.90,15.82,2758700.0,-0.53,-3.33,15.94,15.30,4296,2.17,-406.27,4.03,19.52,35.56,1.99,17.49,14.31,1.09
003006,百亚股份,17.08,16.20,16.20,11942900.0,0.88,5.43,17.38,16.16,20187,2.79,33.19,7.53,73.20,73.38,5.23,17.82,14.58,1.43
003007,直真科技,42.15,44.72,45.10,4123900.0,-2.57,-5.75,45.48,41.85,17751,5.68,214.18,8.12,30.60,50.40,3.31,49.19,40.25,0.56
003008,开普检测,19.85,20.41,20.45,1766400.0,-0.56,-2.74,20.60,19.61,3547,2.27,26.16,4.85,15.43,20.64,1.93,22.45,18.37,0.83
003009,中天火箭,50.50,53.29,53.00,3237100.0,-2.79,-5.24,53.39,50.30,16674,1.97,-104.46,5.80,83.17,83.18,4.13,58.62,47.96,0.94
003010,若羽臣,25.82,24.70,24.95,11618600.0,1.12,4.53,26.50,24.67,29741,5.14,33.56,7.41,58.39,80.32,10.15,27.17,22.23,1.90
003011,海象新材,21.27,22.39,22.53,2525500.0,-1.12,-5.00,22.53,21.11,5452,3.29,25.36,6.34,16.34,21.84,1.57,24.63,20.15,0.47
003012,东鹏控股,5.28,5.20,5.21,10909500.0,0.08,1.54,5.33,5.20,5753,0.96,18.38,2.50,59.90,61.09,0.81,5.72,4.68,1.48
003013,地铁设计,14.65,14.51,14.47,3441100.0,0.14,0.96,14.87,14.18,5016,0.86,14.04,4.76,58.59,67.50,2.00,15.96,13.06,0.97
003015,日久光电,12.50,13.18,13.20,6590200.0,-0.68,-5.16,13.32,12.44,8444,2.66,40.45,6.68,30.92,35.13,3.19,14.50,11.86,1.02
003016,欣贺股份,7.29,7.40,7.44,3782700.0,-0.11,-1.49,7.48,7.25,2784,0.92,102.87,3.11,29.95,30.66,1.14,8.14,6.66,0.87
003017,大洋生物,27.35,28.03,28.00,1841000.0,-0.68,-2.43,28.17,27.30,5084,2.66,22.66,3.10,18.95,22.97,1.97,30.83,25.23,0.83
003018,金富科技,67.33,64.58,66.67,17396300.0,2.75,4.26,70.84,66.07,119331,7.33,182.44,7.39,159.83,175.06,10.80,71.04,58.12,1.37
003019,宸展光电,41.35,44.05,44.52,13036900.0,-2.70,-6.13,44.93,40.75,54486,7.62,42.49,9.49,70.73,73.17,4.25,48.46,39.65,0.86
003020,立方制药,16.50,16.17,16.33,2926200.0,0.33,2.04,16.83,16.18,4818,1.74,23.21,4.02,27.81,37.66,2.11,17.79,14.55,1.57
003021,兆威机电,96.83,102.77,102.29,6655600.0,-5.94,-5.78,103.46,95.92,65689,3.21,107.71,7.34,200.81,259.08,5.05,113.05,92.49,0.80
003022,联泓新科,24.79,25.58,25.59,28394800.0,-0.79,-3.09,26.03,24.58,71533,2.13,87.35,5.67,330.81,331.09,4.42,28.14,23.02,1.02
003023,彩虹集团,25.50,25.59,25.85,5577400.0,-0.09,-0.35,27.09,25.31,14456,5.31,52.05,6.96,26.81,26.86,1.69,28.15,23.03,0.78
003025,思进智能,14.53,15.50,15.41,12411300.0,-0.97,-6.26,15.46,14.39,18440,5.48,26.90,6.90,32.90,41.26,3.17,17.05,13.95,1.09
003026,中晶科技,43.50,46.71,46.74,9293400.0,-3.21,-6.87,46.98,43.10,41507,9.31,113.09,8.31,43.42,56.38,8.28,51.38,42.04,0.93
003027,同兴科技,22.17,22.60,22.80,3810800.0,-0.43,-1.90,23.12,21.81,8506,3.63,40.97,5.80,23.25,28.98,1.71,24.86,20.34,0.53
003028,振邦智能,27.04,28.16,28.00,2642000.0,-1.12,-3.98,28.66,26.79,7241,3.75,79.41,6.64,19.07,39.13,2.27,30.98,25.34,0.52
003029,吉大正元,18.66,19.46,19.57,3145700.0,-0.80,-4.11,19.67,18.60,5947,1.79,-37.21,5.50,32.86,36.13,3.53,21.41,17.51,0.67
003030,祖名股份,23.40,24.32,24.45,4074500.0,-0.92,-3.78,24.55,23.16,9702,5.03,104.79,5.72,18.94,29.20,2.91,26.75,21.89,1.19
003031,中瓷电子,141.90,152.07,153.40,14088300.0,-10.17,-6.69,154.00,140.08,204163,4.14,101.10,9.15,482.68,640.04,9.68,167.28,136.86,1.01
003032,*ST传智,6.97,7.28,7.26,8339200.0,-0.31,-4.26,7.27,6.92,5879,2.93,-33.54,4.81,19.83,28.05,2.40,7.64,6.92,1.03
003033,征和工业,61.57,61.66,61.30,3652900.0,-0.09,-0.15,63.70,60.20,22608,4.52,32.64,5.68,49.71,50.33,3.62,67.83,55.49,1.51
003035,南网能源,7.48,7.27,7.20,100887800.0,0.21,2.89,7.64,7.14,74965,2.66,83.16,6.88,283.33,283.33,4.03,8.00,6.54,1.99
003036,泰坦股份,71.00,71.29,73.47,21798600.0,-0.29,-0.41,78.42,69.60,160814,10.08,314.18,12.37,153.56,153.57,10.92,78.42,64.16,1.39
003037,三和管桩,7.28,7.03,7.12,19028700.0,0.25,3.56,7.53,7.07,13946,3.18,125.70,6.54,43.61,43.61,1.56,7.73,6.33,1.69
003038,鑫铂股份,12.35,12.81,12.80,4111400.0,-0.46,-3.59,12.86,12.30,5149,2.52,-12.81,4.37,20.16,30.09,1.07,14.09,11.53,1.03
003039,顺控发展,12.91,12.82,12.86,4407700.0,0.09,0.70,13.10,12.83,5723,0.71,25.19,2.11,79.72,79.72,2.68,14.10,11.54,1.25
003040,楚天龙,12.94,13.30,13.30,5316900.0,-0.36,-2.71,13.40,12.91,6971,1.16,-253.94,3.68,59.12,59.67,4.14,14.63,11.97,0.84
003041,真爱美家,52.16,53.40,54.27,2593400.0,-1.24,-2.32,55.04,52.01,13876,1.90,244.64,5.67,71.37,75.11,5.10,58.74,48.06,1.07
003042,中农联合,14.57,14.82,15.05,3025800.0,-0.25,-1.69,15.07,14.44,4449,2.45,-14.97,4.25,17.96,20.76,1.70,16.30,13.34,0.82
003043,华亚智能,60.40,61.84,62.40,3934200.0,-1.44,-2.33,63.50,60.40,24346,4.69,107.48,5.01,50.63,80.83,4.58,68.02,55.66,0.73
003816,中国广核,4.58,4.50,4.49,152486000.0,0.08,1.78,4.64,4.46,69848,0.39,24.39,4.00,1801.55,2312.84,1.84,4.95,4.05,1.33
300001,特锐德,39.10,40.17,39.89,37574700.0,-1.07,-2.66,40.25,38.30,147756,3.63,33.01,4.85,404.65,412.72,4.89,48.20,32.14,1.05
300002,神州泰岳,7.90,8.13,8.10,40703000.0,-0.23,-2.83,8.19,7.88,32569,2.20,21.17,3.81,145.90,155.41,1.99,9.76,6.50,0.89
300003,乐普医疗,12.61,12.43,12.50,30296100.0,0.18,1.45,12.74,12.35,38031,1.92,28.00,3.14,199.10,232.46,1.41,14.92,9.94,1.41
300004,南风股份,13.78,15.30,15.19,32057500.0,-1.52,-9.93,15.30,13.66,45837,6.68,692.67,10.72,66.14,66.14,3.73,18.36,12.24,0.92
300005,探路者,15.11,15.20,15.45,38499500.0,-0.09,-0.59,15.63,14.76,58604,4.39,155.06,5.72,132.45,133.53,6.19,18.24,12.16,0.95
300006,莱美药业,5.35,5.58,5.61,22681400.0,-0.23,-4.12,5.63,5.32,12322,2.15,-41.56,5.56,56.49,56.49,3.24,6.70,4.46,0.92
300007,汉威科技,42.03,46.01,45.88,22055000.0,-3.98,-8.65,46.44,41.70,95722,7.79,82.60,10.30,118.92,137.63,4.66,55.21,36.81,0.90
300008,天海防务,6.58,6.73,6.72,52248900.0,-0.15,-2.23,6.76,6.54,34722,3.17,33.20,3.27,108.39,113.70,4.54,8.08,5.38,1.06
300009,安科生物,8.32,7.97,8.06,23066900.0,0.35,4.39,8.46,8.00,19029,1.87,20.04,5.77,102.36,139.00,3.22,9.56,6.38,1.91
300010,ST豆神,2.81,2.80,2.78,50320100.0,0.01,0.36,2.93,2.77,14330,3.03,-243.92,5.71,46.74,58.07,3.35,3.36,2.24,1.21
300011,鼎汉技术,6.48,6.70,6.70,8098900.0,-0.22,-3.28,6.75,6.48,5328,1.60,-257.17,4.03,32.87,39.24,2.60,8.04,5.36,1.32
300012,华测检测,14.37,14.57,15.26,36481800.0,-0.20,-1.37,15.58,14.28,53635,2.55,22.84,8.92,205.67,241.82,3.17,17.48,11.66,1.70
300013,新宁物流,4.79,4.62,4.66,40866400.0,0.17,3.68,5.06,4.66,19979,9.16,-99.79,8.66,21.37,26.75,14.88,5.54,3.70,1.32
300014,亿纬锂能,63.68,65.84,65.80,64234000.0,-2.16,-3.28,66.06,63.38,415934,3.04,30.90,4.07,1345.23,1383.96,3.21,79.01,52.67,1.05
300015,爱尔眼科,9.12,9.23,9.19,123724100.0,-0.11,-1.19,9.46,9.12,115207,1.56,25.23,3.68,725.53,850.48,3.69,11.08,7.38,1.30
300016,北陆药业,8.20,8.30,8.30,12626500.0,-0.10,-1.20,8.39,8.16,10427,2.25,38.73,2.77,46.10,47.70,1.94,9.96,6.64,1.18
300017,网宿科技,14.86,15.67,15.88,157463300.0,-0.81,-5.17,16.16,14.70,240014,6.73,50.91,9.32,347.94,370.86,3.45,18.80,12.54,1.09
300018,中元股份,13.40,14.15,14.10,18268200.0,-0.75,-5.30,14.13,13.25,24901,5.07,45.75,6.22,48.33,65.03,4.51,16.98,11.32,1.00
300019,硅宝科技,17.72,19.08,19.00,10279800.0,-1.36,-7.13,19.00,17.63,18776,2.79,27.47,7.18,65.32,69.66,2.64,22.90,15.26,0.83
300020,ST银江,3.31,3.35,3.35,10532400.0,-0.04,-1.19,3.43,3.28,3518,1.37,-1.47,4.48,25.37,26.30,1.97,4.02,2.68,1.11
300021,大禹节水,4.01,3.93,3.93,20761600.0,0.08,2.04,4.10,3.93,8409,2.38,81.35,4.33,35.02,41.00,1.56,4.72,3.14,1.30
300022,吉峰科技,8.45,8.60,8.65,11406600.0,-0.15,-1.74,8.77,8.42,9776,2.31,-133.19,4.07,41.76,41.76,8.17,10.32,6.88,0.70
300023,宝德退,1.09,1.09,0.00,0.0,0.00,0.00,0.00,0.00,0,0.00,3.62,0.00,2.81,3.45,0.59,-1,-1,0.00
300024,机器人,14.79,15.88,15.71,54896400.0,-1.09,-6.86,15.97,14.78,83456,3.51,-52.61,7.49,231.49,231.56,5.72,19.06,12.70,0.80
300025,华星创业,5.00,5.19,5.20,15852300.0,-0.19,-3.66,5.28,4.95,8079,3.13,-18.65,6.36,25.33,25.44,5.97,6.23,4.15,0.93
300026,红日药业,3.26,3.19,3.19,27302400.0,0.07,2.19,3.26,3.19,8822,0.91,410.11,2.19,97.84,97.94,1.14,3.83,2.55,1.35
300027,ST华谊,1.83,1.81,1.81,51195200.0,0.02,1.10,1.87,1.80,9380,1.99,-13.28,3.87,46.96,50.77,-443.02,2.17,1.45,1.10
300028,金亚退,0.30,0.30,0.00,0.0,0.00,0.00,0.00,0.00,0,0.00,-3.19,0.00,1.03,1.03,0.94,-1,-1,0.00
300029,*ST天龙,2.77,2.77,0.00,0.0,0.00,0.00,0.00,0.00,0,0.00,-29.04,0.00,5.55,5.55,-16.11,3.32,2.22,0.00
300030,阳普医疗,6.97,7.03,7.03,7905500.0,-0.06,-0.85,7.18,6.91,5578,2.90,75.88,3.84,18.97,21.55,3.36,8.44,5.62,0.99
300031,宝通科技,23.31,24.48,24.38,19242100.0,-1.17,-4.78,24.73,23.12,45672,5.47,37.11,6.58,82.03,97.61,2.39,29.38,19.58,0.81
300032,金龙机电,4.32,4.62,4.62,34703800.0,-0.30,-6.49,4.62,4.29,15295,4.32,-115.94,7.14,34.70,34.70,5.36,5.54,3.70,1.28
300033,同花顺,227.76,236.52,237.00,20848800.0,-8.76,-3.70,241.69,226.92,486806,4.76,51.31,6.24,998.52,1714.21,24.53,283.82,189.22,0.98
300034,钢研高纳,18.49,19.73,19.87,22079100.0,-1.24,-6.28,19.87,18.40,41741,2.88,147.67,7.45,141.83,147.36,3.82,23.68,15.78,1.15
300035,中科电气,16.46,17.32,17.31,26108300.0,-0.86,-4.97,17.44,16.39,43737,4.48,28.20,6.06,96.02,112.82,2.24,20.78,13.86,1.18
300036,超图软件,13.09,13.60,13.86,11666200.0,-0.51,-3.75,14.10,13.05,15602,2.66,133.31,7.72,57.40,64.50,2.44,16.32,10.88,1.21
300037,新宙邦,73.64,79.91,78.20,41763400.0,-6.27,-7.85,78.97,72.82,314223,7.72,41.19,7.70,398.26,555.16,5.22,95.89,63.93,0.89
300038,数知退,0.30,0.30,0.00,0.0,0.00,0.00,0.00,0.00,0,0.00,-0.29,0.00,3.49,3.52,0.26,-1,-1,0.00
300039,上海凯宝,5.32,5.27,5.30,5952100.0,0.05,0.95,5.37,5.29,3172,0.65,21.47,1.52,48.78,55.65,1.22,6.32,4.22,0.83
300040,九洲集团,7.60,7.26,7.18,101633100.0,0.34,4.68,7.88,7.16,77045,19.64,111.45,9.92,39.32,48.90,1.87,8.71,5.81,2.58
300041,回天新材,14.56,15.86,15.75,80713800.0,-1.30,-8.20,15.75,14.50,120742,14.83,36.55,7.88,79.22,81.45,2.69,19.03,12.69,0.95
300042,朗科科技,58.69,62.42,62.42,25638700.0,-3.73,-5.98,63.49,57.99,154192,12.79,96.61,8.81,117.60,117.61,10.49,74.90,49.94,0.83
300043,星辉娱乐,4.71,4.77,4.77,28062200.0,-0.06,-1.26,4.82,4.68,13363,2.26,14.61,2.94,58.57,58.60,3.28,5.72,3.82,0.85
300044,*ST赛为,5.76,5.96,6.00,18984600.0,-0.20,-3.36,6.02,5.72,11125,2.65,-3.50,5.03,41.21,44.00,-3.84,7.15,4.77,1.03
300045,华力创通,18.70,20.35,20.35,29776700.0,-1.65,-8.11,20.35,18.60,57154,5.77,-194.21,8.60,96.55,123.92,8.17,24.42,16.28,1.38
300046,台基股份,33.31,36.18,36.00,18673600.0,-2.87,-7.93,36.05,33.00,64205,7.89,172.57,8.43,78.79,78.79,6.85,43.42,28.94,1.17
300047,天源迪科,12.06,12.69,12.69,24607900.0,-0.63,-4.96,12.70,11.98,30211,4.29,233.11,5.67,69.21,76.91,2.33,15.23,10.15,0.84
300048,合康新能,5.84,6.05,6.05,18694900.0,-0.21,-3.47,6.05,5.79,10980,1.65,296.86,4.30,66.01,66.13,3.60,7.26,4.84,1.15
300049,福瑞医科,44.66,46.16,46.00,10846900.0,-1.50,-3.25,46.99,44.40,48816,4.64,75.26,5.61,104.34,118.34,5.97,55.39,36.93,1.16
300050,世纪鼎利,7.17,7.38,7.36,36025700.0,-0.21,-2.85,7.56,6.98,26023,6.62,233.63,7.86,39.04,39.07,9.47,8.86,5.90,1.00
300051,琏升科技,11.22,11.53,11.59,18843300.0,-0.31,-2.69,11.84,11.14,21586,5.13,-32.43,6.07,41.22,41.74,43.68,13.84,9.22,0.68
300052,中青宝,11.93,12.40,12.45,20124400.0,-0.47,-3.79,12.65,11.80,24369,7.69,-54.15,6.85,31.24,31.24,9.07,14.88,9.92,0.66
300053,航宇微,16.68,16.84,17.21,34738800.0,-0.16,-0.95,17.96,16.50,59935,5.34,-32.18,8.67,108.56,116.24,8.22,20.21,13.47,1.25
300054,鼎龙股份,67.14,74.56,74.50,56032000.0,-7.42,-9.95,75.00,66.50,388430,7.59,76.68,11.40,495.60,636.53,11.65,89.47,59.65,1.17
300055,万邦达,8.30,8.45,8.45,23301900.0,-0.15,-1.78,8.52,8.20,19420,3.68,-29.10,3.79,52.53,69.45,1.42,10.14,6.76,0.81
300056,中创环保,9.74,10.30,10.30,22078800.0,-0.56,-5.44,10.37,9.60,21851,5.73,-34.39,7.48,37.52,37.55,52.39,12.36,8.24,1.12
300057,万顺新材,8.23,8.63,8.68,57752900.0,-0.40,-4.63,8.70,8.17,48176,6.95,-52.98,6.14,68.39,82.59,1.62,10.36,6.90,0.82
300058,蓝色光标,16.70,16.16,16.70,477321400.0,0.54,3.34,17.31,16.46,807993,13.72,234.88,5.26,580.81,599.57,7.53,19.39,12.93,1.50
300059,东方财富,19.16,19.19,19.20,371959000.0,-0.03,-0.16,19.73,19.16,722160,2.79,23.10,2.97,2555.54,3028.05,3.17,23.03,15.35,1.00
300060,无效恒久,20.80,20.80,0.00,0.0,0.00,0.00,0.00,0.00,0,0.00,-123.55,0.00,38.87,55.91,23.36,-1,-1,0.00
300061,旗天科技,9.29,11.05,10.95,66042500.0,-1.76,-15.93,11.05,9.03,65321,10.61,-80.84,18.28,57.80,61.22,13.20,13.26,8.84,1.35
300062,中能电气,7.02,7.28,7.20,18291200.0,-0.26,-3.57,7.24,7.01,12980,3.99,-57.20,3.16,32.18,44.22,2.87,8.74,5.82,0.77
300063,天龙集团,10.54,10.40,10.49,72146400.0,0.14,1.35,11.08,10.41,77607,11.52,68.60,6.44,66.03,79.95,4.52,12.48,8.32,1.76
300064,金刚退,1.32,1.32,0.00,0.0,0.00,0.00,0.00,0.00,0,0.00,-45.58,0.00,9.19,15.91,-1.72,-1,-1,0.00
300065,海兰信,20.77,22.61,22.45,45637200.0,-1.84,-8.14,22.47,20.73,97627,6.95,2092.08,7.70,136.39,149.86,8.53,27.13,18.09,1.00
300066,三川智慧,5.31,5.58,5.53,19969300.0,-0.27,-4.84,5.60,5.28,10798,2.00,39.24,5.73,53.00,55.23,2.10,6.70,4.46,1.11
300067,安诺其,5.77,6.07,6.06,51833500.0,-0.30,-4.94,6.08,5.72,30370,5.53,-152.29,5.93,54.08,66.61,2.68,7.28,4.86,0.85
300068,ST南都,4.43,4.41,4.36,60612300.0,0.02,0.45,4.62,4.35,27165,7.10,-1.48,6.12,37.82,39.80,3.61,5.29,3.53,1.11
300069,金利华电,49.56,52.39,50.12,18137800.0,-2.83,-5.40,52.32,48.30,90611,15.50,-3828.12,7.67,57.99,57.99,21.25,62.87,41.91,0.75
300070,碧水源,3.52,3.51,3.52,31319200.0,0.01,0.28,3.57,3.51,11084,0.91,207.66,1.71,120.90,127.57,0.47,4.21,2.81,1.17
300071,福石控股,4.19,4.25,4.25,35992300.0,-0.06,-1.41,4.37,4.17,15395,3.81,-35.56,4.71,39.61,40.39,25.09,5.10,3.40,1.26
300072,海新能科,3.81,3.93,3.93,32623400.0,-0.12,-3.05,3.96,3.79,12615,1.40,-15.72,4.33,88.82,89.52,1.71,4.72,3.14,1.10
300073,当升科技,55.55,57.75,57.60,16353200.0,-2.20,-3.81,57.91,55.13,91987,3.23,37.86,4.81,281.07,302.36,2.04,69.30,46.20,0.91
300074,华平股份,4.09,4.30,4.30,18154900.0,-0.21,-4.88,4.39,4.05,7628,3.30,-13.04,7.91,22.49,22.51,2.64,5.16,3.44,1.15
300075,数字政通,12.68,13.00,13.29,10014200.0,-0.32,-2.46,13.39,12.56,12874,1.94,-21.00,6.38,65.36,78.76,2.48,15.60,10.40,1.01
300076,*ST宁视,4.77,4.93,4.93,10367000.0,-0.16,-3.25,4.95,4.67,4982,2.45,-25.12,5.68,20.22,20.22,2.41,5.92,3.94,1.07
300077,国民技术,22.97,24.90,24.91,59440100.0,-1.93,-7.75,24.93,22.79,140102,10.50,-141.88,8.59,130.09,155.77,8.94,29.88,19.92,1.00
300078,思创智联,3.31,3.43,3.43,23057400.0,-0.12,-3.50,3.48,3.29,7768,2.07,-65.19,5.54,36.85,37.00,7.34,4.12,2.74,0.90
300079,数码视讯,5.09,5.33,5.33,39012900.0,-0.24,-4.50,5.38,5.08,20156,3.04,203.28,5.63,65.23,72.58,1.76,6.40,4.26,1.04
300080,易成新能,3.99,4.10,4.10,23119600.0,-0.11,-2.68,4.11,3.96,9283,1.24,-9.99,3.66,74.65,74.75,1.74,4.92,3.28,0.97
300081,ST恒信,3.98,4.03,4.08,12306400.0,-0.05,-1.24,4.12,3.96,4987,2.04,-6.35,3.97,24.07,24.07,3.05,4.84,3.22,1.02
300082,奥克股份,9.69,10.24,10.24,16958900.0,-0.55,-5.37,10.24,9.60,16679,2.50,542.58,6.25,65.73,65.90,2.40,12.29,8.19,0.85
300083,创世纪,10.01,10.57,10.57,114530400.0,-0.56,-5.30,10.86,9.91,116789,7.68,142.26,8.99,149.36,166.65,3.14,12.68,8.46,1.00
300084,海默科技,12.02,12.82,12.98,22773200.0,-0.80,-6.24,13.11,11.95,28062,6.38,-196.82,9.05,42.87,65.96,4.52,15.38,10.26,1.27
300085,银之杰,38.68,39.57,39.57,37359500.0,-0.89,-2.25,40.60,38.45,147642,5.73,-212.11,5.43,252.20,273.33,65.13,47.48,31.66,1.04
300086,康芝药业,6.57,6.62,6.62,12371500.0,-0.05,-0.76,6.70,6.51,8177,2.81,-12.88,2.87,28.95,29.90,3.37,7.94,5.30,1.03
300087,荃银高科,7.44,7.28,7.28,14702300.0,0.16,2.20,7.50,7.25,10886,1.63,-34.81,3.43,67.13,70.48,4.15,8.74,5.82,1.36
300088,长信科技,7.10,7.87,7.75,299316500.0,-0.77,-9.78,7.77,7.04,219263,12.04,103.22,9.28,176.47,177.34,2.04,9.44,6.30,1.19
300089,文化退,0.19,0.19,0.00,0.0,0.00,0.00,0.00,0.00,0,0.00,-0.34,0.00,0.77,0.91,-0.21,-1,-1,0.00
300090,盛运退,0.12,0.12,0.00,0.0,0.00,0.00,0.00,0.00,0,0.00,1.27,0.00,1.54,1.58,-0.04,-1,-1,0.00
300091,*ST金灵,2.93,2.90,2.91,13785100.0,0.03,1.03,2.99,2.89,4046,0.84,-3.87,3.45,47.92,83.27,6.41,3.48,2.32,1.15
300092,科新机电,13.91,14.37,14.37,4843900.0,-0.46,-3.20,14.57,13.83,6826,2.31,92.27,5.15,29.19,38.10,2.33,17.24,11.50,1.02
300093,*ST金刚,21.80,22.04,21.89,3139800.0,-0.24,-1.09,22.13,21.53,6851,1.36,44.31,2.72,50.35,117.72,6.05,26.45,17.63,0.75
300094,国联水产,2.93,2.92,2.91,30248500.0,0.01,0.34,2.99,2.91,8940,2.74,-2.02,2.74,32.39,33.06,34.79,3.50,2.34,1.27
300095,华伍股份,9.14,9.50,9.49,11269100.0,-0.36,-3.79,9.50,9.07,10457,3.55,-17.92,4.53,29.04,36.05,2.86,11.40,7.60,0.91
300096,ST易联众,8.66,8.94,9.06,4859400.0,-0.28,-3.13,9.06,8.60,4282,1.13,77.99,5.15,37.24,37.24,11.17,10.73,7.15,1.32
300097,智云股份,9.29,9.72,9.79,8967300.0,-0.43,-4.42,9.97,9.25,8538,3.32,-10.15,7.41,25.08,26.81,13.54,11.66,7.78,0.77
300098,高新兴,5.31,5.67,5.68,60481400.0,-0.36,-6.35,5.72,5.28,32873,3.92,-1284.01,7.76,81.87,92.28,3.49,6.80,4.54,1.12
300099,尤洛卡,7.77,8.09,8.07,18019200.0,-0.32,-3.96,8.07,7.70,14065,3.10,31.11,4.57,45.17,57.29,2.49,9.71,6.47,0.68
300100,双林股份,30.51,33.01,32.66,20849700.0,-2.50,-7.57,33.35,30.20,65355,3.78,40.75,9.54,168.16,174.51,5.35,39.61,26.41,0.83
300101,振芯科技,17.23,18.19,18.29,15096700.0,-0.96,-5.28,18.59,17.14,26581,2.67,623.96,7.97,97.52,97.85,5.55,21.83,14.55,1.08
300102,乾照光电,24.18,25.97,26.00,40163400.0,-1.79,-6.89,26.00,23.96,99143,4.39,191.05,7.86,221.47,222.54,5.17,31.16,20.78,1.13
300103,达刚控股,7.98,8.31,8.31,8864800.0,-0.33,-3.97,8.39,7.90,7202,2.79,-44.56,5.90,25.32,25.34,5.65,9.97,6.65,0.84
300104,乐视退,0.18,0.18,0.00,0.0,0.00,0.00,0.00,0.00,0,0.00,-2.43,0.00,7.14,7.18,-0.05,-1,-1,0.00
300105,龙源技术,6.15,6.33,6.35,7770200.0,-0.18,-2.84,6.35,6.10,4826,1.51,-48.95,3.95,31.70,31.72,1.77,7.60,5.06,0.88
300106,西部牧业,14.62,13.79,13.85,24480300.0,0.83,6.02,15.81,13.69,36288,11.58,-86.07,15.37,30.90,30.90,8.20,16.55,11.03,2.12
300107,建新股份,6.44,6.68,6.71,10981300.0,-0.24,-3.59,6.71,6.39,7134,3.16,-159.12,4.79,22.37,36.24,2.45,8.02,5.34,0.88
300108,*ST吉药,0.21,0.21,0.00,0.0,0.00,0.00,0.00,0.00,0,0.00,-0.32,0.00,1.37,1.40,-0.17,-1,-1,0.00
300109,新开源,17.62,18.12,18.36,7710400.0,-0.50,-2.76,18.36,17.49,13776,1.72,48.83,4.80,78.81,85.17,2.30,21.74,14.50,0.84
300110,华仁药业,2.80,2.80,2.80,16313000.0,0.00,0.00,2.83,2.79,4580,1.38,-7.15,1.43,33.07,33.10,3.88,3.36,2.24,0.97
300111,向日葵,3.33,3.41,3.42,24791000.0,-0.08,-2.35,3.44,3.31,8354,1.93,-452.69,3.81,42.86,42.86,6.33,4.09,2.73,0.94
300112,万讯自控,6.98,7.35,7.35,11865300.0,-0.37,-5.03,7.43,6.90,8463,4.99,-30.20,7.21,16.58,20.26,2.18,8.82,5.88,1.14
300113,顺网科技,21.83,22.75,22.63,27656800.0,-0.92,-4.04,23.05,21.54,61035,5.43,34.66,6.64,111.12,147.17,5.84,27.30,18.20,0.77
300115,长盈精密,33.37,36.09,35.95,71734700.0,-2.72,-7.54,36.45,32.96,245879,5.29,82.89,9.67,452.94,454.28,5.35,43.31,28.87,0.90
300116,*ST保力,0.11,0.11,0.00,0.0,0.00,0.00,0.00,0.00,0,0.00,-2.51,0.00,4.51,4.87,2.75,-1,-1,0.00
300117,*ST嘉寓,0.43,0.43,0.00,0.0,0.00,0.00,0.00,0.00,0,0.00,-0.76,0.00,3.08,3.08,-0.16,-1,-1,0.00
300118,东方日升,14.00,15.50,15.50,75218900.0,-1.50,-9.68,15.50,13.82,108655,8.12,-5.46,10.84,129.75,159.60,1.92,18.60,12.40,1.67
300119,瑞普生物,16.14,15.81,15.80,3195000.0,0.33,2.09,16.16,15.68,5105,0.96,19.12,3.04,53.84,75.01,1.62,18.97,12.65,1.05
300120,经纬辉开,8.30,7.78,8.17,101798300.0,0.52,6.68,9.19,8.17,88273,19.30,-9.65,13.11,43.78,47.67,1.90,9.34,6.22,5.04
300121,阳谷华泰,11.03,11.80,11.80,18539400.0,-0.77,-6.53,11.80,10.91,20729,4.32,25.21,7.54,47.36,49.11,1.38,14.16,9.44,1.26
300122,智飞生物,13.59,13.71,13.68,21581100.0,-0.12,-0.88,13.99,13.59,29757,1.53,-2.20,2.92,192.20,325.32,2.11,16.45,10.97,0.92
300123,ST亚光,4.16,4.17,4.25,44794600.0,-0.01,-0.24,4.33,4.13,18923,4.51,-3.45,4.80,41.35,42.51,13.62,5.00,3.34,1.12
300124,汇川技术,73.96,76.95,77.15,40877300.0,-2.99,-3.89,78.25,73.40,307566,1.70,42.24,6.30,1782.67,2002.54,5.50,92.34,61.56,0.80
300125,*ST聆达,10.56,10.88,10.88,6392300.0,-0.32,-2.94,11.02,10.40,6804,1.77,179.64,5.70,38.10,70.31,6.73,13.06,8.70,0.91
300126,锐奇股份,6.84,7.16,7.16,7276000.0,-0.32,-4.47,7.34,6.70,5079,3.45,-32.24,8.94,14.41,20.79,2.09,8.59,5.73,1.01
300127,银河磁体,28.45,30.68,30.79,7061000.0,-2.23,-7.27,30.89,28.31,20559,3.06,47.86,8.41,65.67,91.94,5.86,36.82,24.54,1.39
300128,锦富技术,7.79,7.68,7.80,74933300.0,0.11,1.43,8.02,7.60,58571,5.78,-30.42,5.47,101.07,101.20,23.99,9.22,6.14,1.09
300129,泰胜风能,9.90,10.51,10.53,28317100.0,-0.61,-5.80,10.55,9.80,28471,3.94,59.96,7.14,71.15,109.78,1.90,12.61,8.41,1.30
300130,新国都,22.90,24.37,24.36,16024900.0,-1.47,-6.03,24.60,22.70,37427,3.69,31.00,7.80,99.42,129.91,2.88,29.24,19.50,0.81
300131,英唐智控,17.38,18.69,18.66,86852700.0,-1.31,-7.01,18.80,17.17,154265,8.33,1508.65,8.72,181.15,197.27,11.43,22.43,14.95,0.80
300132,青松股份,7.72,7.95,8.00,13929100.0,-0.23,-2.89,8.04,7.60,10883,2.74,23.02,5.53,39.22,39.88,2.71,9.54,6.36,0.83
300133,华策影视,8.44,8.62,8.61,92599800.0,-0.18,-2.09,8.76,8.37,78953,5.52,88.40,4.52,141.49,159.37,2.17,10.34,6.90,0.76
300134,大富科技,9.97,10.70,10.70,16227500.0,-0.73,-6.82,10.77,9.90,16445,2.11,-28.61,8.13,76.52,76.52,2.09,12.84,8.56,1.36
300135,宝利国际,3.52,3.58,3.57,17084600.0,-0.06,-1.68,3.59,3.49,6043,1.85,-34.92,2.79,32.44,32.44,3.75,4.30,2.86,0.87
300136,信维通信,98.65,113.68,111.00,139777800.0,-15.03,-13.22,112.48,95.51,1438792,16.94,129.67,14.93,814.06,954.51,11.97,136.42,90.94,1.40
300137,先河环保,18.67,18.51,18.90,26064600.0,0.16,0.86,19.00,17.92,48437,4.92,3623.98,5.83,98.96,100.18,6.11,22.21,14.81,0.85
300138,晨光生物,10.52,10.32,10.30,8436400.0,0.20,1.94,10.68,10.23,8860,2.12,14.27,4.36,41.90,50.82,1.53,12.38,8.26,1.99
300139,晓程科技,44.21,45.53,46.72,20517400.0,-1.32,-2.90,47.09,43.89,92685,8.78,65.36,7.03,103.30,121.14,10.17,54.64,36.42,0.75
300140,节能环境,6.01,6.10,6.09,16795300.0,-0.09,-1.48,6.18,5.98,10207,1.65,20.47,3.28,61.31,186.25,1.30,7.32,4.88,1.04
300141,和顺电气,11.34,11.91,11.85,4936300.0,-0.57,-4.79,11.96,11.28,5686,1.94,-72.47,5.71,28.87,29.24,4.72,14.29,9.53,0.88
300142,沃森生物,12.87,13.29,13.27,60476900.0,-0.42,-3.16,13.36,12.86,78796,3.84,72.03,3.76,202.95,205.84,2.78,15.95,10.63,0.74
300143,盈康生命,10.16,10.33,10.34,5559800.0,-0.17,-1.65,10.38,10.11,5664,0.87,118.41,2.61,65.15,76.14,3.00,12.40,8.26,0.78
300144,宋城演艺,6.74,6.57,6.58,34709700.0,0.17,2.59,6.86,6.56,23370,1.34,22.67,4.57,175.06,176.90,2.26,7.88,5.26,1.47
300145,南方泵业,4.38,4.64,4.64,64790300.0,-0.26,-5.60,4.66,4.33,28834,3.39,33.58,7.11,83.69,84.11,2.83,5.57,3.71,1.00
300146,汤臣倍健,9.77,9.57,9.54,15531500.0,0.20,2.09,9.87,9.52,15112,1.39,22.66,3.66,109.49,165.28,1.53,11.48,7.66,1.19
300147,*ST香雪,9.92,9.82,9.83,9285900.0,0.10,1.02,10.20,9.72,9240,1.41,-4.63,4.89,65.21,65.60,-13.91,11.78,7.86,0.98
300148,天舟文化,3.57,3.66,3.65,21395800.0,-0.09,-2.46,3.69,3.55,7776,2.63,56.24,3.83,29.06,30.10,2.92,4.39,2.93,1.03
300149,睿智医药,8.72,8.44,8.54,24683500.0,0.28,3.32,9.14,8.28,21460,5.20,-381.35,10.19,41.38,43.42,3.39,10.13,6.75,2.49
300150,世纪瑞尔,4.33,4.47,4.47,10396700.0,-0.14,-3.13,4.51,4.31,4565,2.24,66.56,4.47,20.08,25.34,1.61,5.36,3.58,0.98
300151,昌红科技,23.60,24.57,24.46,30145100.0,-0.97,-3.95,24.60,23.21,71428,8.18,196.96,5.66,87.00,125.67,8.18,29.48,19.66,0.86
300152,*ST动力,1.66,1.76,1.76,33845800.0,-0.10,-5.68,1.76,1.65,5752,4.75,-36.83,6.25,11.83,11.83,5.60,2.11,1.41,1.01
300153,科泰电源,26.96,28.37,28.39,13153400.0,-1.41,-4.97,28.98,26.69,36168,4.13,150.23,8.07,85.82,86.27,9.43,34.04,22.70,0.99
300154,瑞凌股份,9.37,10.10,10.29,14521200.0,-0.73,-7.23,10.32,9.27,14011,4.61,47.84,10.40,29.53,42.12,2.34,12.12,8.08,1.20
300155,安居宝,4.73,4.83,4.84,14630400.0,-0.10,-2.07,5.13,4.73,7155,4.44,-48.57,8.28,15.58,26.55,2.22,5.80,3.86,1.86
300156,神雾退,0.12,0.12,0.00,0.0,0.00,0.00,0.00,0.00,0,0.00,-0.05,0.00,0.87,1.21,-0.39,-1,-1,0.00
300157,新锦动力,4.58,4.73,4.77,27000300.0,-0.15,-3.17,4.77,4.52,12406,3.81,-51.22,5.29,32.42,34.53,-16.77,5.68,3.78,0.87
300158,振东制药,5.03,4.99,5.00,14276500.0,0.04,0.80,5.08,4.96,7160,1.44,-16.46,2.40,49.87,49.91,1.49,5.99,3.99,1.11
300159,*ST新研,3.88,3.94,3.92,41195000.0,-0.06,-1.52,4.07,3.85,16322,2.24,90.07,5.58,71.48,127.67,4.57,4.73,3.15,0.99
300160,秀强股份,5.02,4.99,5.00,17800200.0,0.03,0.60,5.10,4.88,8888,2.34,26.50,4.41,38.26,38.80,1.48,5.99,3.99,2.03
300161,华中数控,32.56,34.98,35.50,6438000.0,-2.42,-6.92,35.57,32.32,21649,3.30,-1421.21,9.29,63.49,64.70,4.19,41.98,27.98,0.90
300162,雷曼光电,9.54,10.78,10.71,72640600.0,-1.24,-11.50,10.71,9.43,71791,21.23,-68.72,11.87,32.64,40.02,4.84,12.94,8.62,0.74
300163,先锋新材,6.46,6.26,6.40,50161600.0,0.20,3.19,6.65,6.31,32644,10.99,89.45,5.43,29.50,30.62,5.57,7.51,5.01,0.85
300164,通源石油,9.92,10.35,10.02,56159500.0,-0.43,-4.15,10.16,9.84,56117,9.63,254.51,3.09,57.85,58.38,4.24,12.42,8.28,0.78
300165,天瑞仪器,6.20,6.34,6.34,18331700.0,-0.14,-2.21,6.48,6.15,11590,4.36,-13.75,5.21,26.07,30.72,2.91,7.61,5.07,0.87
300166,东方国信,16.41,17.71,17.40,104704700.0,-1.30,-7.34,17.64,16.24,175523,11.56,-85.28,7.91,148.64,186.87,3.28,21.25,14.17,0.85
300167,ST迪威迅,5.22,5.24,5.24,4609100.0,-0.02,-0.38,5.44,5.15,2436,1.30,-71.33,5.53,18.48,21.45,18.70,6.29,4.19,0.87
300168,万达信息,5.27,5.39,5.48,21176200.0,-0.12,-2.23,5.58,5.25,11395,1.47,-16.50,6.12,75.84,75.92,7.38,6.47,4.31,1.18
300169,天晟新材,5.47,5.74,5.81,11777200.0,-0.27,-4.70,5.86,5.44,6588,3.90,57.26,7.32,16.50,18.57,17.33,6.89,4.59,1.24
300170,汉得信息,19.00,18.99,19.67,102743700.0,0.01,0.05,20.66,18.90,203999,10.52,84.41,9.27,185.60,194.46,3.42,22.79,15.19,2.15
300171,东富龙,11.78,11.76,11.76,6943900.0,0.02,0.17,11.95,11.70,8191,1.23,43.42,2.13,66.28,90.21,1.13,14.11,9.41,1.00
300172,中电环保,4.79,4.84,4.83,13013500.0,-0.05,-1.03,4.88,4.77,6282,2.49,40.87,2.27,25.05,32.41,1.71,5.81,3.87,0.94
300173,ST福能,3.67,3.71,3.70,10816000.0,-0.04,-1.08,3.83,3.67,4054,1.47,-17.54,4.31,26.96,26.96,3.32,4.45,2.97,0.96
300174,元力股份,27.05,26.38,27.40,84930600.0,0.67,2.54,28.92,25.41,227440,23.40,44.18,13.31,98.18,98.52,2.82,31.66,21.10,1.43
300175,ST朗源,6.30,6.45,6.44,5276600.0,-0.15,-2.33,6.50,6.24,3343,1.12,-177.52,4.03,29.66,29.66,5.95,7.74,5.16,0.74
300176,鸿特科技,6.18,5.97,5.98,29204500.0,0.21,3.52,7.16,5.92,18097,7.54,49.74,20.77,23.93,23.93,2.44,7.16,4.78,2.48
300177,中海达,7.35,7.93,7.97,18270400.0,-0.58,-7.31,7.98,7.33,13762,3.01,-23.04,8.20,44.56,54.70,4.33,9.52,6.34,1.42
300178,腾邦退,0.20,0.20,0.00,0.0,0.00,0.00,0.00,0.00,0,0.00,-0.08,0.00,1.18,1.23,-0.10,-1,-1,0.00
300179,四方达,45.25,43.13,48.89,127955700.0,2.12,4.92,49.95,44.90,602809,34.21,215.58,11.71,169.23,219.79,17.29,51.76,34.50,1.55
300180,华峰超纤,4.91,5.07,5.07,37954400.0,-0.16,-3.16,5.09,4.88,18827,2.22,3060.54,4.14,84.09,86.47,1.85,6.08,4.06,0.68
300181,佐力药业,13.83,13.56,13.57,8986600.0,0.27,1.99,13.97,13.55,12402,1.49,14.91,3.10,83.38,97.00,3.05,16.27,10.85,0.98
300182,捷成股份,5.71,5.62,5.62,196994900.0,0.09,1.60,5.85,5.57,112463,8.72,88.38,4.98,129.01,152.10,1.79,6.74,4.50,1.27
300183,东软载波,12.28,12.82,12.76,9562600.0,-0.54,-4.21,12.88,12.05,11794,2.58,-353.91,6.47,45.56,56.81,1.84,15.38,10.26,1.11
300184,力源信息,16.49,17.14,17.32,234487100.0,-0.65,-3.79,18.40,16.23,403944,22.25,70.57,12.66,173.81,189.81,4.50,20.57,13.71,1.59
300185,通裕重工,2.78,2.85,2.85,90550300.0,-0.07,-2.46,2.87,2.78,25513,2.35,165.22,3.16,106.92,112.21,1.59,3.42,2.28,0.99
300186,大华农,45.72,45.72,0.00,0.0,0.00,0.00,0.00,0.00,0,0.00,144.64,0.00,183.10,246.59,11.62,-1,-1,0.00
300187,永清环保,5.79,5.75,5.79,24351600.0,0.04,0.70,5.95,5.71,14171,3.79,28.88,4.17,37.16,37.38,3.23,6.90,4.60,1.41
300188,国投智能,11.33,11.32,11.33,15460200.0,0.01,0.09,11.78,11.26,17778,1.81,-12.06,4.59,96.93,97.38,3.90,13.58,9.06,0.83
300189,神农种业,5.13,5.12,5.15,62834500.0,0.01,0.20,5.27,5.09,32545,7.09,46.36,3.52,45.46,52.53,7.63,6.14,4.10,1.34
300190,维尔利,4.11,4.37,4.37,26757300.0,-0.26,-5.95,4.37,4.09,11259,2.83,-13.50,6.41,38.81,38.97,1.27,5.24,3.50,1.08
300191,潜能恒信,32.32,33.60,32.39,11266100.0,-1.28,-3.81,32.87,31.85,36406,5.09,149.44,3.04,71.49,103.42,9.07,40.32,26.88,0.83
300192,科德教育,16.82,17.59,17.53,7824200.0,-0.77,-4.38,17.80,16.74,13367,2.41,50.24,6.03,54.60,55.36,5.54,21.11,14.07,1.11
300193,佳士科技,7.66,7.81,7.81,6330500.0,-0.15,-1.92,7.83,7.62,4886,1.51,20.65,2.69,32.12,36.48,1.53,9.37,6.25,0.85
300194,福安药业,3.82,3.79,3.78,9798800.0,0.03,0.79,3.85,3.78,3745,1.01,72.29,1.85,36.99,45.45,1.04,4.55,3.03,1.33
300195,长荣股份,5.88,6.15,6.15,10275300.0,-0.27,-4.39,6.18,5.85,6147,3.27,-181.71,5.37,18.46,24.91,0.93,7.38,4.92,1.01
300196,长海股份,24.51,25.75,25.50,37491300.0,-1.24,-4.82,25.50,24.19,92656,15.18,30.79,5.09,60.52,100.18,2.14,30.90,20.60,0.85
300197,节能铁汉,1.61,1.62,1.61,43803200.0,-0.01,-0.62,1.66,1.60,7145,1.48,-2.34,3.70,47.74,47.74,-13.26,1.94,1.30,0.87
300198,*ST纳川,2.28,2.23,2.24,17495700.0,0.05,2.24,2.36,2.23,4034,1.70,-8.76,5.83,23.40,23.52,4.89,2.68,1.78,1.27
300199,翰宇药业,23.11,24.35,24.51,44179100.0,-1.24,-5.09,24.83,23.01,103703,5.93,215.96,7.47,172.21,204.12,27.53,29.22,19.48,0.77
300200,高盟新材,9.27,9.95,9.90,16209100.0,-0.68,-6.83,9.95,9.22,15343,3.82,44.39,7.34,39.29,39.95,2.41,11.94,7.96,0.95
300201,海伦哲,19.20,20.56,20.30,102026800.0,-1.36,-6.61,20.50,18.62,197585,10.17,59.91,9.14,192.70,193.74,10.29,24.67,16.45,1.25
300202,聚龙退,0.50,0.50,0.00,0.0,0.00,0.00,0.00,0.00,0,0.00,-5.55,0.00,2.27,2.75,0.23,-1,-1,0.00
300203,聚光科技,12.45,13.52,13.56,23569300.0,-1.07,-7.91,13.87,12.22,30332,5.26,-19.62,12.20,55.82,55.87,2.15,16.22,10.82,0.86
300204,舒泰神,25.78,23.59,23.58,60226100.0,2.19,9.28,28.31,23.16,156341,13.28,-146.88,21.83,116.95,123.17,15.21,28.31,18.87,3.37
300205,*ST天喻,5.66,5.91,5.65,4816800.0,-0.25,-4.23,5.85,5.62,2743,1.12,-4.01,3.89,24.34,24.34,5.85,7.09,4.73,1.58
300206,理邦仪器,13.50,13.97,13.98,8296500.0,-0.47,-3.36,14.07,13.35,11299,2.45,22.64,5.15,45.68,78.25,3.70,16.76,11.18,1.06
300207,欣旺达,22.79,23.87,23.78,62993100.0,-1.08,-4.52,23.97,22.69,145789,3.68,53.64,5.36,390.58,421.04,1.71,28.64,19.10,1.09
300208,中程退,0.28,0.28,0.00,0.0,0.00,0.00,0.00,0.00,0,0.00,-1.40,0.00,1.92,2.10,2.43,-1,-1,0.00
300209,行云科技,27.66,28.27,29.01,74225800.0,-0.61,-2.16,30.00,27.40,212264,10.10,-243.72,9.20,203.18,256.86,28.61,33.92,22.62,0.65
300210,森远股份,11.36,11.61,11.56,23361400.0,-0.25,-2.15,11.87,11.28,26975,4.82,-143.87,5.08,55.01,55.01,14.67,13.93,9.29,0.71
300211,*ST亿通,8.45,8.77,8.77,5718200.0,-0.32,-3.65,8.77,8.40,4922,1.92,-90.74,4.22,25.22,25.68,5.83,10.52,7.02,0.94
300212,*ST易录,11.00,9.66,9.48,58352300.0,1.34,13.87,11.35,9.38,60707,8.35,-2.99,20.39,76.84,79.19,-3.96,11.59,7.73,1.30
300213,佳讯飞鸿,7.55,7.87,7.86,11262500.0,-0.32,-4.07,7.91,7.50,8624,2.04,-31.85,5.21,41.69,44.87,2.19,9.44,6.30,1.03
300214,日科化学,7.80,8.19,8.24,14189500.0,-0.39,-4.76,8.24,7.74,11221,3.05,-190.90,6.11,36.26,36.26,1.51,9.83,6.55,1.02
300215,电科院,8.38,9.27,9.30,32121200.0,-0.89,-9.60,9.30,8.34,28672,4.29,219.39,10.36,62.77,62.77,3.15,11.12,7.42,0.96
300216,千山退,0.19,0.19,0.00,0.0,0.00,0.00,0.00,0.00,0,0.00,-0.08,0.00,0.55,0.69,-0.02,-1,-1,0.00
300217,东方电热,5.10,5.37,5.37,59082600.0,-0.27,-5.03,5.40,5.07,30681,4.76,54.02,6.15,63.31,75.38,1.77,6.44,4.30,0.95
300218,安利股份,13.44,13.57,13.62,3537700.0,-0.13,-0.96,13.96,13.38,4838,1.64,32.21,4.27,29.07,29.16,1.86,16.28,10.86,0.95
300219,鸿利智汇,7.96,8.61,8.61,65256000.0,-0.65,-7.55,8.68,7.89,53187,9.23,55.55,9.18,56.25,56.35,2.16,10.33,6.89,0.79
300220,金运激光,12.54,13.15,13.24,3208700.0,-0.61,-4.64,13.26,12.41,4088,2.12,-482.69,6.46,18.94,18.96,31.27,15.78,10.52,0.98
300221,银禧科技,13.88,14.42,14.40,60618800.0,-0.54,-3.74,14.74,13.50,84997,13.26,50.11,8.60,63.45,65.76,4.37,17.30,11.54,0.99
300222,科大智能,17.04,16.70,16.82,113506300.0,0.34,2.04,17.33,16.52,192200,17.91,152.50,4.85,108.00,132.62,7.50,20.04,13.36,1.25
300223,北京君正,157.46,161.59,164.10,54540100.0,-4.13,-2.56,170.88,155.55,891336,12.97,122.29,9.49,662.23,759.81,6.01,193.91,129.27,1.05
300224,正海磁材,12.31,13.21,13.19,36132100.0,-0.90,-6.81,13.23,12.20,45455,3.90,40.21,7.80,114.15,114.57,2.29,15.85,10.57,1.76
300225,*ST金泰,9.59,9.50,9.59,21528200.0,0.09,0.95,9.88,9.31,20673,4.56,177.61,6.00,45.27,45.59,5.20,11.40,7.60,0.67
300226,上海钢联,21.80,22.42,23.00,7147200.0,-0.62,-2.77,23.09,21.74,15835,2.33,32.48,6.02,66.81,69.48,3.10,26.90,17.94,0.91
300227,光韵达,11.09,11.13,11.33,42923300.0,-0.04,-0.36,12.25,11.00,49738,9.91,-21.76,11.23,48.03,66.09,4.14,13.36,8.90,2.00
300228,富瑞特装,8.29,8.76,8.66,23684400.0,-0.47,-5.37,8.66,8.27,19870,4.24,19.98,4.45,46.33,49.53,2.01,10.51,7.01,0.81
300229,拓尔思,16.57,17.04,17.18,22983400.0,-0.47,-2.76,17.50,16.51,39039,2.63,-41.57,5.81,144.66,144.76,3.84,20.45,13.63,0.98
300230,永利股份,4.83,5.00,4.98,14847600.0,-0.17,-3.40,5.00,4.80,7245,2.36,22.03,4.00,30.42,39.28,1.20,6.00,4.00,0.85
300231,银信科技,9.24,9.78,9.78,12573600.0,-0.54,-5.52,9.87,9.20,11876,2.83,79.67,6.85,41.05,41.05,2.60,11.74,7.82,0.84
300232,洲明科技,5.90,6.19,6.17,39106800.0,-0.29,-4.68,6.19,5.87,23429,4.42,-86.27,5.17,52.25,64.16,1.43,7.43,4.95,1.03
300233,金城医药,13.14,13.02,12.94,8385700.0,0.12,0.92,13.36,12.91,11014,2.27,75.37,3.46,48.59,50.44,1.38,15.62,10.42,1.01
300234,开尔新材,8.45,8.67,8.66,23945600.0,-0.22,-2.54,8.76,8.39,20398,6.96,-234.12,4.27,29.07,42.52,3.77,10.40,6.94,0.68
300235,方直科技,13.30,13.76,13.70,12487900.0,-0.46,-3.34,13.91,12.90,16521,6.15,237.09,7.34,27.02,33.48,4.76,16.51,11.01,1.53
300236,上海新阳,91.18,101.53,101.47,21104500.0,-10.35,-10.19,101.47,89.67,197881,7.58,80.91,11.62,253.98,285.74,6.13,121.84,81.22,1.13
300237,ST美晨,2.28,2.30,2.30,19564700.0,-0.02,-0.87,2.31,2.27,4475,1.36,-9.05,1.74,32.88,32.88,73.63,2.76,1.84,0.83
300238,冠昊生物,11.84,12.11,12.18,3601500.0,-0.27,-2.23,12.25,11.81,4306,1.36,159.83,3.63,31.39,31.39,5.41,14.53,9.69,0.89
300239,东宝生物,5.25,5.00,5.04,22886300.0,0.25,5.00,5.42,5.01,12008,3.88,56.68,8.20,30.96,31.17,1.82,6.00,4.00,3.18
300240,飞力达,5.92,6.12,6.10,6733200.0,-0.20,-3.27,6.12,5.89,4036,1.85,1008.97,3.76,21.51,22.00,1.54,7.34,4.90,0.66
300241,瑞丰光电,7.80,7.67,7.60,129928900.0,0.13,1.69,7.90,7.26,99350,21.93,81.85,8.34,46.22,55.28,2.42,9.20,6.14,1.60
300242,佳云科技,5.00,5.17,5.17,29930300.0,-0.17,-3.29,5.29,4.91,15199,4.72,-109.70,7.35,31.73,31.73,13.09,6.20,4.14,0.93
300243,瑞丰高材,18.85,18.88,19.20,42512200.0,-0.03,-0.16,19.87,18.50,81081,19.30,114.98,7.26,41.51,52.07,4.69,22.66,15.10,1.10
300244,迪安诊断,17.66,17.80,17.98,30114100.0,-0.14,-0.79,18.79,17.58,54489,6.01,85.27,6.80,88.56,110.37,1.69,21.36,14.24,1.43
300245,ST天玑,6.61,6.35,6.32,16841600.0,0.26,4.09,6.66,6.30,11029,5.53,-46.80,5.67,20.12,20.16,1.67,7.62,5.08,1.30
300246,宝莱特,17.07,17.60,17.95,14970300.0,-0.53,-3.01,17.99,16.95,25876,7.08,-49.53,5.91,36.07,45.17,4.20,21.12,14.08,0.55
300247,融捷健康,4.23,4.29,4.28,21348100.0,-0.06,-1.40,4.33,4.20,9081,2.66,50.35,3.03,33.97,34.01,2.94,5.15,3.43,0.82
300248,新开普,8.77,9.17,9.16,9345800.0,-0.40,-4.36,9.27,8.70,8296,2.28,70.61,6.22,35.87,41.78,1.94,11.00,7.34,0.89
300249,依米康,15.02,16.06,16.11,23843700.0,-1.04,-6.48,16.24,14.90,36786,6.37,200.85,8.34,56.19,66.16,20.78,19.27,12.85,0.93
300250,初灵信息,16.50,17.34,17.38,5596400.0,-0.84,-4.84,17.46,16.41,9401,3.55,91.85,6.06,25.98,35.27,6.38,20.81,13.87,0.98
300251,光线传媒,12.75,12.72,12.77,46644500.0,0.03,0.24,13.00,12.74,60008,1.68,-116.76,2.04,353.86,374.03,3.90,15.26,10.18,0.91
300252,金信诺,14.81,15.31,15.30,33238500.0,-0.50,-3.27,15.88,14.58,50221,5.95,313.91,8.49,82.76,101.33,4.09,18.37,12.25,1.07
300253,卫宁健康,7.84,8.07,8.14,66641100.0,-0.23,-2.85,8.30,7.80,53259,3.68,-47.26,6.20,141.94,172.58,3.20,9.68,6.46,1.16
300254,仟源医药,10.88,11.43,11.42,14188800.0,-0.55,-4.81,11.69,10.80,15810,6.28,156.49,7.79,24.58,27.86,6.33,13.72,9.14,1.07
300255,常山药业,41.25,38.96,38.96,25593700.0,2.29,5.88,41.45,38.62,102478,2.79,-106.55,7.26,378.52,379.11,31.33,46.75,31.17,1.84
300256,星星科技,3.11,3.25,3.26,33293600.0,-0.14,-4.31,3.26,3.10,10480,1.48,-164.62,4.92,69.77,70.55,7.78,3.90,2.60,1.15
300257,开山股份,29.68,29.95,30.55,8050600.0,-0.27,-0.90,30.90,29.39,24115,0.84,82.95,5.04,283.35,294.91,4.44,35.94,23.96,0.66
300258,精锻科技,12.77,13.82,13.71,32804100.0,-1.05,-7.60,13.93,12.68,43131,5.76,81.83,9.04,72.78,74.71,1.59,16.58,11.06,0.72
300259,新天科技,6.52,7.07,7.00,85568100.0,-0.55,-7.78,7.43,6.48,58530,7.32,31.40,13.44,76.25,76.27,2.54,8.48,5.66,0.77
300260,新莱应材,56.24,61.21,61.20,20138900.0,-4.97,-8.12,61.20,55.80,116298,7.00,129.63,8.82,161.77,229.35,10.67,73.45,48.97,0.64
300261,雅本化学,5.09,5.11,5.08,12273900.0,-0.02,-0.39,5.30,5.07,6327,1.30,-24.00,4.50,47.99,49.03,2.69,6.13,4.09,1.42
300262,*ST巴安,0.68,0.68,0.00,0.0,0.00,0.00,0.00,0.00,0,0.00,-1.98,0.00,4.54,4.55,6.38,-1,-1,0.00
300263,隆华科技,11.99,13.34,13.39,89080300.0,-1.35,-10.12,13.58,11.89,110922,9.13,59.22,12.67,116.97,124.10,3.00,16.01,10.67,1.10
300264,佳创视讯,8.24,8.71,8.72,14653900.0,-0.47,-5.40,8.88,8.21,12451,3.96,-87.35,7.69,30.52,35.50,407.21,10.45,6.97,0.79
300265,通光线缆,22.68,20.98,20.99,93013200.0,1.70,8.10,23.89,20.22,207165,19.90,346.61,17.49,105.98,106.05,4.51,25.18,16.78,2.21
300266,兴源环境,2.05,2.05,2.06,32854300.0,0.00,0.00,2.17,2.04,6908,2.12,-13.67,6.34,31.84,31.85,104.28,2.46,1.64,1.50
300267,尔康制药,3.77,3.92,3.91,52649100.0,-0.15,-3.83,3.94,3.73,20112,3.70,-19.70,5.36,53.62,77.76,1.93,4.70,3.14,0.94
300268,佳沃食品,12.63,12.94,13.02,1945100.0,-0.31,-2.40,13.10,12.56,2499,1.45,-8.65,4.17,16.89,22.00,-2.13,15.53,10.35,0.81
300269,联建光电,5.24,5.52,5.50,25138600.0,-0.28,-5.07,5.55,5.20,13414,4.78,-680.13,6.34,27.55,28.77,34.63,6.62,4.42,0.67
300270,中威电子,12.87,13.64,13.71,14375800.0,-0.77,-5.65,13.88,12.72,18999,5.51,-91.79,8.50,33.58,38.97,7.08,16.37,10.91,1.25
300271,华宇软件,5.51,5.67,5.66,11797600.0,-0.16,-2.82,5.71,5.48,6571,1.49,-21.72,4.06,43.77,44.73,1.27,6.80,4.54,1.16
300272,开能健康,6.13,6.39,6.46,10331400.0,-0.26,-4.07,6.46,6.12,6450,2.22,92.50,5.32,28.47,37.48,2.96,7.67,5.11,1.12
300273,和佳退,0.38,0.38,0.00,0.0,0.00,0.00,0.00,0.00,0,0.00,-0.25,0.00,2.46,3.00,0.43,-1,-1,0.00
300274,阳光电源,177.99,190.09,190.14,88135100.0,-12.10,-6.37,190.63,176.00,1601278,5.54,30.94,7.70,2830.07,3690.11,7.81,228.11,152.07,0.90
300275,梅安森,9.63,10.39,10.36,20954000.0,-0.76,-7.31,10.49,9.58,20712,7.72,76.08,8.76,26.14,29.66,3.14,12.47,8.31,1.00
300276,三丰智能,8.15,8.79,8.75,103153400.0,-0.64,-7.28,8.97,8.07,86336,9.76,-55.87,10.24,86.16,114.19,6.52,10.55,7.03,0.73
300277,汽轮科技,15.40,16.46,16.46,33898300.0,-1.06,-6.44,16.54,15.27,53346,4.42,509.72,7.72,118.22,233.56,2.31,19.75,13.17,1.13
300278,华昌达,4.50,4.78,4.77,34825000.0,-0.28,-5.86,4.82,4.47,16080,2.47,-101.83,7.32,63.43,63.62,3.81,5.74,3.82,0.92
300279,和晶科技,7.03,7.36,7.42,14605900.0,-0.33,-4.48,7.42,7.00,10457,3.00,93.86,5.71,34.23,34.38,3.29,8.83,5.89,1.03
300280,紫天退,0.33,0.33,0.00,0.0,0.00,0.00,0.00,0.00,0,0.00,-0.04,0.00,0.53,0.53,0.04,-1,-1,0.00
300281,金明精机,7.30,7.49,7.53,8716400.0,-0.19,-2.54,7.54,7.29,6458,2.19,-3512.35,3.34,29.00,30.58,2.45,8.99,5.99,0.70
300282,三盛退,0.13,0.13,0.00,0.0,0.00,0.00,0.00,0.00,0,0.00,-0.37,0.00,0.49,0.49,0.04,-1,-1,0.00
300283,温州宏丰,16.97,17.41,17.06,69128800.0,-0.44,-2.53,17.89,16.67,119233,18.82,87.40,7.01,62.32,84.34,7.20,20.89,13.93,0.89
300284,苏交科,5.97,5.95,6.00,13813600.0,0.02,0.34,6.15,5.95,8359,1.17,350.34,3.36,70.31,75.39,0.90,7.14,4.76,1.37
300285,国瓷材料,50.78,52.99,55.02,98273000.0,-2.21,-4.17,55.68,50.30,512651,11.51,82.08,10.15,433.49,506.30,7.02,63.59,42.39,0.96
300286,安科瑞,31.90,34.33,34.42,18749300.0,-2.43,-7.08,34.45,31.45,60516,9.02,39.36,8.74,66.28,80.00,3.61,41.20,27.46,0.64
300287,飞利信,3.96,4.10,4.10,29089200.0,-0.14,-3.41,4.14,3.95,11659,2.21,-36.06,4.63,52.20,56.84,5.74,4.92,3.28,1.09
300288,朗玛信息,10.22,10.47,10.48,4169800.0,-0.25,-2.39,10.63,10.18,4327,1.63,-2614.57,4.30,26.22,34.54,3.20,12.56,8.38,0.82
300289,利德曼,5.94,6.03,6.00,4389100.0,-0.09,-1.49,6.07,5.93,2630,0.81,-125.72,2.32,32.26,32.31,1.98,7.24,4.82,0.87
300290,荣科科技,11.16,11.48,11.63,32069400.0,-0.32,-2.79,11.85,11.07,36781,5.01,-191.54,6.79,71.37,71.39,9.58,13.78,9.18,1.08
300291,百纳千成,6.98,6.63,6.71,111337600.0,0.35,5.28,7.11,6.61,77395,11.97,-6.07,7.54,64.90,65.74,3.22,7.96,5.30,2.30
300292,吴通控股,5.39,5.47,5.45,89453700.0,-0.08,-1.46,5.58,5.33,48761,8.02,58.52,4.57,60.15,72.32,4.92,6.56,4.38,1.00
300293,蓝英装备,17.41,18.79,18.71,9601800.0,-1.38,-7.34,18.87,17.23,17103,2.84,-42.88,8.73,58.92,58.92,7.92,22.55,15.03,0.86
300294,博雅生物,16.49,15.39,15.33,19197300.0,1.10,7.15,17.03,15.29,31530,3.81,2420.63,11.31,83.15,83.15,1.12,18.47,12.31,3.30
300295,*ST三六五,11.26,11.86,11.76,5356300.0,-0.60,-5.06,12.01,11.17,6208,3.20,-44.47,7.08,18.87,21.35,1.97,14.23,9.49,1.29
300296,利亚德,6.54,6.99,6.95,152008400.0,-0.45,-6.44,6.99,6.49,101948,6.68,71.61,7.15,148.75,177.36,2.27,8.39,5.59,0.88
300297,蓝盾退,0.23,0.23,0.00,0.0,0.00,0.00,0.00,0.00,0,0.00,-0.17,0.00,2.87,2.87,-0.31,-1,-1,0.00
300298,三诺生物,15.57,15.57,15.57,4697100.0,0.00,0.00,15.75,15.51,7343,1.04,73.79,1.54,70.21,87.23,2.93,18.68,12.46,1.03
300299,富春股份,5.48,5.65,5.67,14465400.0,-0.17,-3.01,5.72,5.45,8047,2.10,-50.61,4.78,37.77,37.83,10.06,6.78,4.52,1.07
300300,海峡创新,9.50,9.88,9.90,38872200.0,-0.38,-3.85,9.90,9.45,37584,5.83,44.73,4.55,63.35,63.35,23.82,11.86,7.90,0.79
300301,ST长方,3.40,3.42,3.42,13069200.0,-0.02,-0.58,3.49,3.34,4440,1.65,-19.04,4.39,26.86,28.22,38.85,4.10,2.74,0.99
300302,同有科技,47.86,50.42,51.00,45996600.0,-2.56,-5.08,52.50,46.91,225212,12.47,376.37,11.09,176.51,229.38,20.83,60.50,40.34,0.95
300303,聚飞光电,8.74,9.27,9.25,96840900.0,-0.53,-5.72,9.33,8.62,86105,7.29,43.39,7.66,116.12,123.83,3.37,11.12,7.42,0.80
300304,云意电气,13.23,14.18,14.11,39467100.0,-0.95,-6.70,14.12,13.13,53037,4.62,26.42,6.98,113.05,116.18,3.46,17.02,11.34,1.34
300305,裕兴股份,6.83,7.20,7.22,33951300.0,-0.37,-5.14,7.42,6.72,23905,10.56,-10.35,9.72,21.96,25.64,1.32,8.64,5.76,1.03
300306,远方信息,10.66,11.05,11.08,3829100.0,-0.39,-3.53,11.19,10.58,4146,2.43,40.64,5.52,16.80,28.67,2.01,13.26,8.84,1.06
300307,慈星股份,6.74,6.96,6.94,11969000.0,-0.22,-3.16,7.01,6.70,8169,1.52,48.18,4.45,53.04,53.96,1.64,8.35,5.57,0.85
300308,中际旭创,1161.16,1197.99,1190.00,28726800.0,-36.83,-3.07,1209.99,1155.00,3389196,2.59,86.50,4.59,12869.20,12930.68,37.41,1437.59,958.39,1.17
300309,吉艾退,0.23,0.23,0.00,0.0,0.00,0.00,0.00,0.00,0,0.00,-0.20,0.00,1.95,2.04,-0.11,-1,-1,0.00
300310,宜通世纪,5.31,5.81,5.79,57850900.0,-0.50,-8.61,5.81,5.28,31893,8.37,280.87,9.12,36.71,46.82,2.48,6.97,4.65,0.73
300311,ST任子行,5.39,5.48,5.52,10291500.0,-0.09,-1.64,5.52,5.34,5583,1.92,103.72,3.28,28.97,36.31,5.55,6.58,4.38,0.92
300312,邦讯退,0.30,0.30,0.00,0.0,0.00,0.00,0.00,0.00,0,0.00,-0.41,0.00,0.72,0.96,-0.35,-1,-1,0.00
300313,*ST天山,9.56,9.40,9.32,3687500.0,0.16,1.70,9.59,9.08,3453,1.87,-126.89,5.43,18.87,22.92,62.39,11.28,7.52,0.83
300314,戴维医疗,10.20,10.40,10.40,2592300.0,-0.20,-1.92,10.55,10.11,2679,1.80,39.50,4.23,14.66,29.38,2.41,12.48,8.32,0.99
300315,掌趣科技,4.48,4.50,4.50,54594800.0,-0.02,-0.44,4.54,4.44,24536,2.15,-92.75,2.22,113.86,121.30,2.59,5.40,3.60,0.92
300316,晶盛机电,50.82,54.89,55.22,38814500.0,-4.07,-7.41,56.00,50.37,203547,3.15,160.60,10.26,625.88,665.51,3.91,65.87,43.91,0.82
300317,珈伟新能,5.72,5.14,5.09,204864000.0,0.58,11.28,6.09,5.05,115729,24.71,-25.85,20.23,47.41,47.49,3.34,6.17,4.11,3.69
300318,博晖创新,5.08,5.02,5.00,8388900.0,0.06,1.20,5.14,4.95,4251,1.06,-43.61,3.78,40.25,41.50,3.24,6.02,4.02,1.23
300319,麦捷科技,14.59,15.22,15.53,106226700.0,-0.63,-4.14,16.25,14.48,160931,12.60,43.00,11.63,122.96,129.50,2.63,18.26,12.18,1.06
300320,海达股份,8.95,9.22,9.16,10617100.0,-0.27,-2.93,9.32,8.90,9592,2.19,22.22,4.56,43.44,53.81,2.08,11.06,7.38,1.16
300321,同大股份,43.00,42.53,42.55,3512500.0,0.47,1.11,44.50,42.00,15263,3.96,433.85,5.88,38.14,38.18,6.05,51.04,34.02,1.01
300322,硕贝德,32.20,35.05,34.43,48674200.0,-2.85,-8.13,35.78,31.91,163189,11.05,244.49,11.04,141.82,148.13,14.55,42.06,28.04,1.08
300323,华灿光电,15.54,17.05,16.79,140154000.0,-1.51,-8.86,16.85,15.39,223935,11.80,-87.04,8.56,184.57,252.21,3.80,20.46,13.64,0.72
300324,旋极信息,4.49,4.69,4.72,51362900.0,-0.20,-4.26,4.83,4.45,23775,3.00,-17.53,8.10,76.78,77.57,3.13,5.63,3.75,1.28
300325,德威退,0.25,0.25,0.00,0.0,0.00,0.00,0.00,0.00,0,0.00,-0.49,0.00,2.49,2.51,-0.48,-1,-1,0.00
300326,ST凯利,6.86,6.93,6.93,5595100.0,-0.07,-1.01,6.98,6.83,3858,0.78,27.45,2.16,49.17,49.19,1.69,8.32,5.54,0.72
300327,中颖电子,31.43,29.60,29.36,55624500.0,1.83,6.18,32.43,29.33,174118,16.42,164.84,10.47,106.50,107.29,5.93,35.52,23.68,2.12
300328,宜安科技,17.73,18.85,19.00,51665800.0,-1.12,-5.94,19.19,17.55,93802,7.52,-398.55,8.70,121.81,122.41,11.90,22.62,15.08,0.96
300329,海伦钢琴,13.28,12.73,12.70,6682800.0,0.55,4.32,13.29,12.26,8506,2.65,-33.35,8.09,33.48,33.58,5.53,15.28,10.18,1.71
300330,计通退,2.45,2.45,0.00,0.0,0.00,0.00,0.00,0.00,0,0.00,-19.02,0.00,4.11,4.16,1.18,-1,-1,0.00
300331,苏大维格,52.74,54.31,55.10,26756300.0,-1.57,-2.89,59.77,52.00,150870,12.05,-2345.29,14.31,117.15,136.95,8.89,65.17,43.45,1.90
300332,天壕能源,4.95,5.08,5.07,19241500.0,-0.13,-2.56,5.07,4.91,9600,2.32,-13.58,3.15,41.09,42.83,1.11,6.10,4.06,0.83
300333,兆日科技,10.35,10.95,10.98,16019300.0,-0.60,-5.48,11.28,10.20,16978,4.79,-162.71,9.86,34.65,34.78,6.17,13.14,8.76,0.78
300334,津膜科技,7.35,7.65,7.67,7662700.0,-0.30,-3.92,7.77,7.27,5766,2.54,-68.29,6.54,22.20,22.20,4.05,9.18,6.12,1.18
300335,迪森股份,6.25,6.02,6.00,30195700.0,0.23,3.82,6.35,5.98,18778,7.86,72.91,6.15,24.01,29.81,1.58,7.22,4.82,1.94
300336,新文退,0.25,0.25,0.00,0.0,0.00,0.00,0.00,0.00,0,0.00,-1.39,0.00,1.85,2.02,3.42,-1,-1,0.00
300337,银邦股份,12.41,13.52,13.33,43936500.0,-1.11,-8.21,13.47,12.24,55990,6.18,118.18,9.10,88.29,102.00,5.77,16.22,10.82,1.29
300338,*ST开元,3.12,3.12,3.13,5735400.0,0.00,0.00,3.18,3.10,1802,1.64,-8.80,2.56,10.92,12.56,-9.87,3.74,2.50,0.71
300339,润和软件,40.22,43.31,43.39,33993800.0,-3.09,-7.13,43.85,40.22,141671,4.37,223.95,8.38,312.79,320.32,8.92,51.97,34.65,0.92
300340,科恒股份,9.63,10.28,10.18,7344700.0,-0.65,-6.32,10.25,9.56,7210,2.69,-10.95,6.71,26.33,26.53,41.20,12.34,8.22,0.93
300341,麦克奥迪,14.50,15.15,15.17,6210200.0,-0.65,-4.29,15.25,14.46,9140,1.20,41.89,5.21,74.73,75.02,3.80,18.18,12.12,0.77
300342,天银机电,49.20,53.30,52.95,38760000.0,-4.10,-7.69,53.28,48.62,194889,9.26,1460.59,8.74,206.05,209.12,13.42,63.96,42.64,1.07
300343,ST联创,6.75,6.61,6.60,17466700.0,0.14,2.12,6.75,6.58,11634,1.64,170.94,2.57,71.97,72.12,3.68,7.93,5.29,0.88
300344,立方退,0.25,0.25,0.00,0.0,0.00,0.00,0.00,0.00,0,0.00,-1.18,0.00,1.60,1.60,0.71,-1,-1,0.00
300345,华民股份,6.07,6.51,6.48,28227100.0,-0.44,-6.76,6.50,6.03,17422,5.89,-18.14,7.22,29.11,35.24,8.75,7.81,5.21,1.21
300346,南大光电,51.54,57.91,57.50,65061600.0,-6.37,-11.00,57.50,50.89,350048,9.92,102.25,11.41,338.10,356.22,10.46,69.49,46.33,1.03
300347,泰格医药,39.45,39.24,39.82,17088200.0,0.21,0.54,40.76,38.90,67799,3.02,44.03,4.74,223.47,339.67,1.62,47.09,31.39,0.83
300348,长亮科技,10.17,10.48,10.48,13433600.0,-0.31,-2.96,10.55,10.12,13809,1.88,-544.58,4.10,72.52,82.78,3.91,12.58,8.38,0.94
300349,金卡智能,13.01,13.60,13.72,14997100.0,-0.59,-4.34,14.00,12.92,20055,4.06,21.55,7.94,48.10,54.28,1.23,16.32,10.88,0.57
300350,华鹏飞,4.56,4.67,4.68,12500800.0,-0.11,-2.36,4.71,4.53,5768,2.65,-67.56,3.85,21.50,25.63,2.92,5.60,3.74,0.75
300351,永贵电器,17.89,19.30,19.21,22445000.0,-1.41,-7.31,19.95,17.75,41639,8.52,397.73,11.40,47.13,69.58,2.88,23.16,15.44,0.79
300352,ST信源,3.11,3.10,3.09,36697200.0,0.01,0.32,3.22,3.05,11462,2.88,-13.46,5.48,39.69,45.09,4.46,3.72,2.48,0.92
300353,东土科技,20.40,22.15,22.40,28962800.0,-1.75,-7.90,22.46,20.38,61990,5.36,134.79,9.39,110.17,125.44,5.69,26.58,17.72,0.91
300354,东华测试,32.66,34.90,34.85,3318200.0,-2.24,-6.42,34.98,32.35,11070,4.08,33.39,7.54,26.56,45.18,5.10,41.88,27.92,1.12
300355,蒙草生态,3.18,3.26,3.23,21565500.0,-0.08,-2.45,3.26,3.18,6945,1.58,206.13,2.45,43.45,51.01,1.21,3.91,2.61,0.93
300356,光一退,1.69,1.69,0.00,0.0,0.00,0.00,0.00,0.00,0,0.00,-2.53,0.00,6.79,6.89,1.63,-1,-1,0.00
300357,我武生物,22.59,22.13,22.19,8575700.0,0.46,2.08,22.84,22.04,19279,1.77,27.78,3.62,109.32,118.28,4.32,26.56,17.70,1.25
300358,楚天科技,8.41,8.62,8.62,15800400.0,-0.21,-2.44,8.65,8.38,13402,2.25,18.17,3.13,58.98,60.14,1.08,10.34,6.90,1.16
300359,全通教育,4.13,4.20,4.20,10972000.0,-0.07,-1.67,4.26,4.09,4583,1.73,-37.08,4.05,26.16,26.16,5.10,5.04,3.36,1.00
300360,炬华科技,14.74,14.71,14.72,5249200.0,0.03,0.20,14.75,14.52,7668,1.05,15.56,1.56,73.74,75.79,1.78,17.65,11.77,1.03
300361,奥赛康,72.99,72.99,0.00,0.0,0.00,0.00,0.00,0.00,0,0,48.35,0.00,0,153.28,19.47,-1,-1,0.00
300362,天翔退,1.34,1.34,0.00,0.0,0.00,0.00,0.00,0.00,0,0.00,-22.85,0.00,5.27,20.79,3.29,-1,-1,0.00
300363,博腾股份,14.74,14.82,14.92,12871100.0,-0.08,-0.54,15.22,14.70,19158,2.58,62.34,3.51,73.53,80.10,1.51,17.78,11.86,1.04
300364,中文在线,25.39,25.36,25.58,69545800.0,0.03,0.12,26.22,25.26,178653,10.53,-29.41,3.79,167.68,184.97,73.27,30.43,20.29,1.26
300365,恒华科技,5.49,5.78,5.81,18737700.0,-0.29,-5.02,5.83,5.46,10468,3.66,-13.41,6.40,28.09,32.93,2.06,6.94,4.62,1.04
300366,ST创意,5.42,5.43,5.42,6600300.0,-0.01,-0.18,5.53,5.36,3591,1.24,-5.25,3.13,28.75,32.93,2.86,6.52,4.34,0.79
300367,网力退,0.29,0.29,0.00,0.0,0.00,0.00,0.00,0.00,0,0.00,-0.79,0.00,3.22,3.47,-0.21,-1,-1,0.00
300368,汇金股份,9.99,10.47,10.40,20674000.0,-0.48,-4.58,10.54,9.97,21077,3.91,-32.06,5.44,52.84,52.84,109.63,12.56,8.38,0.86
300369,绿盟科技,6.48,6.75,6.85,28553200.0,-0.27,-4.00,6.85,6.40,18893,3.54,-126.37,6.67,52.34,52.53,2.05,8.10,5.40,1.11
300370,安控科技,2.35,2.42,2.44,22183700.0,-0.07,-2.89,2.44,2.33,5284,1.42,-29.73,4.55,36.69,36.79,8.52,2.90,1.94,0.98
300371,汇中股份,11.35,11.80,11.77,3965400.0,-0.45,-3.81,11.98,11.30,4588,2.83,34.33,5.76,15.89,22.84,1.94,14.16,9.44,1.07
300372,欣泰退,1.48,1.48,0.00,0.0,0.00,0.00,0.00,0.00,0,0.00,-1.83,0.00,1.46,2.54,0.52,-1,-1,0.00
300373,扬杰科技,107.12,114.30,114.00,37297900.0,-7.18,-6.28,115.41,106.00,407252,6.88,42.47,8.23,580.74,582.03,6.04,137.16,91.44,0.85
300374,中铁装配,12.33,12.12,12.31,7612100.0,0.21,1.73,12.96,12.15,9565,3.10,-24.69,6.68,30.32,30.32,4.27,14.54,9.70,2.22
300375,鹏翎股份,4.29,4.44,4.46,14102700.0,-0.15,-3.38,4.47,4.27,6133,2.67,-15.51,4.50,22.66,32.59,1.58,5.33,3.55,0.85
300376,易事特,5.13,5.42,5.42,31909100.0,-0.29,-5.35,5.53,5.11,16767,1.37,-2253.86,7.75,119.40,119.44,1.84,6.50,4.34,1.03
300377,赢时胜,13.59,14.09,14.17,20184500.0,-0.50,-3.55,14.24,13.56,27924,2.92,-439.39,4.83,93.90,102.06,4.24,16.91,11.27,0.61
300378,鼎捷数智,35.21,36.62,37.42,10869000.0,-1.41,-3.85,38.28,34.94,39555,4.03,58.38,9.12,94.89,95.61,4.12,43.94,29.30,0.99
300379,东通退,1.72,1.72,0.00,0.0,0.00,0.00,0.00,0.00,0,0.00,-2.02,0.00,9.06,9.60,0.31,-1,-1,0.00
300380,安硕信息,32.98,34.44,34.44,2687300.0,-1.46,-4.24,34.77,32.78,9013,2.11,123.11,5.78,42.01,45.66,11.07,41.33,27.55,0.80
300381,溢多利,6.48,6.64,6.62,7828300.0,-0.16,-2.41,6.64,6.44,5097,1.64,-381.10,3.01,31.00,31.12,1.26,7.97,5.31,0.95
300382,斯莱克,15.95,17.12,17.12,33788700.0,-1.17,-6.83,17.35,15.81,55565,5.21,-108.87,9.00,103.41,103.42,4.54,20.54,13.70,0.98
300383,光环新网,13.66,14.51,14.43,87889500.0,-0.85,-5.86,14.60,13.54,122460,4.90,-30.47,7.31,245.10,245.55,2.08,17.41,11.61,0.94
300384,三联虹普,12.61,12.95,12.91,4211900.0,-0.34,-2.63,13.02,12.56,5352,1.91,21.31,3.55,27.76,40.23,1.42,15.54,10.36,1.27
300385,ST雪浪,14.82,15.06,14.98,13604600.0,-0.24,-1.59,15.42,14.26,20105,4.68,-22.21,7.70,43.08,49.37,-864.58,18.07,12.05,1.11
300386,飞天诚信,10.80,11.31,11.40,6078500.0,-0.51,-4.51,11.40,10.73,6660,2.42,-109.44,5.92,27.08,45.15,3.14,13.57,9.05,1.04
300387,富邦科技,7.75,7.90,7.90,6590600.0,-0.15,-1.90,7.98,7.67,5161,2.28,35.72,3.92,22.39,22.40,1.54,9.48,6.32,0.98
300388,节能国祯,7.43,7.43,7.45,5298700.0,0.00,0.00,7.59,7.38,3969,0.78,13.38,2.83,50.60,50.60,1.05,8.92,5.94,0.88
300389,艾比森,14.11,14.77,14.69,8234500.0,-0.66,-4.47,14.77,13.98,11755,3.75,20.44,5.35,30.96,52.08,3.10,17.72,11.82,1.16
300390,天华新能,83.72,86.39,84.79,63710300.0,-2.67,-3.09,85.73,81.62,529283,9.48,53.11,4.76,562.82,695.50,5.64,103.67,69.11,1.13
300391,长药退,0.19,0.19,0.00,0.0,0.00,0.00,0.00,0.00,0,0.00,-0.10,0.00,0.67,0.67,-0.10,-1,-1,0.00
300392,腾信退,0.21,0.21,0.00,0.0,0.00,0.00,0.00,0.00,0,0.00,-0.08,0.00,0.62,0.81,-0.12,-1,-1,0.00
300393,中来股份,9.38,9.83,9.86,31978800.0,-0.45,-4.58,9.92,9.28,30363,3.35,-6.86,6.51,89.66,102.21,5.77,11.80,7.86,0.70
300394,天孚通信,455.20,447.56,467.00,61505500.0,7.64,1.71,492.38,452.00,2892713,7.91,163.30,9.02,3539.62,3546.74,58.99,537.07,358.05,1.19
300395,菲利华,133.75,144.30,143.71,47978700.0,-10.55,-7.31,144.88,130.18,652410,9.36,144.98,10.19,685.53,698.53,13.76,173.16,115.44,1.04
300396,ST迪瑞,7.97,7.81,7.74,5075600.0,0.16,2.05,8.10,7.74,4039,1.86,-8.27,4.61,21.70,21.73,1.42,9.37,6.25,1.54
300397,天和防务,13.03,14.12,13.96,29238000.0,-1.09,-7.72,14.11,12.96,39070,7.16,-113.78,8.14,53.18,67.45,4.71,16.94,11.30,1.06
300398,飞凯材料,36.43,39.84,39.84,69442300.0,-3.41,-8.56,40.09,36.02,259019,12.32,51.40,10.22,205.41,206.54,4.10,47.81,31.87,1.08
300399,天利科技,20.17,21.20,21.30,4935700.0,-1.03,-4.86,22.06,20.10,10274,2.50,-291.87,9.25,39.85,39.86,7.88,25.44,16.96,0.96
300400,劲拓股份,29.35,30.05,29.90,14605300.0,-0.70,-2.33,30.73,28.85,43264,6.04,83.96,6.26,70.97,71.21,10.08,36.06,24.04,0.90
300401,花园生物,12.24,12.45,12.45,7632900.0,-0.21,-1.69,12.45,12.21,9379,1.43,25.73,1.93,65.47,66.55,2.06,14.94,9.96,0.74
300402,宝色股份,15.70,16.49,16.52,4229600.0,-0.79,-4.79,16.76,15.61,6757,1.74,75.47,6.97,38.25,38.75,2.55,19.79,13.19,1.07
300403,汉宇集团,10.40,11.09,11.04,15888500.0,-0.69,-6.22,11.21,10.28,16940,3.72,29.33,8.39,44.41,62.71,2.86,13.31,8.87,0.78
300404,博济医药,9.97,10.31,10.30,13756000.0,-0.34,-3.30,10.43,9.92,13876,4.82,89.37,4.95,28.47,38.48,3.60,12.37,8.25,1.13
300405,科隆股份,6.42,6.80,6.77,9639200.0,-0.38,-5.59,6.88,6.33,6336,4.41,-41.02,8.09,14.05,18.26,4.69,8.16,5.44,1.00
300406,九强生物,11.75,11.83,11.77,5855800.0,-0.08,-0.68,11.85,11.51,6817,1.38,32.46,2.87,49.86,68.89,2.07,14.20,9.46,1.38
300407,凯发电气,12.39,13.02,12.99,9856700.0,-0.63,-4.84,13.11,12.23,12343,3.81,56.05,6.76,32.08,42.90,1.97,15.62,10.42,1.14
300408,三环集团,128.78,132.11,132.00,66159400.0,-3.33,-2.52,132.00,125.30,853329,3.54,85.80,5.07,2407.93,2468.07,11.46,158.53,105.69,0.77
300409,道氏技术,22.28,23.44,23.40,33156200.0,-1.16,-4.95,23.60,22.11,75319,4.82,30.53,6.36,153.17,174.29,2.14,28.13,18.75,1.28
300410,正业科技,12.03,12.32,12.14,77567500.0,-0.29,-2.35,12.39,11.44,91862,21.13,110.22,7.71,44.16,44.16,16.01,14.78,9.86,1.11
300411,金盾股份,8.03,8.18,8.14,8927900.0,-0.15,-1.83,8.50,8.02,7384,2.89,1024.10,5.87,24.82,32.64,3.38,9.82,6.54,0.86
300412,迦南科技,4.57,4.69,4.69,12032100.0,-0.12,-2.56,4.71,4.53,5554,2.57,89.71,3.84,21.38,22.75,2.18,5.63,3.75,1.13
300413,芒果超媒,17.45,17.38,17.44,18327200.0,0.07,0.40,17.87,17.30,32219,1.79,31.16,3.28,178.29,326.44,1.39,20.86,13.90,1.04
300414,中光防雷,11.94,12.48,12.50,6434400.0,-0.54,-4.33,12.53,11.91,7800,2.05,171.05,4.97,37.44,38.93,3.89,14.98,9.98,1.04
300415,伊之密,22.20,23.11,23.33,10880900.0,-0.91,-3.94,23.39,22.12,24522,2.40,14.62,5.50,100.59,104.02,3.07,27.73,18.49,1.19
300416,苏试试验,19.21,19.46,19.73,42046800.0,-0.25,-1.28,20.12,19.07,82266,8.33,37.56,5.40,97.00,97.69,3.57,23.35,15.57,0.94
300417,南华仪器,13.10,13.75,13.77,3527700.0,-0.65,-4.73,13.92,12.87,4698,4.22,-1057.58,7.64,10.95,17.63,3.89,16.50,11.00,0.88
300418,昆仑万维,43.92,44.29,44.57,65520900.0,-0.37,-0.84,46.22,43.79,294087,5.66,-32.52,5.49,508.13,556.31,4.46,53.15,35.43,1.07
300419,ST浩丰,6.75,6.87,6.88,3128100.0,-0.12,-1.75,6.92,6.70,2115,0.85,-22.83,3.20,24.82,24.82,7.45,8.24,5.50,0.49
300420,五洋自控,4.49,4.72,4.79,51720500.0,-0.23,-4.87,4.79,4.43,23503,4.63,114.15,7.63,50.12,50.13,2.11,5.66,3.78,0.79
300421,力星股份,22.39,23.88,23.80,13414000.0,-1.49,-6.24,24.01,22.21,30629,5.82,111.31,7.54,51.56,65.83,5.09,28.66,19.10,0.64
300422,博世科,5.24,5.44,5.45,14009400.0,-0.20,-3.68,5.52,5.19,7458,2.71,-4.34,6.07,27.07,27.98,4.22,6.53,4.35,1.02
300423,昇辉科技,6.54,6.87,6.85,11568400.0,-0.33,-4.80,6.93,6.51,7714,3.47,-18.30,6.11,21.79,32.54,2.83,8.24,5.50,0.98
300424,航新科技,20.44,22.22,22.23,24783200.0,-1.78,-8.01,22.28,20.25,52145,10.10,-189.69,9.14,50.14,50.17,7.11,26.66,17.78,1.15
300425,中建环能,4.31,4.35,4.35,8304200.0,-0.04,-0.92,4.44,4.29,3624,1.22,197.14,3.45,29.34,29.40,1.24,5.22,3.48,0.97
300426,华智数媒,6.58,6.62,6.62,7893400.0,-0.04,-0.60,6.73,6.51,5227,1.97,-7.46,3.32,26.32,29.64,31.88,7.94,5.30,0.71
300427,红相股份,9.11,9.50,9.44,18465700.0,-0.39,-4.11,9.50,9.05,17077,3.67,-148.86,4.74,45.82,46.33,3.85,11.40,7.60,0.96
300428,立中集团,20.92,22.21,22.26,13933200.0,-1.29,-5.81,22.36,20.91,29723,2.33,15.55,6.53,124.84,143.42,1.58,26.65,17.77,1.30
300429,强力新材,13.80,15.46,15.31,45985200.0,-1.66,-10.74,15.50,13.62,65641,11.42,-49.52,12.16,55.55,74.54,4.48,18.55,12.37,1.22
300430,*ST益通,5.17,5.18,5.21,16890400.0,-0.01,-0.19,5.41,5.15,8903,6.50,-1.48,5.02,13.43,14.12,1.10,6.22,4.14,0.95
300431,暴风退,0.28,0.28,0.00,0.0,0.00,0.00,0.00,0.00,0,0.00,-0.06,0.00,0.69,0.92,-0.15,-1,-1,0.00
300432,富临精工,22.82,23.77,23.76,36382800.0,-0.95,-4.00,23.87,22.78,84243,2.15,77.02,4.59,385.82,390.17,7.96,28.52,19.02,0.96
300433,蓝思科技,40.50,40.23,39.90,197924700.0,0.27,0.67,41.30,38.13,787763,3.98,62.16,7.88,2012.73,2137.89,3.91,48.28,32.18,0.98
300434,金石亚药,9.87,9.95,9.94,8485800.0,-0.08,-0.80,10.03,9.82,8420,2.48,21.46,2.11,33.77,39.65,1.49,11.94,7.96,0.99
300435,中泰股份,18.49,19.21,19.20,9197500.0,-0.72,-3.75,19.26,18.43,17239,2.49,18.16,4.32,68.20,71.32,2.12,23.05,15.37,0.98
300436,广生堂,113.27,112.88,112.11,10854200.0,0.39,0.35,119.78,109.58,123799,7.94,-83.80,9.04,154.86,180.40,71.70,135.46,90.30,1.39
300437,清水源,12.29,12.72,12.68,7337800.0,-0.43,-3.38,12.83,12.27,9150,4.22,-82.71,4.40,21.35,30.14,2.18,15.26,10.18,0.80
300438,鹏辉能源,76.55,79.00,79.01,25494300.0,-2.45,-3.10,79.38,75.96,196622,6.31,67.07,4.33,309.39,385.31,6.76,94.80,63.20,0.79
300439,美康生物,9.15,9.05,9.05,3146100.0,0.10,1.10,9.19,8.99,2860,1.08,52.82,2.21,26.75,35.17,1.18,10.86,7.24,0.84
300440,运达科技,17.33,19.54,19.67,24781600.0,-2.21,-11.31,20.28,17.16,45374,5.66,91.51,15.97,75.87,76.17,4.61,23.45,15.63,1.66
300441,鲍斯股份,6.23,6.24,6.30,4776900.0,-0.01,-0.16,6.36,6.18,2999,0.76,24.02,2.88,39.00,40.15,1.62,7.49,4.99,0.95
300442,润泽科技,83.87,86.47,85.20,43370200.0,-2.60,-3.01,86.99,81.77,362518,2.66,26.35,6.04,1368.38,1370.72,9.59,103.76,69.18,0.83
300443,金雷股份,26.66,27.75,27.68,7399000.0,-1.09,-3.93,27.79,26.26,19839,3.05,26.12,5.51,64.72,85.35,1.35,33.30,22.20,0.76
300444,双杰电气,14.58,15.28,15.16,47676800.0,-0.70,-4.58,15.24,14.54,70723,7.60,25.17,4.58,91.48,117.31,5.65,18.34,12.22,0.99
300445,康斯特,23.43,24.88,24.76,5820200.0,-1.45,-5.83,24.98,23.29,13900,4.14,42.90,6.79,32.93,49.77,3.85,29.86,19.90,0.90
300446,航天智造,16.21,16.99,16.94,10196200.0,-0.78,-4.59,17.00,16.15,16769,2.73,16.46,5.00,60.55,137.04,2.27,20.39,13.59,1.11
300447,全信股份,15.68,16.61,16.82,6628900.0,-0.93,-5.60,16.82,15.60,10585,3.29,179.52,7.34,31.59,48.97,2.44,19.93,13.29,1.10
300448,浩云科技,7.79,8.13,8.19,27407600.0,-0.34,-4.18,8.26,7.75,21879,4.27,-194.65,6.27,50.06,52.70,4.37,9.76,6.50,0.93
300449,汉邦高科,7.76,8.14,8.15,23720500.0,-0.38,-4.67,8.17,7.68,18682,6.14,-38.60,6.02,29.96,29.96,10.77,9.77,6.51,0.94
300450,先导智能,50.81,51.41,51.98,78076500.0,-0.60,-1.17,53.70,50.40,408330,5.01,53.04,6.42,792.34,850.67,4.76,61.69,41.13,1.62
300451,创业慧康,3.83,3.90,3.91,26901700.0,-0.07,-1.79,4.00,3.80,10456,1.76,-12.75,5.13,58.47,59.33,1.51,4.68,3.12,1.11
300452,山河药辅,12.70,12.60,12.59,5175200.0,0.10,0.79,12.83,12.57,6568,2.61,16.88,2.06,25.23,29.78,2.91,15.12,10.08,1.08
300453,三鑫医疗,9.11,9.23,9.23,5014700.0,-0.12,-1.30,9.30,9.08,4604,1.39,17.01,2.38,32.78,47.56,3.34,11.08,7.38,0.69
300454,深信服,106.94,108.28,109.70,10982600.0,-1.34,-1.24,112.77,105.02,118965,3.81,79.86,7.16,307.99,461.51,4.25,129.94,86.62,1.09
300455,航天智装,21.70,23.24,23.25,12186700.0,-1.54,-6.63,23.40,21.58,27021,1.72,-85.49,7.83,153.77,155.76,9.33,27.89,18.59,1.30
300456,赛微电子,50.03,46.48,46.09,101853800.0,3.55,7.64,52.39,45.45,503233,17.05,25.77,14.93,298.90,366.33,5.77,55.78,37.18,2.54
300457,赢合科技,27.12,28.28,28.21,23032600.0,-1.16,-4.10,28.55,26.92,63662,3.63,29.92,5.76,172.17,174.97,2.54,33.94,22.62,0.88
300458,全志科技,34.64,37.66,37.99,65521600.0,-3.02,-8.02,38.17,34.36,233397,8.27,91.84,10.12,274.32,343.11,10.88,45.19,30.13,1.19
300459,汤姆猫,3.88,3.92,3.91,68850400.0,-0.04,-1.02,3.99,3.87,26978,2.09,-11.60,3.06,127.54,136.41,18.53,4.70,3.14,0.94
300460,ST惠伦,9.35,9.86,10.03,8981500.0,-0.51,-5.17,10.15,9.29,8620,3.20,-16.41,8.72,26.26,26.26,5.71,11.83,7.89,1.14
300461,田中精机,48.32,49.44,50.33,8951600.0,-1.12,-2.27,52.99,47.61,44819,6.23,1673.41,10.88,69.44,75.89,13.99,59.33,39.55,1.08
300462,ST华铭,12.08,12.38,12.41,2025500.0,-0.30,-2.42,12.43,12.07,2476,1.47,-39.66,2.91,16.67,21.89,1.58,14.86,9.90,0.85
300463,迈克生物,9.45,9.41,9.37,5302500.0,0.04,0.43,9.52,9.36,5001,1.08,-112.44,1.70,46.45,57.14,0.91,11.29,7.53,0.84
300464,星徽股份,9.64,10.32,10.24,31438800.0,-0.68,-6.59,10.41,9.56,31203,8.85,403.96,8.24,34.24,44.13,31.01,12.38,8.26,0.78
300465,高伟达,14.21,14.74,14.62,22758200.0,-0.53,-3.60,15.08,14.09,33141,5.13,251.90,6.72,63.06,63.06,9.44,17.69,11.79,0.92
300466,赛摩智能,8.02,8.56,8.55,10018700.0,-0.54,-6.31,8.59,7.99,8230,2.23,-160.91,7.01,36.00,42.95,6.20,10.27,6.85,1.25
300467,迅游科技,34.06,35.65,35.71,5226300.0,-1.59,-4.46,36.18,33.85,18170,3.07,275.08,6.54,57.98,69.21,10.65,42.78,28.52,0.79
300468,四方精创,23.94,25.01,25.09,18697200.0,-1.07,-4.28,25.14,23.82,45437,3.53,176.41,5.28,126.83,127.04,7.84,30.01,20.01,1.08
300469,信息发展,50.16,50.30,50.60,9428700.0,-0.14,-0.28,53.09,49.10,47977,3.80,-72.65,7.93,124.45,124.52,53.20,60.36,40.24,1.32
300470,中密控股,31.76,31.98,31.84,1797500.0,-0.22,-0.69,31.88,31.54,5695,0.91,18.47,1.06,62.61,66.05,2.22,38.38,25.58,0.56
300471,厚普股份,9.91,10.36,10.36,7635100.0,-0.45,-4.34,10.39,9.87,7667,2.08,-6000.24,5.02,36.33,46.59,2.98,12.43,8.29,0.96
300472,*ST新元,8.20,8.24,8.30,4094200.0,-0.04,-0.49,8.40,8.13,3385,1.66,-6.55,3.28,20.17,22.57,98.15,9.89,6.59,0.56
300473,德尔股份,33.67,35.70,35.65,6612700.0,-2.03,-5.69,35.96,33.33,22679,4.39,33.21,7.37,50.68,58.14,3.03,42.84,28.56,0.79
300474,景嘉微,57.87,63.31,63.33,17985000.0,-5.44,-8.59,63.79,57.68,107402,4.42,-182.35,9.65,235.23,302.44,4.43,75.97,50.65,1.21
300475,香农芯创,180.09,188.00,189.50,36521100.0,-7.91,-4.21,193.66,176.58,670299,8.12,45.58,9.09,810.47,845.60,17.14,225.60,150.40,0.89
300476,胜宏科技,368.52,375.30,378.00,52088500.0,-6.78,-1.81,396.98,366.50,1986467,6.02,77.39,8.12,3188.42,3621.76,23.12,450.36,300.24,0.80
300477,ST合纵,2.73,2.66,2.65,38729000.0,0.07,2.63,2.84,2.64,10662,3.91,-3.25,7.52,27.05,29.27,35.29,3.19,2.13,1.39
300478,杭州高新,43.60,45.00,46.08,5141000.0,-1.40,-3.11,46.45,43.14,22925,4.06,-158.93,7.36,55.23,55.23,176.00,54.00,36.00,0.83
300479,神思电子,14.64,15.26,15.36,4380100.0,-0.62,-4.06,15.58,14.52,6507,2.22,264.37,6.95,28.83,28.85,5.46,18.31,12.21,0.96
300480,光力科技,33.12,35.85,35.90,21671800.0,-2.73,-7.62,36.09,32.84,73416,8.02,227.23,9.07,89.48,122.62,7.23,43.02,28.68,0.68
300481,濮阳惠成,14.47,16.08,16.10,21615900.0,-1.61,-10.01,16.15,14.35,32511,7.45,37.21,11.19,41.97,42.23,1.77,19.30,12.86,1.21
300482,万孚生物,17.77,17.66,17.69,4612200.0,0.11,0.62,17.87,17.55,8172,1.07,-49.58,1.81,76.42,83.18,1.54,21.19,14.13,0.77
300483,首华燃气,18.56,18.51,17.92,16989300.0,0.05,0.27,18.87,17.82,31174,4.42,35.36,5.67,71.33,71.35,1.94,22.21,14.81,0.81
300484,蓝海华腾,15.40,16.68,16.63,7093900.0,-1.28,-7.67,16.74,15.26,11248,4.26,90.22,8.87,25.62,31.90,4.61,20.02,13.34,1.12
300485,赛升药业,8.90,8.73,8.73,6535400.0,0.17,1.95,9.05,8.69,5793,2.39,-206.74,4.12,24.37,42.87,1.28,10.48,6.98,1.07
300486,东杰智能,24.94,20.78,20.91,55510000.0,4.16,20.02,24.94,20.90,131661,11.64,495.39,19.44,118.97,119.00,7.00,24.94,16.62,4.55
300487,蓝晓科技,59.99,61.15,61.73,4732100.0,-1.16,-1.90,62.28,59.66,28570,1.54,34.48,4.28,184.78,305.43,6.86,73.38,48.92,1.27
300488,恒锋工具,32.59,34.19,34.15,5750800.0,-1.60,-4.68,34.69,32.35,19069,3.54,34.12,6.84,52.88,62.32,2.85,41.03,27.35,0.81
300489,光智科技,148.24,140.02,146.00,17031000.0,8.22,5.87,158.58,143.00,258391,12.28,-753.36,11.13,205.53,206.29,27.08,168.02,112.02,1.07
300490,华自科技,15.64,16.57,16.51,19214400.0,-0.93,-5.61,16.58,15.50,30623,4.89,-62.71,6.52,61.50,62.35,2.80,19.88,13.26,1.06
300491,通合科技,33.50,33.00,33.81,26538400.0,0.50,1.52,35.42,33.01,90463,16.84,128.37,7.30,52.80,59.52,4.93,39.60,26.40,1.57
300492,华图山鼎,42.59,44.04,44.11,2557400.0,-1.45,-3.29,44.30,42.42,11030,1.30,34.83,4.27,83.77,83.77,32.78,52.85,35.23,0.95
300493,润欣科技,15.66,17.98,17.85,44187500.0,-2.32,-12.90,17.85,15.54,73239,8.72,135.17,12.85,79.34,80.26,6.93,21.58,14.38,1.16
300494,盛天网络,9.30,9.47,9.43,6773800.0,-0.17,-1.80,9.53,9.24,6353,1.70,2949.30,3.06,37.05,45.62,3.15,11.36,7.58,0.71
300495,*ST美尚,0.13,0.13,0.00,0.0,0.00,0.00,0.00,0.00,0,0.00,-0.14,0.00,0.88,0.88,-3.59,-1,-1,0.00
300496,中科创达,63.18,69.91,70.20,33246600.0,-6.73,-9.63,71.00,62.59,220174,9.04,63.15,12.03,232.24,290.46,2.83,83.89,55.93,1.10
300497,富祥股份,15.30,15.50,15.53,20450200.0,-0.20,-1.29,15.76,15.19,31514,4.52,2096.42,3.68,69.24,82.41,3.67,18.60,12.40,1.04
300498,温氏股份,13.68,13.34,13.39,63014600.0,0.34,2.55,13.83,13.23,85730,1.06,41.70,4.50,813.86,910.26,2.30,16.01,10.67,1.14
300499,高澜股份,38.20,42.01,42.35,40140200.0,-3.81,-9.07,43.35,37.70,160098,14.79,381.90,13.45,103.68,116.60,8.37,50.41,33.61,1.07
300500,启迪设计,11.07,11.30,11.33,5153100.0,-0.23,-2.04,11.76,10.96,5854,3.07,-22.28,7.08,18.55,19.26,1.93,13.56,9.04,1.41
300501,海顺新材,13.83,14.42,14.42,5916300.0,-0.59,-4.09,14.65,13.61,8249,4.15,-74.90,7.21,19.73,38.47,3.00,17.30,11.54,0.69
300502,新易盛,706.45,718.34,718.00,33255500.0,-11.89,-1.66,733.99,701.01,2378686,3.75,65.51,4.59,6268.19,7035.52,34.47,862.01,574.67,0.82
300503,昊志机电,73.50,78.61,78.97,25693900.0,-5.11,-6.50,80.43,72.50,194348,10.66,116.41,10.09,177.12,226.55,15.70,94.33,62.89,0.67
300504,天邑股份,19.01,19.38,19.39,14963300.0,-0.37,-1.91,19.84,18.67,28712,6.86,-89.51,6.04,41.49,51.52,2.46,23.26,15.50,1.45
300505,川金诺,21.06,21.14,21.19,13174300.0,-0.08,-0.38,21.96,20.95,28112,6.06,13.69,4.78,45.78,57.89,2.04,25.37,16.91,1.20
300506,ST名家汇,4.87,4.96,5.00,8431000.0,-0.09,-1.81,5.04,4.82,4146,1.15,-108.88,4.44,35.78,69.43,5.08,5.95,3.97,0.87
300507,苏奥传感,7.83,8.26,8.29,20659900.0,-0.43,-5.21,8.35,7.78,16460,2.67,60.11,6.90,60.68,62.69,2.89,9.91,6.61,1.21
300508,维宏股份,41.48,45.73,45.90,4326600.0,-4.25,-9.29,45.90,41.23,18505,5.28,79.54,10.21,34.01,45.15,5.42,54.88,36.58,1.07
300509,新美星,9.63,10.01,10.12,5756500.0,-0.38,-3.80,10.12,9.50,5595,2.33,22.37,6.19,23.80,28.54,4.17,12.01,8.01,0.96
300510,金冠股份,3.69,3.83,3.81,20917100.0,-0.14,-3.66,3.84,3.69,7864,2.54,-8.68,3.92,30.43,30.43,1.59,4.60,3.06,1.09
300511,雪榕生物,5.95,6.09,6.08,15591400.0,-0.14,-2.30,6.09,5.92,9366,2.86,19.48,2.79,32.49,38.13,2.14,7.31,4.87,0.74
300512,中亚股份,7.98,8.23,8.25,4555100.0,-0.25,-3.04,8.32,7.93,3675,1.41,104.51,4.74,25.85,32.66,2.00,9.88,6.58,1.02
300513,恒实科技,7.99,8.42,8.42,8608800.0,-0.43,-5.11,8.50,7.91,7018,3.00,-3.61,7.01,22.94,25.06,4.65,10.10,6.74,1.23
300514,友讯达,10.93,11.33,11.35,3289200.0,-0.40,-3.53,11.39,10.83,3644,2.05,75.58,4.94,17.52,21.86,2.15,13.60,9.06,0.93
300515,三德科技,15.86,16.44,16.60,3572200.0,-0.58,-3.53,16.60,15.78,5710,1.77,17.29,4.99,32.00,32.63,3.38,19.73,13.15,0.71
300516,久之洋,33.26,35.57,35.63,4175400.0,-2.31,-6.49,35.77,33.12,14199,1.66,560.83,7.45,83.82,83.82,6.56,42.68,28.46,1.08
300517,海波重科,11.75,12.41,12.46,6975100.0,-0.66,-5.32,12.70,11.68,8430,5.53,508.65,8.22,14.83,23.55,2.30,14.89,9.93,0.85
300518,新迅达,30.52,31.63,32.26,9927700.0,-1.11,-3.51,33.08,30.20,31333,4.98,-56.33,9.11,60.85,60.86,9.21,37.96,25.30,0.93
300519,新光药业,13.90,13.94,14.07,2682100.0,-0.04,-0.29,14.19,13.72,3742,2.35,39.69,3.37,15.86,22.24,2.72,16.73,11.15,0.94
300520,科大国创,34.60,36.48,37.16,22047500.0,-1.88,-5.15,38.25,34.23,79112,7.81,-51.69,11.02,97.65,101.04,5.90,43.78,29.18,0.72
300521,爱司凯,26.41,27.40,27.60,7691200.0,-0.99,-3.61,29.14,26.11,21044,5.20,-293.05,11.06,39.05,39.54,7.42,32.88,21.92,1.23
300522,世名科技,12.23,13.17,13.16,8541100.0,-0.94,-7.14,13.51,12.12,10765,3.25,230.55,10.55,32.18,39.44,5.06,15.80,10.54,1.02
300523,辰安科技,21.39,22.24,22.82,5320600.0,-0.85,-3.82,23.52,21.22,11669,2.29,-22.94,10.34,49.76,49.76,5.14,26.69,17.79,1.13
300525,博思软件,8.65,8.86,8.87,11968200.0,-0.21,-2.37,8.98,8.64,10497,1.92,37.53,3.84,53.92,65.61,2.62,10.63,7.09,0.96
300526,中潜退,0.56,0.56,0.00,0.0,0.00,0.00,0.00,0.00,0,0.00,-3.35,0.00,1.07,1.14,0.52,-1,-1,0.00
300527,ST应急,7.48,7.49,7.48,6087600.0,-0.01,-0.13,7.57,7.44,4556,0.60,539.37,1.74,76.05,76.05,2.63,8.99,5.99,0.81
300528,幸福蓝海,17.26,17.15,17.00,17768900.0,0.11,0.64,17.65,16.85,30558,4.77,-29.32,4.66,64.31,64.31,16.76,20.58,13.72,0.62
300529,健帆生物,18.19,17.88,17.91,5125400.0,0.31,1.73,18.35,17.82,9297,1.00,25.73,2.96,93.22,145.27,4.06,21.46,14.30,1.09
300530,领湃科技,21.15,22.46,22.50,2761700.0,-1.31,-5.83,22.60,21.10,5951,1.61,-28.61,6.68,36.37,36.37,50.02,26.95,17.97,1.36
300531,优博讯,15.53,16.51,16.44,13015400.0,-0.98,-5.94,16.57,15.41,20668,4.18,47.30,7.03,48.39,49.86,3.47,19.81,13.21,0.91
300532,今天国际,6.97,7.18,7.15,9542500.0,-0.21,-2.92,7.24,6.94,6716,1.58,20.42,4.18,42.15,44.30,2.53,8.62,5.74,1.15
300533,冰川网络,16.09,16.24,16.28,5928300.0,-0.15,-0.92,16.47,15.96,9609,2.57,18.54,3.14,37.16,52.81,4.10,19.49,12.99,0.86
300534,陇神戎发,8.04,8.07,8.07,4438700.0,-0.03,-0.37,8.14,7.99,3583,1.47,49.40,1.86,24.28,24.39,3.35,9.68,6.46,0.99
300535,达威股份,16.36,16.92,16.90,2251600.0,-0.56,-3.31,17.10,16.14,3730,2.77,79.03,5.67,13.28,17.51,1.83,20.30,13.54,0.83
300536,农尚环境,10.56,11.25,11.14,17724000.0,-0.69,-6.13,11.29,10.42,18990,6.04,-13.14,7.73,30.97,30.97,11.00,13.50,9.00,0.71
300537,广信材料,27.19,29.29,29.29,16755100.0,-2.10,-7.17,29.30,26.84,46512,11.04,494.99,8.40,41.26,56.50,6.23,35.15,23.43,0.56
300538,同益股份,16.20,17.51,17.53,14046400.0,-1.31,-7.48,17.55,16.01,23198,11.61,-64.18,8.79,19.60,29.47,3.24,21.01,14.01,0.87
300539,横河精密,24.10,25.99,26.26,10467900.0,-1.89,-7.27,26.26,23.83,25842,4.80,125.28,9.35,52.51,64.61,5.66,31.19,20.79,1.14
300540,蜀道装备,25.86,26.87,26.90,10464800.0,-1.01,-3.76,27.26,25.60,27510,5.06,81.29,6.18,53.46,59.36,5.24,32.24,21.50,1.00
300541,先进数通,10.83,11.26,11.27,9660500.0,-0.43,-3.82,11.37,10.80,10614,2.49,58.68,5.06,42.02,46.57,2.67,13.51,9.01,0.85
300542,新晨科技,12.90,13.65,13.66,5886100.0,-0.75,-5.49,13.78,12.87,7730,2.38,-157.53,6.67,31.94,38.51,7.22,16.38,10.92,1.04
300543,朗科智能,8.47,8.89,8.96,6925500.0,-0.42,-4.72,9.00,8.40,5980,2.77,-287.00,6.75,21.19,25.95,1.83,10.67,7.11,0.71
300545,联得装备,33.15,36.42,36.17,16482900.0,-3.27,-8.98,36.42,32.80,56453,13.79,64.36,9.94,39.63,61.48,2.85,43.70,29.14,1.21
300546,雄帝科技,17.25,18.02,18.01,4659200.0,-0.77,-4.27,18.20,17.10,8130,3.45,125.21,6.10,23.28,32.37,2.87,21.62,14.42,1.00
300547,川环科技,34.43,37.65,37.77,12922600.0,-3.22,-8.55,38.69,34.01,46276,7.25,37.89,12.43,61.36,74.68,5.39,45.18,30.12,1.14
300548,长芯博创,249.21,240.15,240.77,30634200.0,9.06,3.77,260.00,240.00,762336,11.33,194.46,8.33,674.10,729.65,34.90,288.18,192.12,2.22
300549,优德精密,15.56,16.20,16.20,2705900.0,-0.64,-3.95,16.49,15.41,4283,2.68,386.94,6.67,15.72,20.75,3.81,19.44,12.96,0.88
300550,和仁科技,15.12,15.12,0.00,0.0,0.00,0.00,0.00,0.00,0,0.00,93.80,0.00,39.66,39.70,3.47,18.14,12.10,0.00
300551,古鳌科技,11.80,12.32,12.30,12869800.0,-0.52,-4.22,13.07,11.75,15680,3.80,-16.32,10.71,40.01,40.13,13.10,14.78,9.86,1.05
300552,万集科技,27.94,30.71,30.30,13980300.0,-2.77,-9.02,31.25,27.65,40524,10.35,-38.20,11.72,37.74,59.55,3.43,36.85,24.57,1.07
300553,集智股份,61.90,64.88,64.88,3388700.0,-2.98,-4.59,66.03,60.73,21218,3.99,401.34,8.17,52.55,68.72,8.15,77.86,51.90,0.60
300554,三超新材,27.25,29.82,29.45,9451100.0,-2.57,-8.62,29.53,27.05,26588,11.95,-19.87,8.32,21.55,31.12,6.29,35.78,23.86,1.07
300555,ST路通,13.12,13.60,13.60,1558100.0,-0.48,-3.53,13.78,13.00,2069,0.79,-27.49,5.74,25.98,26.24,6.37,16.32,10.88,0.72
300556,丝路视觉,19.31,20.15,20.15,6323400.0,-0.84,-4.17,20.57,19.18,12450,5.83,-106.61,6.90,20.95,23.47,5.84,24.18,16.12,0.94
300557,理工光科,33.58,35.47,35.35,3554300.0,-1.89,-5.33,35.77,33.50,12133,2.98,86.08,6.40,40.09,40.59,4.00,42.56,28.38,0.86
300558,贝达药业,52.68,48.67,48.68,24412000.0,4.01,8.24,53.55,48.66,125820,5.82,50.24,10.05,220.94,221.64,3.26,58.40,38.94,2.48
300559,佳发教育,11.61,12.28,12.30,11085100.0,-0.67,-5.46,12.36,11.52,13110,3.56,128.33,6.84,36.12,46.38,3.96,14.74,9.82,1.01
300560,中富通,17.99,18.36,18.30,22483200.0,-0.37,-2.02,19.39,17.82,41896,12.03,-54.53,8.55,33.63,41.33,4.65,22.03,14.69,0.87
300561,汇金科技,20.92,20.16,19.60,34015100.0,0.76,3.77,21.30,19.20,69777,14.11,-352.40,10.42,50.43,68.64,11.83,24.19,16.13,2.63
300562,乐心医疗,12.20,12.29,12.31,5955600.0,-0.09,-0.73,12.42,12.16,7314,3.65,29.27,2.12,19.88,26.67,2.58,14.75,9.83,0.99
300563,神宇股份,29.41,29.82,30.17,6448700.0,-0.41,-1.37,31.68,29.35,19529,5.03,71.07,7.81,37.69,53.57,4.80,35.78,23.86,1.70
300564,筑博设计,14.27,14.62,14.66,3175600.0,-0.35,-2.39,15.10,14.15,4598,2.81,49.52,6.50,16.15,23.02,1.85,17.54,11.70,0.75
300565,科信技术,14.10,13.64,13.85,35183500.0,0.46,3.37,14.99,13.68,49921,15.42,-38.52,9.60,32.18,35.21,6.75,16.37,10.91,1.89
300566,激智科技,23.51,25.09,25.08,34005500.0,-1.58,-6.30,25.50,23.28,81908,15.00,30.54,8.85,53.29,61.62,2.77,30.11,20.07,1.06
300567,精测电子,194.20,210.20,206.44,12076500.0,-16.00,-7.61,208.11,192.00,239635,5.32,623.47,7.66,440.93,543.27,13.18,252.24,168.16,0.83
300568,星源材质,15.82,16.88,16.89,84632300.0,-1.06,-6.28,16.95,15.70,135949,7.00,1124.43,7.41,191.19,212.89,2.19,20.26,13.50,0.91
300569,天能重工,5.36,5.53,5.50,19625900.0,-0.17,-3.07,5.56,5.33,10664,1.92,56.18,4.16,54.65,54.82,1.05,6.64,4.42,1.10
300570,太辰光,165.42,170.40,172.00,25771200.0,-4.98,-2.92,181.29,161.40,439869,13.41,131.66,11.67,317.93,375.71,21.24,204.48,136.32,1.02
300571,平治信息,46.87,49.62,49.33,15152900.0,-2.75,-5.54,50.68,46.00,72750,13.10,-31.74,9.43,54.20,65.40,5.30,59.54,39.70,0.65
300572,安车检测,29.96,31.86,31.86,8407000.0,-1.90,-5.96,32.33,29.61,25438,4.64,-38.28,8.54,54.31,68.61,4.26,38.23,25.49,1.20
300573,兴齐眼药,38.44,39.46,39.42,10685500.0,-1.02,-2.58,39.63,37.81,41213,3.89,18.16,4.61,105.48,137.35,7.08,47.35,31.57,1.39
300575,中旗股份,6.01,6.23,6.27,15321300.0,-0.22,-3.53,6.27,5.92,9232,4.47,-18.46,5.62,20.60,28.79,1.48,7.48,4.98,1.38
300576,容大感光,43.53,47.40,47.00,37153500.0,-3.87,-8.16,48.24,42.96,167444,16.13,144.50,11.14,100.28,159.48,9.16,56.88,37.92,0.70
300577,开润股份,17.03,16.80,16.80,2437100.0,0.23,1.37,17.33,16.80,4157,1.71,11.86,3.15,24.21,40.84,1.92,20.16,13.44,0.73
300578,会畅科技,17.71,18.41,18.41,5443100.0,-0.70,-3.80,18.72,17.63,9794,2.75,-108.27,5.92,35.10,35.11,3.05,22.09,14.73,0.90
300579,数字认证,22.82,23.76,23.77,4794800.0,-0.94,-3.96,24.12,22.80,11092,1.84,-74.13,5.56,59.44,61.61,7.78,28.51,19.01,1.42
300580,贝斯特,23.76,25.22,25.26,13357400.0,-1.46,-5.79,25.67,23.62,32506,2.83,42.38,8.13,112.29,119.35,3.55,30.26,20.18,0.88
300581,晨曦航空,10.96,11.52,11.47,9294200.0,-0.56,-4.86,11.62,10.90,10393,1.69,-88.23,6.25,60.29,60.29,6.58,13.82,9.22,1.07
300582,英飞特,14.63,15.71,15.66,12544200.0,-1.08,-6.87,15.80,14.50,18813,5.66,-8.89,8.27,32.41,43.68,4.97,18.85,12.57,0.92
300583,赛托生物,12.85,13.01,13.10,3789400.0,-0.16,-1.23,13.13,12.73,4885,2.04,-58.01,3.07,23.92,24.38,1.38,15.61,10.41,0.98
300584,海辰药业,34.50,34.43,34.63,4502200.0,0.07,0.20,35.65,33.71,15602,5.48,93.28,5.63,28.33,41.40,3.87,41.32,27.54,1.88
300585,奥联电子,18.39,20.15,20.12,8964200.0,-1.76,-8.73,20.24,18.18,16862,5.24,-42.79,10.22,31.47,31.47,4.97,24.18,16.12,0.85
300586,美联新材,11.43,12.36,12.37,47459800.0,-0.93,-7.52,12.42,11.31,55924,8.88,-103.69,8.98,61.10,81.29,4.41,14.83,9.89,0.88
300587,天铁科技,5.07,5.42,5.42,26905300.0,-0.35,-6.46,5.50,5.04,14029,2.56,-31.28,8.49,53.37,65.82,2.94,6.50,4.34,1.11
300588,熙菱信息,19.46,19.87,20.04,2961400.0,-0.41,-2.06,20.10,19.41,5843,1.67,-82.58,3.47,34.41,37.26,14.54,23.84,15.90,0.89
300589,江龙船艇,13.67,14.10,14.31,12383600.0,-0.43,-3.05,14.40,13.54,17219,5.28,-41.13,6.10,32.05,51.63,7.43,16.92,11.28,1.21
300590,移为通信,14.58,15.34,15.37,23683500.0,-0.76,-4.95,15.65,14.47,35218,6.62,57.75,7.69,52.17,67.39,3.65,18.41,12.27,0.84
300591,万里马,7.79,8.05,8.06,13380800.0,-0.26,-3.23,8.10,7.73,10553,3.82,-23.32,4.60,27.30,31.60,18.48,9.66,6.44,0.77
300592,华凯易佰,12.24,12.13,12.10,10642100.0,0.11,0.91,12.75,12.05,13162,3.05,21.21,5.77,42.70,49.49,2.07,14.56,9.70,1.20
300593,新雷能,35.39,37.79,37.79,40184600.0,-2.40,-6.35,38.50,34.94,145311,8.92,-98.57,9.42,159.35,191.99,8.37,45.35,30.23,0.65
300594,ST朗进,17.25,17.25,17.15,2415500.0,0.00,0.00,17.80,16.93,4195,2.65,-114.83,5.04,15.70,15.85,2.08,20.70,13.80,0.93
300595,欧普康视,12.08,11.90,11.93,11355100.0,0.18,1.51,12.28,11.88,13734,1.70,23.24,3.36,80.75,108.15,2.19,14.28,9.52,1.24
300596,利安隆,46.90,47.70,47.30,6635900.0,-0.80,-1.68,47.55,46.50,31149,2.89,20.68,2.20,107.69,107.69,2.17,57.24,38.16,0.89
300597,吉大通信,8.47,8.95,8.98,8978700.0,-0.48,-5.36,9.07,8.40,7775,3.31,-26.68,7.49,22.99,23.09,2.46,10.74,7.16,1.09
300598,诚迈科技,31.70,33.22,33.68,6092100.0,-1.52,-4.58,33.93,31.51,19643,2.81,-72.08,7.28,68.76,68.78,4.87,39.86,26.58,0.89
300599,雄塑科技,12.61,12.56,12.69,21509100.0,0.05,0.40,13.50,12.41,27890,6.79,-93.10,8.68,39.94,45.16,2.35,15.07,10.05,1.25
300600,国瑞科技,10.92,11.25,11.20,3702900.0,-0.33,-2.93,11.27,10.86,4092,1.26,-58.78,3.64,32.13,32.13,2.68,13.50,9.00,0.94
300601,康泰生物,12.70,12.58,12.58,11239300.0,0.12,0.95,12.83,12.53,14237,1.25,174.62,2.38,114.35,141.85,1.55,15.10,10.06,0.95
300602,飞荣达,45.30,49.08,48.60,52506500.0,-3.78,-7.70,49.29,45.01,244385,13.28,68.61,8.72,179.12,263.58,6.41,58.90,39.26,0.99
300603,立昂技术,9.17,9.97,9.84,31419500.0,-0.80,-8.02,9.97,9.06,29708,8.40,-23.77,9.13,34.29,42.62,3.38,11.96,7.98,0.97
300604,长川科技,210.79,219.03,222.50,28825300.0,-8.24,-3.76,223.60,207.68,615727,5.89,85.02,7.27,1031.76,1337.29,26.26,262.84,175.22,0.87
300605,恒锋信息,10.91,11.36,11.37,5486900.0,-0.45,-3.96,11.49,10.75,6071,4.34,-46.76,6.51,13.79,18.02,4.13,13.63,9.09,0.86
300606,金太阳,35.42,39.41,39.62,14486200.0,-3.99,-10.12,40.40,35.10,54108,12.31,244.66,13.45,41.68,49.00,7.44,47.29,31.53,1.03
300607,拓斯达,31.14,32.59,32.50,23548800.0,-1.45,-4.45,33.36,30.89,74539,6.98,125.76,7.58,105.10,148.53,5.09,39.11,26.07,0.69
300608,思特奇,11.96,12.82,12.85,31239000.0,-0.86,-6.71,12.99,11.83,38395,10.45,-22.57,9.05,35.76,40.98,3.24,15.38,10.26,0.73
300609,汇纳科技,35.49,36.47,36.44,3276800.0,-0.98,-2.69,36.56,34.58,11543,2.73,-42.19,5.43,42.56,42.63,4.65,43.76,29.18,0.72
300610,晨化股份,10.75,11.25,11.26,4961400.0,-0.50,-4.44,11.31,10.66,5425,3.00,35.32,5.78,17.80,22.89,1.97,13.50,9.00,1.11
300611,美力科技,25.78,27.66,27.52,7650400.0,-1.88,-6.80,28.00,25.54,20221,5.16,42.11,8.89,38.23,54.42,4.23,33.19,22.13,0.90
300612,宣亚国际,12.82,13.07,13.07,6928700.0,-0.25,-1.91,13.33,12.73,9031,3.85,-26.24,4.59,23.06,23.13,5.40,15.68,10.46,1.08
300613,富瀚微,59.41,63.23,63.17,15425100.0,-3.82,-6.04,63.79,58.88,93614,7.02,64.21,7.77,130.47,138.31,4.74,75.88,50.58,0.81
300614,百川畅银,11.82,12.25,12.25,3186800.0,-0.43,-3.51,12.43,11.70,3823,1.99,-4.63,5.96,18.96,18.96,2.62,14.70,9.80,0.86
300615,欣天科技,11.53,12.09,12.09,7714300.0,-0.56,-4.63,12.29,11.48,9161,5.04,-57.79,6.70,17.65,22.25,4.84,14.51,9.67,0.98
300616,尚品宅配,15.10,16.00,16.00,8388600.0,-0.90,-5.63,16.08,15.03,12914,5.40,-11.06,6.56,23.44,33.90,1.19,19.20,12.80,0.63
300617,安靠智电,67.80,72.88,72.00,13894200.0,-5.08,-6.97,72.48,66.79,96641,10.00,142.58,7.81,94.19,112.35,3.71,87.46,58.30,0.96
300618,寒锐钴业,38.15,39.42,39.55,7835900.0,-1.27,-3.22,39.88,38.00,30319,2.88,42.74,4.77,103.96,118.15,2.13,47.30,31.54,0.96
300619,金银河,42.38,45.31,45.07,7909100.0,-2.93,-6.47,45.24,42.03,34259,5.40,104.10,7.08,62.08,73.74,4.67,54.37,36.25,1.13
300620,光库科技,278.78,292.99,291.54,22469400.0,-14.21,-4.85,292.00,271.00,628563,9.09,329.91,7.17,688.87,694.67,32.24,351.59,234.39,1.17
300621,维业股份,7.69,7.98,8.00,5350800.0,-0.29,-3.63,8.11,7.63,4196,2.64,-3.56,6.02,15.57,16.00,2.98,9.58,6.38,1.01
300622,博士眼镜,17.18,17.19,17.25,6841100.0,-0.01,-0.06,17.65,17.08,11848,3.14,34.61,3.32,37.47,54.80,6.19,20.63,13.75,0.97
300623,捷捷微电,33.85,37.41,37.20,61217900.0,-3.56,-9.52,37.40,33.36,213157,7.98,60.55,10.80,259.75,281.66,4.59,44.89,29.93,0.97
300624,万兴科技,59.92,60.83,61.39,7592000.0,-0.91,-1.50,62.77,59.40,46266,4.43,-108.88,5.54,102.60,115.85,11.86,73.00,48.66,0.91
300625,三雄极光,11.12,11.72,11.69,3128900.0,-0.60,-5.12,11.75,11.03,3537,1.93,-57.57,6.14,18.01,31.06,1.61,14.06,9.38,0.82
300626,华瑞股份,35.49,37.25,37.24,14625400.0,-1.76,-4.72,38.68,35.05,53570,8.13,432.07,9.74,63.85,63.88,12.00,44.70,29.80,0.65
300627,华测导航,27.83,28.72,28.83,9974800.0,-0.89,-3.10,28.90,27.74,28082,1.54,32.78,4.04,180.37,218.99,5.45,34.46,22.98,0.94
300628,亿联网络,36.15,36.55,36.68,12838800.0,-0.40,-1.09,36.78,35.90,46599,1.77,17.00,2.41,262.40,457.98,5.49,43.86,29.24,1.56
300629,新劲刚,23.00,25.02,24.91,13601800.0,-2.02,-8.07,25.28,22.79,32072,6.27,52.17,9.95,49.86,57.83,3.31,30.02,20.02,1.02
300630,普利退,0.89,0.89,0.00,0.0,0.00,0.00,0.00,0.00,0,0.00,-4.71,0.00,3.99,5.00,0.16,-1,-1,0.00
300631,久吾高科,24.50,25.61,25.60,2827600.0,-1.11,-4.33,25.79,24.37,7041,2.33,42.64,5.54,29.79,30.63,2.26,30.73,20.49,1.06
300632,光莆股份,27.98,30.95,30.95,44216000.0,-2.97,-9.60,30.95,27.70,127008,19.99,-271.31,10.50,61.89,85.39,4.93,37.14,24.76,0.81
300633,开立医疗,20.40,20.95,20.99,6486400.0,-0.55,-2.63,21.14,20.39,13352,2.49,48.80,3.58,53.06,86.67,2.83,25.14,16.76,1.53
300634,彩讯股份,25.40,25.87,26.07,24676700.0,-0.47,-1.82,26.80,25.21,64138,5.68,47.27,6.15,110.31,114.61,3.76,31.04,20.70,0.88
300635,中达安,13.73,14.02,14.10,4399900.0,-0.29,-2.07,14.25,13.67,6090,3.65,-21.29,4.14,16.53,19.22,6.25,16.82,11.22,0.98
300636,同和药业,6.88,6.90,6.88,4206700.0,-0.02,-0.29,6.95,6.84,2899,1.15,40.64,1.59,25.27,28.89,1.21,8.28,5.52,0.73
300637,扬帆新材,9.79,10.80,10.71,11926400.0,-1.01,-9.35,10.80,9.74,12081,5.09,1163.25,9.81,22.96,22.98,3.28,12.96,8.64,1.04
300638,广和通,21.35,22.82,22.82,20343300.0,-1.47,-6.44,22.93,21.26,44509,3.84,80.36,7.32,113.25,191.99,3.07,27.38,18.26,1.04
300639,凯普生物,5.76,6.00,5.99,16886800.0,-0.24,-4.00,5.99,5.75,9868,2.66,-34.99,4.00,36.59,37.24,0.98,7.20,4.80,0.95
300640,德艺文创,6.59,6.90,6.94,12474300.0,-0.31,-4.49,6.98,6.47,8344,5.65,199.27,7.39,14.55,20.49,2.52,8.28,5.52,1.03
300641,正丹股份,15.15,15.34,15.33,5878400.0,-0.19,-1.24,15.55,15.10,9002,1.12,20.27,2.93,79.62,79.62,2.43,18.41,12.27,0.78
300642,透景生命,13.95,14.15,14.30,2947600.0,-0.20,-1.41,14.38,13.85,4128,2.14,-927.57,3.75,19.21,22.67,1.61,16.98,11.32,0.99
300643,万通智控,16.50,17.27,17.20,4221400.0,-0.77,-4.46,17.53,16.39,7078,1.83,23.77,6.60,38.07,38.16,2.90,20.72,13.82,0.89
300644,南京聚隆,24.81,26.18,26.16,3556500.0,-1.37,-5.23,26.57,24.65,9009,4.01,21.49,7.33,21.98,27.46,2.54,31.42,20.94,0.77
300645,正元智慧,13.92,14.36,14.36,3065500.0,-0.44,-3.06,14.54,13.80,4319,2.20,149.91,5.15,19.39,19.78,1.88,17.23,11.49,0.78
300647,超频三,6.02,6.47,6.48,16609200.0,-0.45,-6.96,6.52,5.97,10220,3.64,-19.27,8.50,27.49,27.53,6.42,7.76,5.18,1.03
300648,星云股份,50.76,53.61,53.31,4001400.0,-2.85,-5.32,53.60,48.89,20338,3.02,-38.12,8.79,67.35,88.47,7.62,64.33,42.89,0.97
300649,杭州园林,21.05,22.03,22.20,7924700.0,-0.98,-4.45,22.48,20.68,16798,7.47,-65.99,8.17,22.34,27.87,6.31,26.44,17.62,1.43
300650,太龙股份,13.92,15.32,15.26,10704700.0,-1.40,-9.14,15.41,13.86,15427,6.28,81.61,10.12,23.71,33.60,2.34,18.38,12.26,1.43
300651,金陵体育,26.76,25.99,25.50,16712900.0,0.77,2.96,27.00,25.41,44101,16.17,59.89,6.12,27.66,37.79,3.45,31.19,20.79,1.15
300652,雷迪克,46.13,48.28,48.30,4023400.0,-2.15,-4.45,49.10,45.99,19287,3.36,46.24,6.44,55.23,61.53,3.98,57.94,38.62,0.58
300653,正海生物,15.92,16.11,16.16,1384400.0,-0.19,-1.18,16.17,15.82,2206,0.77,40.63,2.17,28.66,28.66,3.35,19.33,12.89,0.97
300654,世纪天鸿,9.27,9.60,9.60,8821200.0,-0.33,-3.44,9.74,9.23,8316,2.50,134.71,5.31,32.69,33.94,4.04,11.52,7.68,0.91
300655,晶瑞电材,15.05,17.08,17.00,100451700.0,-2.03,-11.89,17.00,14.85,158522,9.42,143.49,12.59,160.57,161.48,6.27,20.50,13.66,1.14
300656,民德电子,31.33,33.62,33.47,8794500.0,-2.29,-6.81,34.00,31.10,28472,6.62,-33.19,8.63,41.64,53.61,6.24,40.34,26.90,0.96
300657,弘信电子,40.65,43.72,44.41,68960300.0,-3.07,-7.02,44.60,40.21,288843,14.72,109.89,10.04,190.45,195.98,13.79,52.46,34.98,0.72
300658,延江股份,12.09,12.76,12.77,10857300.0,-0.67,-5.25,12.93,11.98,13391,4.92,66.14,7.45,26.70,40.23,2.98,15.31,10.21,0.69
300659,中孚信息,11.02,11.42,11.42,5660800.0,-0.40,-3.50,11.58,11.00,6332,2.99,-29.36,5.08,20.85,28.70,2.46,13.70,9.14,0.97
300660,江苏雷利,42.49,45.36,45.36,10052600.0,-2.87,-6.33,45.70,42.20,43763,2.25,70.09,7.72,189.87,189.99,5.31,54.43,36.29,0.74
300661,圣邦股份,117.77,121.50,123.00,22030000.0,-3.73,-3.07,123.99,115.01,259470,3.68,119.64,7.39,705.48,730.97,13.68,145.80,97.20,0.89
300662,科锐国际,21.03,21.45,21.44,2906000.0,-0.42,-1.96,21.68,20.90,6173,1.48,11.91,3.64,41.27,41.39,1.76,25.74,17.16,0.89
300663,科蓝软件,7.77,7.99,8.05,15629300.0,-0.22,-2.75,8.10,7.70,12287,3.40,-8.90,5.01,35.72,37.18,11.60,9.59,6.39,0.81
300664,鹏鹞环保,4.94,5.02,5.02,9482000.0,-0.08,-1.59,5.06,4.94,4747,1.26,34.31,2.39,37.17,37.36,0.86,6.02,4.02,0.86
300665,飞鹿股份,9.64,9.50,9.52,15974900.0,0.14,1.47,10.16,9.50,15620,7.33,-10.59,6.95,21.02,22.13,4.91,11.40,7.60,1.40
300666,江丰电子,190.20,203.05,204.00,18206700.0,-12.85,-6.33,204.14,187.74,352776,8.23,91.41,8.08,420.56,504.64,9.93,243.66,162.44,0.96
300667,必创科技,17.00,17.94,18.00,8731400.0,-0.94,-5.24,18.18,16.92,15143,5.06,-36.09,7.02,29.35,34.79,3.37,21.53,14.35,0.97
300668,杰恩股份,55.31,59.40,59.17,6699200.0,-4.09,-6.89,59.17,54.50,37533,6.72,667.09,7.86,55.14,66.58,8.54,71.28,47.52,1.17
300669,沪宁股份,30.74,31.53,31.98,2863400.0,-0.79,-2.51,31.98,30.30,8883,1.57,335.41,5.33,56.10,59.24,6.85,37.84,25.22,0.86
300670,大烨智能,7.02,6.90,6.99,22264800.0,0.12,1.74,7.37,6.86,15897,9.91,-11.12,7.39,15.77,22.25,5.26,8.28,5.52,1.34
300671,富满微,44.95,49.72,50.05,16759600.0,-4.77,-9.59,50.21,44.48,77989,7.59,-72.27,11.52,99.22,99.51,6.27,59.66,39.78,1.11
300672,国科微,328.97,348.51,351.00,14136400.0,-19.54,-5.61,358.98,321.00,472594,6.72,-310.72,10.90,691.95,714.20,18.52,418.21,278.81,0.89
300673,佩蒂股份,15.22,15.41,15.39,3822300.0,-0.19,-1.23,15.52,14.91,5811,2.38,37.08,3.96,24.42,37.64,2.14,18.49,12.33,0.82
300674,宇信科技,16.60,17.14,17.15,9103100.0,-0.54,-3.15,17.26,16.51,15277,1.29,27.87,4.38,116.70,116.87,2.65,20.57,13.71,0.96
300675,建科院,14.45,14.51,14.70,4714900.0,-0.06,-0.41,15.56,14.42,7023,3.21,-27.80,7.86,21.19,21.19,4.31,17.41,11.61,1.83
300676,华大基因,36.79,36.96,37.07,6440300.0,-0.17,-0.46,37.61,36.24,23718,1.55,-26.84,3.71,153.06,153.90,1.83,44.35,29.57,0.87
300677,英科医疗,43.45,43.61,43.90,9526400.0,-0.16,-0.37,44.17,42.91,41315,2.05,42.59,2.89,202.31,284.49,1.56,52.33,34.89,0.77
300678,中科信息,24.40,25.30,25.50,5739100.0,-0.90,-3.56,25.58,24.31,14181,1.97,458.77,5.02,71.05,72.32,8.40,30.36,20.24,0.80
300679,电连技术,56.21,58.20,59.11,24005900.0,-1.99,-3.42,59.92,55.68,137439,6.68,102.28,7.29,202.04,238.79,4.77,69.84,46.56,0.95
300680,隆盛科技,35.11,39.63,39.61,15576200.0,-4.52,-11.41,39.80,34.92,57204,8.86,33.34,12.31,61.74,79.95,3.85,47.56,31.70,1.40
300681,英搏尔,32.76,34.79,35.37,15623100.0,-2.03,-5.84,35.38,32.59,52378,6.77,43.25,8.02,75.61,100.26,3.24,41.75,27.83,1.02
300682,朗新科技,12.62,13.31,13.44,19570500.0,-0.69,-5.18,13.48,12.57,25201,1.90,262.30,6.84,130.15,136.07,2.02,15.97,10.65,1.13
300683,海特生物,27.50,28.10,28.10,5572200.0,-0.60,-2.14,28.58,27.33,15518,4.56,-14.97,4.45,33.57,36.00,1.68,33.72,22.48,1.05
300684,中石科技,56.16,63.11,63.59,22644900.0,-6.95,-11.01,63.66,55.60,132528,11.08,49.24,12.77,114.74,168.20,8.37,75.73,50.49,1.32
300685,艾德生物,20.41,20.14,20.30,13581800.0,0.27,1.34,20.79,20.08,27695,3.49,22.37,3.53,79.51,79.62,4.26,24.17,16.11,1.13
300686,智动力,15.50,16.72,16.72,10049100.0,-1.22,-7.30,17.12,15.32,16036,3.88,-24.92,10.77,40.13,40.40,5.34,20.06,13.38,1.26
300687,赛意信息,25.58,27.65,28.07,31023500.0,-2.07,-7.49,28.69,25.11,82095,9.49,-104.33,12.95,83.62,104.47,3.90,33.18,22.12,1.13
300688,创业黑马,24.89,25.63,25.69,4557600.0,-0.74,-2.89,26.39,24.72,11502,3.07,-76.26,6.52,36.93,41.66,11.36,30.76,20.50,0.64
300689,澄天伟业,55.25,58.49,58.49,1987700.0,-3.24,-5.54,59.22,54.72,11200,1.96,918.29,7.69,55.90,63.87,9.22,70.19,46.79,0.83
300690,双一科技,25.39,26.30,26.30,4773600.0,-0.91,-3.46,26.90,25.28,12361,4.31,27.86,6.16,28.15,41.98,2.59,31.56,21.04,1.11
300691,联合光电,16.03,17.58,17.60,9596100.0,-1.55,-8.82,17.71,15.93,15785,4.35,146.77,10.13,35.38,43.13,2.62,21.10,14.06,1.23
300692,中赋科技,8.13,8.39,8.38,11151100.0,-0.26,-3.10,8.39,8.01,9105,2.17,69.74,4.53,41.72,45.71,1.47,10.07,6.71,0.98
300693,盛弘股份,51.25,54.01,54.87,17302700.0,-2.76,-5.11,55.52,50.70,90527,6.44,32.82,8.92,137.79,160.31,7.65,64.81,43.21,1.01
300694,蠡湖股份,10.33,10.54,10.62,6036900.0,-0.21,-1.99,10.83,10.27,6333,2.78,17.17,5.31,22.39,22.42,1.50,12.65,8.43,1.09
300695,兆丰股份,59.70,62.50,62.50,1306600.0,-2.80,-4.48,63.15,59.40,7940,1.28,20.18,6.00,61.05,61.05,2.12,75.00,50.00,0.77
300696,爱乐达,30.86,32.91,32.88,8165000.0,-2.05,-6.23,33.04,30.49,25642,3.06,169.21,7.75,82.43,90.81,4.73,39.49,26.33,0.96
300697,电工合金,16.53,17.18,17.28,10871300.0,-0.65,-3.78,17.57,16.36,18287,3.28,38.60,7.04,54.75,71.52,5.45,20.62,13.74,1.08
300698,万马科技,34.49,37.22,37.08,4785600.0,-2.73,-7.33,37.19,34.40,16867,4.04,96.09,7.50,40.89,46.22,8.63,44.66,29.78,0.79
300699,光威复材,29.92,32.06,32.01,26747800.0,-2.14,-6.67,32.29,29.83,81706,3.26,43.64,7.67,245.77,248.74,4.29,38.47,25.65,1.15
300700,岱勒新材,18.60,19.77,19.82,13631300.0,-1.17,-5.92,20.15,18.45,26031,5.04,-46.65,8.60,50.33,73.85,9.57,23.72,15.82,1.06
300701,森霸传感,10.91,11.77,11.77,8927800.0,-0.86,-7.31,11.85,10.84,10001,3.58,41.12,8.58,27.18,30.85,3.27,14.12,9.42,1.10
300702,天宇股份,19.23,19.15,19.15,3164500.0,0.08,0.42,19.98,19.01,6142,1.50,69.91,5.07,40.46,66.92,1.82,22.98,15.32,0.57
300703,创源股份,16.75,16.05,16.17,15434800.0,0.70,4.36,18.16,15.76,26041,9.28,143.37,14.95,27.85,30.22,3.98,19.26,12.84,2.50
300705,九典制药,11.75,11.55,11.56,5922500.0,0.20,1.73,11.76,11.43,6895,1.61,14.56,2.86,43.34,58.78,2.39,13.86,9.24,0.96
300706,阿石创,48.90,54.01,54.09,17770600.0,-5.11,-9.46,54.72,48.00,90237,15.64,-221.42,12.44,55.55,74.96,10.87,64.81,43.21,1.18
300707,威唐工业,12.75,13.18,13.29,4731400.0,-0.43,-3.26,13.30,12.60,6107,3.25,83.83,5.31,18.59,22.51,2.01,15.82,10.54,0.86
300708,聚灿光电,9.12,10.03,9.94,59714200.0,-0.91,-9.07,9.96,9.05,56806,8.41,49.45,9.07,64.75,85.63,2.98,12.04,8.02,0.93
300709,精研科技,43.40,47.22,47.36,10796600.0,-3.82,-8.09,47.68,43.09,48272,7.23,422.95,9.72,64.79,80.76,3.75,56.66,37.78,1.30
300710,万隆光电,45.32,45.91,45.55,12569000.0,-0.59,-1.29,48.00,44.50,58135,16.85,-130.12,7.62,33.80,45.09,10.40,55.09,36.73,1.49
300711,广哈通信,19.66,20.42,20.50,6518900.0,-0.76,-3.72,20.55,19.55,12969,2.62,70.23,4.90,48.84,55.13,3.72,24.50,16.34,1.55
300712,永福股份,23.19,23.48,23.44,3558100.0,-0.29,-1.24,23.96,22.95,8329,1.91,624.76,4.30,43.30,43.49,3.40,28.18,18.78,1.38
300713,英可瑞,15.50,16.71,16.71,4406100.0,-1.21,-7.24,16.96,15.39,7000,5.10,-23.56,9.40,13.39,24.60,5.55,20.05,13.37,1.23
300715,凯伦股份,21.37,21.80,22.24,22824700.0,-0.43,-1.97,22.50,20.73,48789,7.29,285.78,8.12,66.88,80.79,4.60,26.16,17.44,0.75
300716,*ST泉为,14.40,14.78,14.75,2370000.0,-0.38,-2.57,15.05,14.20,3435,1.48,-10.48,5.75,23.04,23.04,-12.91,17.74,11.82,0.77
300717,华信新材,18.44,19.30,19.30,2043600.0,-0.86,-4.46,19.60,18.29,3832,2.01,36.76,6.79,18.78,18.95,2.59,23.16,15.44,1.02
300718,长盛轴承,72.38,77.26,77.56,13099700.0,-4.88,-6.32,77.57,71.58,96742,6.66,82.75,7.75,142.34,216.26,12.53,92.71,61.81,0.69
300719,安达维尔,12.37,12.91,12.91,4780100.0,-0.54,-4.18,13.09,12.31,6006,2.66,-277.61,6.04,22.22,31.45,3.11,15.49,10.33,0.95
300720,海川智能,63.00,63.37,63.39,8304700.0,-0.37,-0.58,67.00,62.25,53723,4.51,536.06,7.50,116.01,122.77,20.86,76.04,50.70,1.04
300721,怡达股份,35.00,35.76,37.05,32802100.0,-0.76,-2.13,37.39,34.00,116721,23.71,-83.80,9.48,48.42,57.70,5.17,42.91,28.61,1.26
300722,新余国科,23.74,24.56,24.56,2454500.0,-0.82,-3.34,24.80,23.67,5911,0.89,80.18,4.60,65.70,65.70,9.73,29.47,19.65,0.88
300723,一品红,43.91,40.63,39.93,31303900.0,3.28,8.07,45.78,38.67,132319,7.47,99.17,17.50,184.07,198.34,10.25,48.76,32.50,1.81
300724,捷佳伟创,80.71,86.41,85.99,16850400.0,-5.70,-6.60,87.00,80.24,139055,5.86,12.90,7.82,232.21,281.11,2.07,103.69,69.13,1.14
300725,药石科技,35.29,36.24,36.24,8141200.0,-0.95,-2.62,36.88,35.08,29031,4.02,41.92,4.97,71.54,82.51,1.50,43.49,28.99,1.29
300726,宏达电子,62.02,64.25,64.75,22078500.0,-2.23,-3.47,67.53,61.45,140992,10.30,58.04,9.46,132.99,255.42,4.91,77.10,51.40,0.98
300727,润禾材料,35.86,38.22,37.75,10638400.0,-2.36,-6.17,37.86,35.51,38748,6.56,52.43,6.15,58.13,64.60,4.68,45.86,30.58,1.12
300728,天常股份,7.11,7.11,0.00,0.0,0.00,0.00,0.00,0.00,0,0,15.40,0.00,0,6.40,1.47,-1,-1,0.00
300729,乐歌股份,11.43,11.45,11.49,2399200.0,-0.02,-0.17,11.63,11.42,2763,0.73,18.73,1.83,37.60,39.05,1.10,13.74,9.16,0.77
300730,科创信息,14.78,15.32,15.39,11674700.0,-0.54,-3.52,15.50,14.68,17527,5.65,-28.55,5.35,30.56,35.64,22.42,18.38,12.26,0.73
300731,科创新源,87.60,93.45,97.38,10590100.0,-5.85,-6.26,99.00,86.33,95330,8.81,492.26,13.56,105.28,110.93,17.94,112.14,74.76,1.25
300732,设研院,7.04,7.07,7.07,10358100.0,-0.03,-0.42,7.42,7.01,7475,2.80,-16.34,5.80,26.06,26.09,0.93,8.48,5.66,1.50
300733,西菱动力,17.15,17.65,17.60,6220200.0,-0.50,-2.83,17.90,17.00,10806,2.76,65.50,5.10,38.68,52.42,3.02,21.18,14.12,0.48
300735,光弘科技,22.60,24.74,24.37,35683600.0,-2.14,-8.65,24.50,22.44,82548,4.71,67.63,8.33,171.18,182.86,3.20,29.69,19.79,0.85
300736,百邦科技,34.09,35.63,35.93,5656600.0,-1.54,-4.32,36.11,33.66,19532,4.54,-150.12,6.88,42.51,43.61,66.27,42.76,28.50,0.81
300737,科顺股份,7.26,7.23,7.29,22688600.0,0.03,0.41,7.47,7.12,16511,2.56,-15.73,4.84,64.39,80.58,2.05,8.68,5.78,0.98
300738,奥飞数据,21.76,23.10,23.11,62415900.0,-1.34,-5.80,23.29,21.57,138413,6.34,123.69,7.45,214.31,214.38,5.58,27.72,18.48,0.96
300739,明阳电路,34.51,38.51,38.45,56716800.0,-4.00,-10.39,41.80,33.41,217042,16.53,150.65,21.79,118.42,128.88,4.65,46.21,30.81,1.39
300740,水羊股份,24.30,25.26,25.30,10510600.0,-0.96,-3.80,25.45,24.23,25865,2.91,67.51,4.83,87.80,95.31,4.30,30.31,20.21,1.14
300741,华宝股份,14.53,14.52,14.55,2138300.0,0.01,0.07,14.93,14.47,3138,0.35,112.37,3.17,89.49,89.49,1.32,17.42,11.62,1.28
300742,越博退,0.18,0.18,0.00,0.0,0.00,0.00,0.00,0.00,0,0.00,-0.11,0.00,0.21,0.25,-0.12,-1,-1,0.00
300743,天地数码,16.93,17.60,17.62,3117800.0,-0.67,-3.81,17.72,16.80,5338,2.45,22.14,5.23,21.57,25.60,3.78,21.12,14.08,0.99
300745,欣锐科技,45.44,48.46,47.97,7704500.0,-3.02,-6.23,48.46,45.00,35767,5.41,-94.99,7.14,64.67,76.60,3.46,58.15,38.77,0.92
300746,汉嘉数智,11.19,11.59,11.61,5361200.0,-0.40,-3.45,12.01,11.04,6130,2.40,36.30,8.37,25.01,25.26,3.07,13.91,9.27,1.02
300747,锐科激光,40.23,40.28,41.81,54987300.0,-0.05,-0.12,42.50,39.80,226843,10.53,120.99,6.70,209.99,225.93,6.61,48.34,32.22,1.38
300748,金力永磁,32.27,34.00,33.96,43024700.0,-1.73,-5.09,33.97,31.28,138949,3.81,60.16,7.91,364.66,443.90,6.02,40.80,27.20,1.18
300749,顶固集创,21.00,22.01,22.02,8833900.0,-1.01,-4.59,23.25,20.80,19343,5.61,-405.38,11.13,33.05,43.09,7.82,26.41,17.61,1.35
300750,宁德时代,424.00,415.68,423.00,49811900.0,8.32,2.00,430.86,416.55,2113903,1.17,24.84,3.44,18049.23,19616.40,6.00,498.82,332.54,1.33
300751,迈为股份,249.66,260.47,260.36,10994200.0,-10.81,-4.15,264.49,241.04,275822,5.70,102.77,9.00,481.47,696.31,8.99,312.56,208.38,0.85
300752,隆利科技,19.10,20.70,20.50,12954500.0,-1.60,-7.73,20.60,18.98,25390,8.13,96.06,7.83,30.45,44.05,3.43,24.84,16.56,1.16
300753,爱朋医疗,22.24,23.36,23.35,3480700.0,-1.12,-4.79,23.67,22.11,7865,3.96,-260.47,6.68,19.55,28.03,4.23,28.03,18.69,0.97
300755,华致酒行,15.70,15.26,15.25,13784000.0,0.44,2.88,16.55,15.10,21819,3.31,-16.31,9.50,65.40,65.44,2.33,18.31,12.21,1.38
300756,金马游乐,32.22,33.96,33.96,5455900.0,-1.74,-5.12,36.10,32.14,18342,2.84,65.53,11.66,61.86,71.09,4.86,40.75,27.17,1.38
300757,罗博特科,639.30,650.01,660.02,7731900.0,-10.71,-1.65,688.00,631.57,505873,4.76,-1354.84,8.68,1039.29,1071.52,65.91,780.01,520.01,0.86
300758,七彩化学,12.78,13.89,13.71,28226300.0,-1.11,-7.99,13.82,12.78,37212,7.85,110.45,7.49,45.98,51.01,2.90,16.67,11.11,0.75
300759,康龙化成,25.10,25.02,25.05,31425500.0,0.08,0.32,25.66,24.73,79087,2.21,27.23,3.72,356.43,461.16,2.80,30.02,20.02,1.28
300760,迈瑞医疗,151.83,150.78,150.71,10430300.0,1.05,0.70,154.36,150.00,159173,0.86,23.49,2.89,1839.27,1840.85,4.77,180.94,120.62,1.08
300761,立华股份,20.11,19.82,19.82,9201800.0,0.29,1.46,20.30,19.60,18394,1.47,31.97,3.53,126.29,168.37,1.81,23.78,15.86,0.97
300762,上海瀚讯,33.63,36.55,36.55,38747700.0,-2.92,-7.99,36.57,33.22,133204,6.17,-117.73,9.17,211.18,211.18,9.29,43.86,29.24,1.41
300763,锦浪科技,114.52,120.40,120.45,18588400.0,-5.88,-4.88,120.88,113.58,215192,5.78,74.77,6.06,368.29,455.86,5.09,144.48,96.32,0.92
300765,新诺威,26.76,26.04,26.48,14945000.0,0.72,2.76,27.44,25.63,39738,1.06,-122.00,6.95,375.87,375.87,14.59,31.25,20.83,1.35
300766,每日互动,24.91,25.76,25.57,19714500.0,-0.85,-3.30,26.18,24.79,50023,5.51,-284.62,5.40,89.16,98.33,6.28,30.91,20.61,0.91
300767,震安科技,19.33,20.50,20.60,8299900.0,-1.17,-5.71,20.60,19.17,16329,3.46,-47.63,6.98,46.37,53.41,3.52,24.60,16.40,0.82
300768,迪普科技,16.20,16.90,16.93,6028000.0,-0.70,-4.14,17.05,16.13,9890,1.43,53.04,5.44,68.15,104.30,2.95,20.28,13.52,0.93
300769,德方纳米,66.11,67.97,67.97,18523100.0,-1.86,-2.74,69.00,65.68,124108,7.36,-47.63,4.88,166.44,185.23,3.55,81.56,54.38,0.76
300770,新媒股份,34.80,34.39,34.39,1568800.0,0.41,1.19,35.06,34.39,5451,0.69,12.34,1.95,79.29,79.29,2.23,41.27,27.51,0.72
300771,智莱科技,11.65,12.11,12.13,4804500.0,-0.46,-3.80,12.20,11.58,5672,2.69,30.49,5.12,20.80,27.96,1.44,14.53,9.69,0.95
300772,运达股份,15.10,15.87,15.81,18505400.0,-0.77,-4.85,15.90,15.03,28299,2.65,36.12,5.48,105.38,118.81,1.76,19.04,12.70,1.01
300773,拉卡拉,24.22,25.43,25.47,29022800.0,-1.21,-4.76,25.58,24.10,71549,3.95,11.30,5.82,177.91,188.11,3.86,30.52,20.34,0.80
300774,倍杰特,13.09,14.04,14.04,12619200.0,-0.95,-6.77,14.49,13.00,17065,6.48,141.19,10.61,25.51,53.51,3.68,16.85,11.23,0.73
300775,三角防务,24.54,25.72,25.98,17696300.0,-1.18,-4.59,26.01,24.40,44126,3.33,49.63,6.26,130.46,134.37,2.28,30.86,20.58,1.01
300776,帝尔激光,147.33,166.10,164.53,24336600.0,-18.77,-11.30,166.10,147.00,376761,13.60,80.76,11.50,263.69,419.74,10.66,199.32,132.88,1.27
300777,中简科技,33.42,36.61,36.70,17508200.0,-3.19,-8.71,36.70,33.28,60402,4.15,66.68,9.34,141.16,146.95,3.20,43.93,29.29,0.97
300778,新城市,12.09,13.60,13.59,17484000.0,-1.51,-11.10,13.60,11.91,21894,8.59,-47.66,12.43,24.62,24.62,2.05,16.32,10.88,3.17
300779,惠城环保,83.63,86.50,87.41,7964800.0,-2.87,-3.32,87.88,83.01,67500,4.91,262.96,5.63,135.70,177.87,7.93,103.80,69.20,0.54
300780,德恩精工,26.91,29.03,29.01,7872700.0,-2.12,-7.30,29.04,26.65,21643,7.32,-89.38,8.23,28.94,39.47,3.94,34.84,23.22,0.99
300781,因赛集团,32.03,32.18,32.27,5723300.0,-0.15,-0.47,33.52,31.93,18722,4.72,-58.67,4.94,38.80,52.59,9.55,38.62,25.74,1.17
300782,卓胜微,108.10,117.09,118.49,31905700.0,-8.99,-7.68,120.36,106.68,357555,7.12,-159.14,11.68,484.56,621.56,4.72,140.51,93.67,1.13
300783,三只松鼠,18.21,17.65,17.65,9838200.0,0.56,3.17,18.41,17.57,17843,3.51,38.57,4.76,51.04,73.15,2.27,21.18,14.12,1.03
300784,利安科技,45.09,45.07,45.08,1734300.0,0.02,0.04,46.58,44.28,7869,10.31,54.13,5.10,7.58,25.36,3.15,54.08,36.06,1.29
300785,值得买,45.29,44.87,45.19,9694100.0,0.42,0.94,47.00,45.19,44683,7.92,91.26,4.03,55.41,90.06,4.67,53.84,35.90,1.08
300786,国林科技,18.27,19.06,19.11,11157500.0,-0.79,-4.14,19.46,18.16,20900,7.62,-396.12,6.82,26.75,33.62,3.01,22.87,15.25,0.73
300787,海能实业,9.50,10.12,10.11,7484800.0,-0.62,-6.13,10.18,9.43,7264,3.81,45.54,7.41,18.67,29.78,2.02,12.14,8.10,1.37
300788,中信出版,27.59,27.68,27.89,3594800.0,-0.09,-0.33,28.50,27.41,10052,1.89,44.67,3.94,52.46,52.46,2.34,33.22,22.14,1.03
300789,唐源电气,21.76,22.85,23.23,2669100.0,-1.09,-4.77,23.25,21.49,5914,1.91,94.42,7.70,30.37,31.30,2.95,27.42,18.28,0.92
300790,宇瞳光学,33.48,34.24,34.14,25578800.0,-0.76,-2.22,36.50,33.10,87734,7.78,49.31,9.93,110.09,125.26,4.61,41.09,27.39,0.92
300791,仙乐健康,18.10,17.13,17.11,3329600.0,0.97,5.66,18.45,16.99,5967,1.29,47.43,8.52,46.59,55.87,2.00,20.56,13.70,2.16
300792,壹网壹创,30.67,31.40,31.70,5857900.0,-0.73,-2.32,32.18,30.60,18442,2.76,64.34,5.03,65.18,72.67,2.47,37.68,25.12,0.83
300793,佳禾智能,13.58,14.30,14.29,10565000.0,-0.72,-5.03,14.29,13.42,14467,2.84,-28.85,6.08,50.53,51.68,1.85,17.16,11.44,1.24
300795,米奥会展,10.56,11.03,11.00,16761600.0,-0.47,-4.26,11.48,10.37,18268,9.63,21.21,10.06,18.37,31.56,5.56,13.24,8.82,1.26
300796,贝斯美,7.33,7.51,7.50,6507500.0,-0.18,-2.40,7.60,7.31,4842,1.80,2517.91,3.86,26.47,26.47,1.54,9.01,6.01,1.14
300797,钢研纳克,14.07,14.89,14.95,3832600.0,-0.82,-5.51,14.95,14.02,5498,1.01,32.99,6.25,53.25,53.85,3.99,17.87,11.91,1.26
300798,锦鸡股份,7.88,8.24,8.25,15085300.0,-0.36,-4.37,8.38,7.84,12084,3.72,-88.42,6.55,31.97,38.86,2.36,9.89,6.59,0.84
300799,左江退,1.08,1.08,0.00,0.0,0.00,0.00,0.00,0.00,0,0.00,-0.47,0.00,0.73,1.10,0.27,-1,-1,0.00
300800,力合科技,10.66,10.98,11.16,4693800.0,-0.32,-2.91,11.18,10.57,5101,2.00,55.05,5.56,24.98,25.24,1.24,13.18,8.78,1.02
300801,泰和科技,26.97,28.63,28.44,5803400.0,-1.66,-5.80,28.65,26.82,15987,4.24,44.48,6.39,36.92,58.91,2.30,34.36,22.90,0.88
300802,矩子科技,22.37,24.38,24.22,18193200.0,-2.01,-8.24,24.22,22.15,41689,9.34,70.41,8.49,43.56,63.55,4.18,29.26,19.50,1.20
300803,指南针,91.85,95.44,95.46,21416000.0,-3.59,-3.76,97.27,91.35,201181,3.54,279.40,6.20,556.00,560.09,19.55,114.53,76.35,0.87
300804,广康生化,37.31,38.63,38.71,1488000.0,-1.32,-3.42,39.20,36.91,5628,5.41,119.89,5.93,10.26,27.61,2.02,46.36,30.90,0.95
300805,电声股份,8.61,8.81,8.80,7279800.0,-0.20,-2.27,8.94,8.60,6385,2.52,110.90,3.86,24.83,36.54,2.34,10.57,7.05,1.03
300806,斯迪克,76.12,80.69,82.60,18092800.0,-4.57,-5.66,82.99,75.00,140293,5.72,523.30,9.90,240.85,345.05,14.78,96.83,64.55,0.85
300807,天迈科技,44.90,46.59,46.99,2323300.0,-1.69,-3.63,47.32,43.78,10409,4.47,-85.42,7.60,23.32,30.55,6.81,55.91,37.27,1.24
300808,久量股份,23.95,24.40,24.51,2387200.0,-0.45,-1.84,24.97,23.66,5750,2.01,-57.91,5.37,28.48,38.32,4.08,29.28,19.52,1.14
300809,华辰装备,37.45,40.03,39.99,10626400.0,-2.58,-6.45,39.99,37.27,40562,7.06,49.62,6.79,56.39,94.95,5.19,48.04,32.02,0.62
300810,中科海讯,27.03,28.62,28.53,2737900.0,-1.59,-5.56,28.79,26.88,7543,2.40,-97.00,6.67,30.82,31.91,4.14,34.34,22.90,1.18
300811,铂科新材,86.70,89.22,91.30,21278500.0,-2.52,-2.82,94.50,86.18,191129,6.39,81.28,9.33,288.53,351.87,11.46,107.06,71.38,1.02
300812,易天股份,40.20,43.99,44.40,12483400.0,-3.79,-8.62,45.21,39.53,53788,9.82,747.91,12.91,51.09,56.31,7.18,52.79,35.19,0.83
300813,泰林生物,21.42,22.10,22.12,2200500.0,-0.68,-3.08,22.30,21.31,4774,2.89,145.87,4.48,16.29,25.96,3.22,26.52,17.68,1.00
300814,中富电路,159.79,151.85,150.75,14395400.0,7.94,5.23,175.98,149.60,237319,7.52,803.67,17.37,305.89,305.89,18.68,182.22,121.48,1.42
300815,玉禾田,20.20,20.90,20.85,4629500.0,-0.70,-3.35,21.18,20.08,9505,1.19,14.35,5.26,78.86,80.52,1.71,25.08,16.72,0.70
300816,艾可蓝,96.66,99.76,99.37,4523300.0,-3.10,-3.11,100.45,93.08,43769,7.98,80.25,7.39,54.78,77.33,8.09,119.71,79.81,1.02
300817,双飞集团,18.42,19.58,19.58,4159800.0,-1.16,-5.92,19.79,18.30,7840,3.32,58.51,7.61,23.07,40.21,3.81,23.50,15.66,1.00
300818,耐普矿机,23.88,25.20,25.16,4817700.0,-1.32,-5.24,25.40,23.50,11660,3.39,82.32,7.54,33.94,52.39,2.92,30.24,20.16,0.74
300819,聚杰微纤,69.48,73.77,72.45,5438100.0,-4.29,-5.82,73.44,68.68,38234,4.04,199.86,6.45,93.63,103.67,11.76,88.52,59.02,0.54
300820,英杰电气,64.89,68.85,69.12,6797300.0,-3.96,-5.75,69.45,64.60,45111,6.08,69.10,7.04,72.53,144.22,5.59,82.62,55.08,0.69
300821,东岳硅材,15.74,17.49,17.09,110011600.0,-1.75,-10.01,17.19,15.47,177445,9.17,136.96,9.83,188.85,188.88,3.70,20.99,13.99,1.26
300822,贝仕达克,13.79,14.35,14.52,2996600.0,-0.56,-3.90,14.53,13.74,4212,1.04,181.61,5.51,39.85,42.96,3.45,17.22,11.48,1.11
300823,建科智能,17.06,17.63,17.64,3759900.0,-0.57,-3.23,17.79,16.80,6504,4.43,43.39,5.62,14.47,22.35,2.30,21.16,14.10,0.97
300824,北鼎股份,8.53,8.49,8.48,5533200.0,0.04,0.47,8.70,8.48,4753,1.75,24.65,2.59,27.00,27.84,3.73,10.19,6.79,1.41
300825,阿尔特,13.21,13.72,13.77,33452300.0,-0.51,-3.72,14.24,13.01,45102,6.90,-26.39,8.97,64.00,65.37,3.25,16.46,10.98,0.61
300826,测绘股份,15.98,16.24,16.26,2514900.0,-0.26,-1.60,16.35,15.86,4034,1.48,196.77,3.02,27.10,28.18,1.88,19.49,12.99,0.61
300827,上能电气,33.06,35.58,35.31,25585600.0,-2.52,-7.08,35.54,32.90,86898,6.64,38.93,7.42,127.36,184.04,4.35,42.70,28.46,1.09
300828,锐新科技,18.78,19.85,19.90,4842200.0,-1.07,-5.39,19.95,18.69,9225,5.74,113.91,6.35,15.84,31.25,3.96,23.82,15.88,0.84
300829,金丹科技,18.85,19.86,19.73,8813000.0,-1.01,-5.09,19.79,18.81,16955,5.62,40.49,4.93,29.55,42.84,1.76,23.83,15.89,0.97
300830,金现代,9.40,9.88,9.91,13222800.0,-0.48,-4.86,10.01,9.35,12692,3.92,-53.75,6.68,31.69,42.45,3.23,11.86,7.90,0.96
300831,派瑞股份,22.11,25.69,25.69,39737500.0,-3.58,-13.94,25.70,22.00,92928,21.54,119.63,14.40,40.79,70.75,7.27,30.83,20.55,1.04
300832,新产业,46.74,47.20,47.00,7108600.0,-0.46,-0.97,48.86,46.72,33957,1.04,22.60,4.53,319.29,367.24,4.30,56.64,37.76,1.13
300833,浩洋股份,35.26,36.51,36.55,899400.0,-1.25,-3.42,36.91,35.10,3209,1.11,27.81,4.96,28.65,44.60,1.79,43.81,29.21,0.87
300834,星辉环材,47.19,49.83,49.32,5021000.0,-2.64,-5.30,49.78,46.32,24031,2.61,173.15,6.94,90.81,91.41,3.18,59.80,39.86,0.79
300835,龙磁科技,179.50,191.10,187.67,7328500.0,-11.60,-6.07,193.01,177.86,136265,8.81,127.71,7.93,149.24,214.05,17.14,229.32,152.88,0.86
300836,佰奥智能,73.58,78.16,79.27,2561000.0,-4.58,-5.86,79.27,73.00,19291,4.04,69.94,8.02,46.69,68.20,10.64,93.79,62.53,1.00
300837,浙矿股份,29.70,31.27,31.39,1874900.0,-1.57,-5.02,31.52,29.61,5691,2.48,41.23,6.11,22.45,29.70,2.10,37.52,25.02,0.68
300838,浙江力诺,16.95,18.19,18.13,6866800.0,-1.24,-6.82,18.30,16.68,11777,6.75,-71.64,8.91,17.25,23.39,2.46,21.83,14.55,0.94
300839,博汇股份,16.69,16.85,16.80,11709900.0,-0.16,-0.95,17.74,16.61,20075,4.04,137.79,6.71,48.35,49.23,6.11,20.22,13.48,1.34
300840,酷特智能,22.80,23.19,23.37,8915400.0,-0.39,-1.68,23.82,22.63,20638,5.03,160.04,5.13,40.38,54.72,4.26,27.83,18.55,0.84
300841,康华生物,47.74,47.19,47.19,2411700.0,0.55,1.17,48.39,46.72,11485,2.03,27.38,3.54,56.77,62.04,1.77,56.63,37.75,0.90
300842,帝科股份,85.80,95.54,96.06,12133800.0,-9.74,-10.19,98.43,84.80,109052,9.40,-42.03,14.27,110.79,124.65,7.77,114.65,76.43,1.56
300843,胜蓝股份,90.52,95.96,96.20,5310700.0,-5.44,-5.67,96.55,89.56,49158,3.31,125.78,7.28,145.29,148.19,9.19,115.15,76.77,0.81
300844,山水比德,27.44,27.93,29.07,3146000.0,-0.49,-1.75,30.30,27.41,9045,3.50,-42.60,10.35,24.66,25.58,3.34,33.52,22.34,1.77
300845,捷安高科,14.10,14.25,14.22,10826600.0,-0.15,-1.05,15.05,13.79,15551,7.53,87.52,8.84,20.27,29.00,3.71,17.10,11.40,1.42
300846,首都在线,24.30,25.24,25.12,27416600.0,-0.94,-3.72,25.61,24.03,67484,6.59,-80.71,6.26,101.13,122.54,15.80,30.29,20.19,0.82
300847,中船汉光,14.30,14.60,14.55,2730300.0,-0.30,-2.05,14.81,14.28,3957,0.92,37.11,3.63,42.33,42.33,2.85,17.52,11.68,1.00
300848,美瑞新材,14.37,15.10,15.06,6029000.0,-0.73,-4.83,15.09,14.30,8780,2.38,67.57,5.23,36.37,61.49,4.00,18.12,12.08,1.03
300849,锦盛新材,21.13,21.56,21.64,2978600.0,-0.43,-1.99,21.77,20.78,6276,2.70,-56.63,4.59,23.30,31.70,5.88,25.87,17.25,0.52
300850,新强联,32.22,32.16,32.32,14970300.0,0.06,0.19,32.86,31.45,48128,4.98,16.73,4.38,96.91,133.42,1.90,38.59,25.73,1.17
300851,交大思诺,26.82,29.71,30.00,6120500.0,-2.89,-9.73,30.74,26.69,17417,12.40,28.57,13.63,13.23,23.32,1.82,35.65,23.77,1.02
300852,四会富仕,53.29,55.74,56.05,15372700.0,-2.45,-4.40,56.88,52.80,84425,9.92,66.36,7.32,82.58,85.54,3.84,66.89,44.59,1.25
300853,申昊科技,37.88,37.93,37.81,10660000.0,-0.05,-0.13,39.44,37.40,40682,10.84,-29.89,5.38,37.24,55.66,10.86,45.52,30.34,0.82
300854,中兰环保,33.73,31.36,31.88,12239600.0,2.37,7.56,33.84,31.46,40399,10.74,-64.93,7.59,38.44,47.25,5.16,37.63,25.09,1.86
300855,图南股份,36.86,38.84,38.99,7931100.0,-1.98,-5.10,39.00,36.63,29643,2.71,69.70,6.10,107.98,145.79,6.93,46.61,31.07,1.00
300856,科思股份,12.72,12.81,12.80,4683900.0,-0.09,-0.70,12.93,12.58,5962,1.02,60.03,2.73,58.48,60.51,2.22,15.37,10.25,1.02
300857,协创数据,239.65,252.30,254.90,19742400.0,-12.65,-5.01,255.90,235.01,480161,4.06,67.19,8.28,1166.76,1172.76,22.91,302.76,201.84,0.88
300858,科拓生物,16.15,16.29,16.22,6475000.0,-0.14,-0.86,16.48,16.08,10526,3.31,47.74,2.46,31.61,42.55,2.29,19.55,13.03,1.00
300859,西域旅游,28.60,28.56,28.76,4026600.0,0.04,0.14,29.10,28.39,11580,2.60,57.13,2.49,44.33,44.33,6.26,34.27,22.85,1.22
300860,锋尚文化,24.59,25.01,24.90,2045500.0,-0.42,-1.68,25.19,24.40,5057,1.87,-444.47,3.16,26.91,46.34,1.50,30.01,20.01,0.91
300861,美畅股份,19.91,21.99,21.84,41600200.0,-2.08,-9.46,21.84,19.74,85279,9.86,32.49,9.55,83.99,133.76,2.02,26.39,17.59,1.80
300862,蓝盾光电,22.89,24.38,24.38,7353300.0,-1.49,-6.11,24.49,22.69,17255,4.85,-44.44,7.38,34.67,42.26,2.16,29.26,19.50,1.29
300863,卡倍亿,61.30,59.39,59.52,17065100.0,1.91,3.22,63.50,58.68,105109,6.80,96.03,8.12,153.94,160.24,11.04,71.27,47.51,1.13
300864,南大环境,22.30,22.63,22.63,1826000.0,-0.33,-1.46,22.84,22.09,4091,1.16,23.09,3.31,35.21,35.21,2.78,27.16,18.10,0.62
300865,大宏立,27.26,28.65,28.89,2449900.0,-1.39,-4.85,29.13,27.05,6813,4.26,212.95,7.26,15.67,26.08,2.99,34.38,22.92,1.05
300866,安克创新,125.72,127.46,127.78,5930500.0,-1.74,-1.37,128.98,123.23,75052,1.93,26.74,4.51,386.69,674.21,6.57,152.95,101.97,1.16
300867,圣元环保,19.50,20.23,20.16,6215700.0,-0.73,-3.61,20.24,19.38,12274,3.24,17.86,4.25,37.37,52.99,1.32,24.28,16.18,0.90
300868,杰美特,106.35,113.66,113.34,3783400.0,-7.31,-6.43,113.68,104.19,41068,4.68,-224.64,8.35,85.89,136.08,9.27,136.39,90.93,0.80
300869,康泰医学,11.47,11.56,11.56,2914900.0,-0.09,-0.78,11.66,11.40,3361,1.10,-93.86,2.25,30.30,46.09,2.72,13.87,9.25,1.04
300870,欧陆通,275.00,298.39,299.99,7029400.0,-23.39,-7.84,300.48,272.00,199542,4.61,230.78,9.54,419.72,419.77,16.30,358.07,238.71,1.84
300871,回盛生物,21.01,21.52,21.51,4701700.0,-0.51,-2.37,21.55,20.96,9972,2.33,14.81,2.74,42.39,42.39,1.88,25.82,17.22,1.01
300872,天阳科技,19.78,20.92,21.27,26909100.0,-1.14,-5.45,21.28,19.57,54682,6.38,-61.82,8.17,83.48,96.55,2.60,25.10,16.74,1.29
300873,海晨股份,21.54,23.23,23.30,4310500.0,-1.69,-7.28,23.60,21.41,9568,2.57,23.86,9.43,36.09,49.67,1.54,27.88,18.58,0.96
300875,捷强装备,33.42,34.94,34.60,3000600.0,-1.52,-4.35,34.93,33.16,10149,3.42,-29.05,5.07,29.34,33.36,3.93,41.93,27.95,0.82
300876,蒙泰高新,25.79,27.12,26.99,2274200.0,-1.33,-4.90,27.40,25.63,5957,2.80,-47.20,6.53,20.92,28.04,2.75,32.54,21.70,0.76
300877,金春股份,34.11,33.78,33.74,4640300.0,0.33,0.98,34.41,33.01,15639,3.87,47.52,4.14,40.93,40.93,2.47,40.54,27.02,1.21
300878,维康药业,31.92,32.92,32.67,2803700.0,-1.00,-3.04,32.89,31.37,8962,1.95,-21.42,4.62,46.00,46.22,5.07,39.50,26.34,0.74
300879,大叶股份,18.72,19.48,19.45,3660900.0,-0.76,-3.90,19.59,18.70,6954,1.82,-17.53,4.57,37.63,37.89,3.07,23.38,15.58,0.73
300880,迦南智能,23.16,21.83,22.20,12267100.0,1.33,6.09,23.55,21.75,28030,6.29,59.53,8.25,45.19,45.19,4.33,26.20,17.46,2.05
300881,盛德鑫泰,52.58,55.50,55.33,5516600.0,-2.92,-5.26,56.00,51.59,29254,9.61,23.85,7.95,30.18,57.84,4.67,66.60,44.40,1.99
300882,万胜智能,16.90,17.54,17.54,4143100.0,-0.64,-3.65,17.69,16.84,7096,1.56,44.80,4.85,45.01,48.37,3.75,21.05,14.03,1.19
300883,龙利得,6.40,6.86,6.89,37273100.0,-0.46,-6.71,6.89,6.33,24877,11.27,-170.35,8.16,21.16,22.14,1.57,8.23,5.49,1.29
300884,狄耐克,11.09,11.58,11.63,5226400.0,-0.49,-4.23,11.78,11.00,5892,2.73,225.39,6.74,21.23,28.15,2.24,13.90,9.26,1.01
300885,海昌新材,27.20,28.57,28.44,11315400.0,-1.37,-4.80,28.90,26.92,31185,6.77,109.41,6.93,45.43,67.50,7.54,34.28,22.86,0.63
300886,华业香料,24.06,25.04,25.07,1787800.0,-0.98,-3.91,25.26,23.80,4366,4.10,77.75,5.83,10.50,18.00,3.02,30.05,20.03,0.99
300887,谱尼测试,8.57,9.20,9.22,19458700.0,-0.63,-6.85,9.33,8.52,17162,5.37,-22.87,8.80,31.04,46.77,1.70,11.04,7.36,1.52
300888,稳健医疗,29.30,28.82,28.70,3882500.0,0.48,1.67,29.39,28.40,11241,0.67,22.13,3.44,169.86,170.62,1.47,34.58,23.06,1.30
300889,爱克股份,22.90,23.39,23.46,6071900.0,-0.49,-2.09,23.57,22.77,14017,4.15,-63.28,3.42,33.52,50.43,3.56,28.07,18.71,0.81
300890,翔丰华,34.12,35.78,35.68,7134900.0,-1.66,-4.64,36.28,33.95,24783,6.55,47.41,6.51,37.14,40.65,1.90,42.94,28.62,0.93
300891,惠云钛业,7.09,7.39,7.40,6230000.0,-0.30,-4.06,7.44,7.02,4484,1.87,-35.24,5.68,23.64,28.36,2.35,8.87,5.91,1.00
300892,品渥食品,24.12,24.17,24.43,3760300.0,-0.05,-0.21,25.40,23.89,9242,5.82,-915.36,6.25,15.57,24.12,2.33,29.00,19.34,1.43
300893,松原安全,20.77,21.51,21.74,2951100.0,-0.74,-3.44,21.74,20.61,6174,1.18,26.69,5.25,52.10,98.24,4.65,25.81,17.21,1.00
300894,火星人,9.08,9.18,9.15,5123200.0,-0.10,-1.09,9.35,9.05,4706,1.74,-12.50,3.27,26.70,36.89,3.81,11.02,7.34,0.83
300895,铜牛信息,61.20,65.65,65.01,7207100.0,-4.45,-6.78,66.20,60.66,45305,5.22,-120.01,8.44,84.56,86.17,11.52,78.78,52.52,0.90
300896,爱美客,104.75,99.61,99.49,5536500.0,5.14,5.16,105.80,99.00,57007,2.71,27.67,6.83,214.16,316.97,4.15,119.53,79.69,1.84
300897,山科智能,17.39,18.24,18.33,2274200.0,-0.85,-4.66,18.66,17.18,4005,1.86,225.89,8.11,21.26,34.06,3.51,21.89,14.59,1.06
300898,熊猫乳品,21.61,21.46,21.46,4900100.0,0.15,0.70,22.41,21.10,10727,4.27,24.08,6.10,24.79,26.80,2.78,25.75,17.17,1.23
300899,上海凯鑫,32.31,34.58,34.68,899600.0,-2.27,-6.56,34.70,32.23,2990,2.20,-787.99,7.14,13.23,20.61,3.30,41.50,27.66,0.65
300900,广联航空,35.27,39.12,38.20,27191600.0,-3.85,-9.84,38.40,34.80,98996,10.59,-83.98,9.20,90.57,115.59,5.97,46.94,31.30,1.24
300901,中胤时尚,15.15,16.00,16.03,5587900.0,-0.85,-5.31,16.25,14.99,8529,2.33,501.01,7.87,36.36,36.36,3.76,19.20,12.80,0.99
300902,国安达,15.55,16.47,16.50,4382000.0,-0.92,-5.59,16.54,15.41,6937,3.51,-277.60,6.86,19.41,28.27,3.49,19.76,13.18,0.87
300903,科翔股份,70.49,76.22,75.00,27159200.0,-5.73,-7.52,75.45,69.51,195023,8.27,-115.78,7.79,231.49,306.90,16.81,91.46,60.98,0.85
300904,威力传动,50.34,53.14,52.78,1521100.0,-2.80,-5.27,53.37,50.01,7774,6.92,-36.03,6.32,11.07,36.44,6.24,63.77,42.51,0.73
300905,宝丽迪,67.11,67.82,69.83,11641700.0,-0.71,-1.05,71.60,66.50,79659,8.34,75.28,7.52,93.72,120.14,6.06,81.38,54.26,1.11
300906,日月明,30.70,32.55,32.65,2097400.0,-1.85,-5.68,33.83,30.51,6620,2.91,41.75,10.20,22.16,24.56,2.62,39.06,26.04,1.02
300907,康平科技,43.02,44.18,43.86,8610600.0,-1.16,-2.63,47.10,42.00,38481,8.97,96.79,11.54,41.30,41.30,5.12,53.02,35.34,0.93
300908,仲景食品,24.60,24.31,24.25,1226400.0,0.29,1.19,24.80,24.21,3007,0.99,18.22,2.43,30.36,35.92,2.11,29.17,19.45,0.67
300909,汇创达,47.70,50.23,50.41,6215700.0,-2.53,-5.04,51.34,46.76,30191,4.81,413.21,9.12,61.60,82.51,4.14,60.28,40.18,1.20
300910,瑞丰新材,33.76,34.13,34.08,4619100.0,-0.37,-1.08,34.08,32.71,15387,1.72,18.98,4.01,90.57,129.32,3.67,40.96,27.30,0.96
300911,亿田智能,25.39,27.04,26.89,5382500.0,-1.65,-6.10,27.38,25.17,13978,3.14,-28.27,8.17,43.50,46.55,4.30,32.45,21.63,0.86
300912,凯龙高科,26.68,27.58,27.59,5398400.0,-0.90,-3.26,28.11,26.29,14548,6.28,-33.55,6.60,22.94,30.38,6.86,33.10,22.06,0.72
300913,兆龙互连,59.35,51.91,52.04,28619800.0,7.44,14.33,61.60,52.04,167576,11.19,82.26,18.42,151.81,203.44,7.68,62.29,41.53,4.25
300915,海融科技,23.97,24.16,24.37,1266900.0,-0.19,-0.79,24.55,23.75,3066,2.20,-430.38,3.31,13.79,30.16,1.96,28.99,19.33,1.08
300916,朗特智能,34.73,38.55,38.89,11682000.0,-3.82,-9.91,39.66,34.09,42241,12.51,68.30,14.45,32.44,50.23,3.67,46.26,30.84,1.93
300917,特发服务,31.79,29.25,29.96,21689400.0,2.54,8.68,35.10,29.80,71719,12.83,43.22,18.12,53.73,53.73,4.37,35.10,23.40,5.35
300918,南山智尚,12.40,13.04,13.10,8341400.0,-0.64,-4.91,13.16,12.29,10504,1.65,51.63,6.67,62.76,62.76,1.62,15.65,10.43,0.92
300919,中伟新材,52.36,54.52,54.70,16203900.0,-2.16,-3.96,55.20,51.94,85858,1.78,30.07,5.98,477.78,545.72,2.30,65.42,43.62,0.98
300920,润阳科技,46.85,48.21,48.79,2111500.0,-1.36,-2.82,48.79,46.00,9921,3.22,186.15,5.79,30.77,46.85,3.97,57.85,38.57,0.79
300921,南凌科技,18.56,20.10,20.00,13600100.0,-1.54,-7.66,20.29,18.38,25977,8.40,160.40,9.50,30.05,47.65,5.86,24.12,16.08,1.29
300922,天秦装备,22.65,22.59,22.60,7591100.0,0.06,0.27,23.34,22.40,17372,6.01,109.26,4.16,28.59,36.43,3.61,27.11,18.07,0.91
300923,研奥股份,23.71,24.43,24.43,1411900.0,-0.72,-2.95,24.82,23.47,3396,1.85,58.77,5.53,18.10,18.64,1.63,29.32,19.54,0.76
300925,法本信息,15.76,16.57,16.61,9565000.0,-0.81,-4.89,16.74,15.69,15322,2.74,67.99,6.34,55.08,67.56,3.04,19.88,13.26,1.09
300926,博俊科技,19.53,20.10,20.18,4467100.0,-0.57,-2.84,20.30,19.40,8803,1.50,10.29,4.48,58.20,84.82,2.41,24.12,16.08,0.92
300927,江天化学,23.69,24.76,24.81,3308900.0,-1.07,-4.32,24.91,23.56,7941,2.35,108.30,5.45,33.37,34.20,3.47,29.71,19.81,0.87
300928,华安鑫创,32.30,34.10,34.11,2560800.0,-1.80,-5.28,34.39,31.92,8367,4.78,-22.02,7.24,17.31,25.84,2.55,40.92,27.28,1.29
300929,华骐环保,12.07,12.62,12.64,4298600.0,-0.55,-4.36,12.79,11.92,5275,3.43,-35.94,6.89,15.13,15.95,2.08,15.14,10.10,1.05
300930,屹通新材,33.90,34.21,34.06,4722700.0,-0.31,-0.91,35.50,33.32,16305,10.02,55.63,6.37,15.98,33.90,3.58,41.05,27.37,1.60
300931,通用电梯,15.91,16.21,16.32,6657100.0,-0.30,-1.85,16.85,15.52,10580,3.41,-59.35,8.20,31.10,38.69,6.43,19.45,12.97,1.05
300932,三友联众,9.99,10.46,10.45,19871800.0,-0.47,-4.49,10.45,9.88,20010,6.23,57.92,5.45,31.89,44.77,2.61,12.55,8.37,1.08
300933,中辰股份,7.64,8.10,8.09,15850600.0,-0.46,-5.68,8.10,7.60,12366,2.90,-352.48,6.17,41.80,41.80,1.97,9.72,6.48,1.11
300935,盈建科,34.85,37.67,37.67,3666600.0,-2.82,-7.49,38.60,34.50,13267,6.08,-32.14,10.88,21.00,27.68,3.77,45.20,30.14,0.80
300936,中英科技,110.00,103.28,101.43,6223100.0,6.72,6.51,113.99,98.26,66963,13.12,9435.26,15.23,52.16,82.72,8.21,123.94,82.62,1.52
300937,药易购,23.18,23.04,23.17,2536900.0,0.14,0.61,23.64,23.06,5925,3.91,-112.25,2.52,15.04,22.18,2.71,27.65,18.43,1.21
300938,信测标准,54.83,58.40,58.40,12852500.0,-3.57,-6.11,59.87,54.54,73831,6.08,65.43,9.13,115.88,133.50,6.96,70.08,46.72,0.86
300939,秋田微,72.13,77.06,76.51,11988900.0,-4.93,-6.40,76.51,71.06,88125,9.99,115.90,7.07,86.56,86.56,6.08,92.47,61.65,0.73
300940,南极光,17.69,18.79,18.79,7493400.0,-1.10,-5.85,18.95,17.52,13509,4.76,60.55,7.61,27.86,39.39,3.35,22.55,15.03,0.89
300941,创识科技,15.55,15.93,16.15,4043500.0,-0.38,-2.39,16.55,15.54,6486,3.27,106.28,6.34,19.25,31.84,2.46,19.12,12.74,1.34
300942,易瑞生物,6.70,6.89,6.89,4303500.0,-0.19,-2.76,6.93,6.65,2908,1.06,397.38,4.06,27.14,27.14,3.26,8.27,5.51,0.85
300943,春晖智控,38.22,40.01,39.69,10560800.0,-1.79,-4.47,41.77,38.00,42063,7.92,136.82,9.42,51.00,77.90,7.83,48.01,32.01,0.75
300945,曼卡龙,12.87,12.87,12.96,7607600.0,0.00,0.00,13.23,12.84,9932,3.19,26.21,3.03,30.68,33.73,1.94,15.44,10.30,1.14
300946,恒而达,47.43,49.99,49.99,1883500.0,-2.56,-5.12,50.89,47.23,9100,2.48,237.20,7.32,35.95,73.99,6.19,59.99,39.99,0.75
300947,德必集团,15.51,15.45,15.84,7915800.0,0.06,0.39,17.05,15.34,12767,5.24,-37.93,11.07,23.43,23.44,1.89,18.54,12.36,3.13
300948,冠中生态,27.66,28.30,28.02,9164100.0,-0.64,-2.26,29.18,27.40,25877,5.93,-95.70,6.29,42.72,45.27,4.74,33.96,22.64,0.78
300949,奥雅股份,24.41,24.39,24.37,2545200.0,0.02,0.08,25.45,24.35,6317,5.12,-17.42,4.51,12.14,21.24,3.77,29.27,19.51,2.46
300950,德固特,18.62,19.48,19.50,2146500.0,-0.86,-4.41,19.63,18.58,4054,2.19,38.77,5.39,18.26,28.61,3.56,23.38,15.58,0.92
300951,博硕科技,39.13,40.14,40.30,4683300.0,-1.01,-2.52,40.30,38.20,18338,3.09,92.15,5.23,59.24,66.29,3.01,48.17,32.11,1.27
300952,恒辉安防,24.54,26.01,25.82,8042600.0,-1.47,-5.65,27.18,24.30,20429,5.41,72.93,11.07,36.46,59.29,3.54,31.21,20.81,0.73
300953,震裕科技,146.00,163.84,163.85,14440000.0,-17.84,-10.89,167.88,144.99,219190,8.30,49.05,13.97,254.07,354.06,7.56,196.61,131.07,1.83
300955,嘉亨家化,42.99,42.88,42.98,5233100.0,0.11,0.26,46.00,42.62,23204,5.19,-202.27,7.88,43.33,43.33,5.01,51.46,34.30,1.02
300956,英力股份,14.12,13.98,14.68,13341800.0,0.14,1.00,15.16,13.70,19080,6.34,709.66,10.44,29.72,30.42,2.26,16.78,11.18,3.29
300957,贝泰妮,37.75,37.00,36.72,7102400.0,0.75,2.03,38.45,36.71,26786,1.68,29.43,4.70,159.91,159.91,2.62,44.40,29.60,1.43
300958,建工修复,12.83,13.11,13.10,2894600.0,-0.28,-2.14,13.37,12.72,3769,3.18,-20.59,4.96,11.68,20.11,1.66,15.73,10.49,0.80
300959,线上线下,207.90,214.02,212.17,5756700.0,-6.12,-2.86,218.65,202.04,120461,11.00,-714.29,7.76,108.79,167.08,15.12,256.82,171.22,0.74
300960,通业科技,18.66,19.16,19.19,1505700.0,-0.50,-2.61,19.54,18.54,2851,1.15,61.96,5.22,24.42,26.95,4.24,22.99,15.33,0.96
300961,深水海纳,11.91,12.52,12.41,4496100.0,-0.61,-4.87,12.56,11.85,5448,2.96,-9.84,5.67,18.09,21.11,3.82,15.02,10.02,0.72
300962,中金辐照,13.33,13.69,13.76,3972900.0,-0.36,-2.63,13.76,13.28,5345,1.50,30.24,3.51,35.19,35.19,3.34,16.43,10.95,1.38
300963,中洲特材,14.65,15.74,15.60,13178300.0,-1.09,-6.93,15.69,14.60,19679,3.87,111.39,6.93,49.90,67.19,5.98,18.89,12.59,1.42
300964,本川智能,103.69,102.00,105.06,11302700.0,1.69,1.66,110.02,103.00,120076,20.18,237.33,6.88,58.08,79.14,7.76,122.40,81.60,1.43
300965,恒宇信通,59.85,62.97,62.97,1974100.0,-3.12,-4.95,63.68,59.23,12013,3.65,130.35,7.07,32.38,35.91,2.90,75.56,50.38,0.89
300966,共同药业,27.42,27.37,27.72,4051500.0,0.05,0.18,27.80,26.76,11058,5.28,-44.37,3.80,21.02,31.61,4.31,32.84,21.90,1.14
300967,晓鸣股份,17.84,16.93,16.94,12746900.0,0.91,5.38,18.36,16.90,22723,10.21,-90.37,8.62,22.26,33.46,5.13,20.32,13.54,1.77
300968,格林精密,10.75,11.60,11.67,9020900.0,-0.85,-7.33,11.77,10.69,9965,2.18,-82.09,9.31,44.44,44.44,2.49,13.92,9.28,1.43
300969,恒帅股份,107.45,110.85,112.55,3992900.0,-3.40,-3.07,114.85,105.50,43634,5.10,106.87,8.43,84.11,176.35,12.49,133.02,88.68,0.98
300970,华绿生物,28.26,29.03,29.04,3704100.0,-0.77,-2.65,29.13,28.15,10602,3.91,15.85,3.38,26.78,34.65,1.99,34.84,23.22,0.94
300971,博亚精工,21.31,22.55,22.50,3618000.0,-1.24,-5.50,22.62,21.21,7865,3.92,26.67,6.25,19.66,25.06,2.31,27.06,18.04,1.16
300972,万辰集团,181.69,180.00,179.52,3416400.0,1.69,0.94,187.87,178.89,62474,1.88,20.38,4.99,329.41,358.54,17.16,216.00,144.00,1.02
300973,立高食品,28.26,27.22,27.22,4897700.0,1.04,3.82,28.72,27.07,13807,4.13,17.07,6.06,33.51,47.86,1.90,32.66,21.78,1.70
300975,商络电子,35.88,37.55,37.00,110349000.0,-1.67,-4.45,38.36,35.20,403705,22.43,47.15,8.42,176.56,246.50,9.28,45.06,30.04,1.03
300976,达瑞电子,89.00,98.68,97.00,6030900.0,-9.68,-9.81,98.13,88.46,55156,6.98,40.20,9.80,76.91,119.35,3.26,118.42,78.94,0.96
300977,深圳瑞捷,20.49,19.82,19.89,4005900.0,0.67,3.38,21.20,19.68,8235,4.23,141.23,7.67,19.42,31.19,2.29,23.78,15.86,1.74
300978,东箭科技,9.81,10.14,10.10,3398300.0,-0.33,-3.25,10.18,9.77,3367,1.18,33.24,4.04,28.16,41.47,2.48,12.17,8.11,0.82
300979,华利集团,34.18,33.28,33.29,3273600.0,0.90,2.70,34.38,33.17,11105,0.28,14.10,3.64,398.88,398.88,2.64,39.94,26.62,1.39
300980,祥源新材,27.29,28.74,28.80,4091000.0,-1.45,-5.05,28.85,27.11,11297,4.16,62.97,6.05,26.84,37.68,2.65,34.49,22.99,0.86
300981,中红医疗,12.64,13.12,13.08,6275200.0,-0.48,-3.66,13.18,12.47,7972,1.60,-42.90,5.41,49.67,54.21,1.06,15.74,10.50,0.69
300982,苏文电能,21.64,23.05,22.85,9347100.0,-1.41,-6.12,23.19,21.56,20975,4.82,-58.21,7.07,41.96,44.79,1.57,27.66,18.44,1.27
300983,尤安设计,35.11,35.74,35.98,1805200.0,-0.63,-1.76,37.00,34.62,6443,1.18,-70.45,6.66,53.65,60.67,2.19,42.89,28.59,0.75
300984,金沃股份,56.99,62.44,62.96,4390700.0,-5.45,-8.73,63.96,56.32,26039,4.96,155.02,12.24,50.49,78.34,4.38,74.93,49.95,1.33
300985,致远新能,23.32,22.60,22.99,6668100.0,0.72,3.19,24.50,21.73,15452,3.58,-80.68,12.26,43.49,43.49,4.92,27.12,18.08,1.98
300986,志特新材,19.39,19.72,19.84,16818500.0,-0.33,-1.67,20.24,19.31,33151,4.09,45.01,4.72,79.82,79.88,3.58,23.66,15.78,1.05
300987,川网传媒,14.28,14.63,14.84,4424500.0,-0.35,-2.39,14.87,14.20,6410,2.55,122.68,4.58,24.76,24.76,3.07,17.56,11.70,1.01
300988,津荣天宇,17.91,19.37,19.43,8437500.0,-1.46,-7.54,19.89,17.82,15660,5.22,37.71,10.69,28.94,35.18,2.75,23.24,15.50,1.55
300989,蕾奥规划,14.35,14.73,14.69,3832900.0,-0.38,-2.58,14.85,13.96,5517,2.35,-218.53,6.04,23.38,30.27,3.14,17.68,11.78,1.03
300990,同飞股份,81.00,89.19,89.08,7147400.0,-8.19,-9.18,89.88,80.73,59505,9.19,55.30,10.26,62.99,138.69,6.57,107.03,71.35,0.93
300991,创益通,39.40,42.10,42.08,4611400.0,-2.70,-6.41,42.86,38.97,18553,4.39,-356.97,9.24,41.41,56.74,9.04,50.52,33.68,1.10
300992,泰福泵业,26.75,28.02,28.02,2331800.0,-1.27,-4.53,28.18,26.50,6306,3.01,-207.79,6.00,20.73,25.51,2.95,33.62,22.42,0.91
300993,玉马科技,10.61,10.80,10.82,4084200.0,-0.19,-1.76,10.87,10.55,4359,1.69,22.32,2.96,25.66,32.69,2.13,12.96,8.64,0.67
300994,久祺股份,12.39,12.54,12.48,1853500.0,-0.15,-1.20,12.66,12.30,2306,1.59,23.24,2.87,14.45,28.88,2.34,15.05,10.03,0.73
300995,奇德新材,32.07,34.99,35.24,2335900.0,-2.92,-8.35,35.24,31.91,7734,3.89,120.26,9.52,19.25,26.99,4.30,41.99,27.99,0.98
300996,普联软件,11.83,12.22,12.18,11969400.0,-0.39,-3.19,12.83,11.72,14494,3.59,49.91,9.08,39.41,46.82,3.62,14.66,9.78,1.02
300997,欢乐家,19.26,18.54,18.43,21837000.0,0.72,3.88,19.92,18.37,42124,5.50,178.96,8.36,76.48,84.26,8.47,22.25,14.83,2.00
300998,宁波方正,27.91,29.39,29.41,5573300.0,-1.48,-5.04,29.69,27.40,15699,5.18,163.14,7.79,30.05,38.28,3.04,35.27,23.51,1.08
300999,金龙鱼,26.76,26.18,26.18,14901700.0,0.58,2.22,27.17,26.00,39738,2.75,39.71,4.47,145.21,1450.82,1.50,31.42,20.94,1.20
301000,肇民科技,30.77,32.95,32.80,6396700.0,-2.18,-6.62,33.17,30.55,20115,2.79,53.65,7.95,70.65,74.84,5.68,39.54,26.36,0.56
301001,凯淳股份,26.63,26.95,26.87,1795300.0,-0.32,-1.19,27.60,26.37,4846,3.57,-177.83,4.56,13.39,21.30,2.77,32.34,21.56,1.10
301002,崧盛股份,49.52,53.32,53.39,10296300.0,-3.80,-7.13,53.88,49.00,52705,12.12,587.71,9.15,42.08,66.82,6.09,63.98,42.66,1.11
301003,江苏博云,51.90,54.16,55.50,3333600.0,-2.26,-4.17,56.79,51.10,17738,4.44,57.47,10.51,39.00,50.41,4.51,64.99,43.33,1.02
301004,嘉益股份,38.47,38.51,38.51,456600.0,-0.04,-0.10,38.98,38.02,1751,0.34,16.18,2.49,52.36,56.09,3.12,46.21,30.81,0.81
301005,超捷股份,142.38,154.47,152.00,7276200.0,-12.09,-7.83,152.98,140.00,105961,5.53,1317.48,8.40,187.27,191.16,24.45,185.36,123.58,1.28
301006,迈拓股份,15.24,15.79,15.79,2669000.0,-0.55,-3.48,16.00,15.00,4114,3.18,24.24,6.33,12.77,21.23,1.61,18.95,12.63,0.81
301007,德迈仕,34.56,37.73,37.66,5670700.0,-3.17,-8.40,37.76,34.30,20116,3.75,106.68,9.17,52.30,52.99,8.05,45.28,30.18,1.03
301008,宏昌科技,28.46,29.47,29.27,4653400.0,-1.01,-3.43,29.37,28.10,13229,4.02,166.80,4.31,32.91,37.27,2.47,35.36,23.58,1.00
301009,可靠股份,9.60,9.72,9.78,2849500.0,-0.12,-1.23,9.81,9.53,2747,1.89,134.47,2.88,14.50,26.10,1.94,11.66,7.78,1.05
301010,晶雪节能,19.74,20.67,20.62,2778800.0,-0.93,-4.50,21.00,19.50,5593,2.57,284.95,7.26,21.32,21.32,2.57,24.80,16.54,0.95
301011,华立科技,16.70,17.10,17.08,2100600.0,-0.40,-2.34,17.25,16.68,3558,1.43,54.69,3.33,24.48,25.78,2.71,20.52,13.68,0.81
301012,扬电科技,33.12,35.03,35.03,12899000.0,-1.91,-5.45,35.25,32.60,43505,6.55,145.80,7.56,65.23,65.23,5.48,42.04,28.02,0.73
301013,利和兴,44.34,45.51,46.32,62589900.0,-1.17,-2.57,47.99,42.29,279439,33.07,-64.82,12.52,83.91,103.64,15.49,54.61,36.41,0.86
301015,百洋医药,22.38,22.73,22.74,5167400.0,-0.35,-1.54,22.90,22.18,11584,0.98,22.90,3.17,117.62,117.63,4.73,27.28,18.18,0.98
301016,雷尔伟,15.56,16.62,16.60,5188000.0,-1.06,-6.38,16.67,15.40,8227,1.77,68.22,7.64,45.62,47.58,4.76,19.94,13.30,0.74
301017,漱玉平民,13.83,13.44,13.40,10830500.0,0.39,2.90,14.04,13.40,14996,4.19,56.68,4.76,35.78,56.10,2.75,16.13,10.75,1.46
301018,申菱环境,143.30,154.85,155.99,10149800.0,-11.55,-7.46,157.24,141.00,148347,5.02,200.63,10.49,289.49,383.10,13.82,185.82,123.88,0.97
301019,宁波色母,21.25,22.14,22.15,1778100.0,-0.89,-4.02,22.19,21.10,3823,1.70,30.73,4.92,22.23,35.05,3.07,26.57,17.71,1.02
301020,密封科技,25.81,27.60,27.24,6779000.0,-1.79,-6.49,27.49,25.45,17665,4.63,41.21,7.39,37.79,37.79,3.84,33.12,22.08,0.62
301021,英诺激光,96.47,97.42,96.64,13898300.0,-0.95,-0.98,103.01,94.31,135684,9.10,221.01,8.93,147.31,147.47,14.10,116.90,77.94,0.97
301022,海泰科,27.24,28.95,28.72,2422200.0,-1.71,-5.91,29.01,26.98,6741,3.62,81.02,7.01,18.25,27.10,1.93,34.74,23.16,0.91
301023,奕帆传动,38.50,41.17,40.88,4159900.0,-2.67,-6.49,41.14,38.21,16299,9.64,44.31,7.12,16.61,29.94,3.61,49.40,32.94,0.57
301024,霍普股份,47.50,48.62,48.72,1396700.0,-1.12,-2.30,50.08,46.19,6691,2.27,-32.22,8.00,29.24,30.20,8.94,58.34,38.90,1.18
301025,读客文化,9.50,9.71,9.71,5386800.0,-0.21,-2.16,9.83,9.43,5186,1.94,341.47,4.12,26.33,38.03,6.09,11.65,7.77,0.93
301026,浩通科技,23.05,24.36,24.71,8300600.0,-1.31,-5.38,24.76,22.80,19456,5.19,23.91,8.05,36.89,51.08,3.13,29.23,19.49,0.87
301027,华蓝集团,20.96,21.42,21.60,4494300.0,-0.46,-2.15,21.79,20.86,9522,3.71,-90.07,4.34,25.40,30.81,3.43,25.70,17.14,0.93
301028,鼎熔岩,20.32,19.98,19.80,21618700.0,0.34,1.70,20.78,18.75,42555,8.71,33.29,10.16,50.46,78.04,4.56,23.98,15.98,1.12
301029,怡合达,28.57,29.10,29.56,19019400.0,-0.53,-1.82,30.60,28.12,55280,4.12,34.89,8.52,131.96,181.19,4.33,34.92,23.28,1.11
301030,*ST仕净,13.36,13.35,13.19,8468300.0,0.01,0.07,13.56,13.10,11282,4.19,-1.78,3.45,27.00,27.04,-6.81,16.02,10.68,0.78
301031,中熔电气,174.68,180.99,179.19,4366200.0,-6.31,-3.49,186.65,172.00,78210,5.62,37.68,8.09,135.76,172.65,10.34,217.19,144.79,1.04
301032,新柴股份,11.09,11.60,11.75,4527500.0,-0.51,-4.40,11.75,11.00,5106,2.83,23.82,6.47,17.73,26.74,2.10,13.92,9.28,0.88
301033,迈普医学,49.75,51.28,52.31,1027900.0,-1.53,-2.98,52.31,49.50,5168,1.82,30.41,5.48,28.04,33.36,4.07,61.54,41.02,1.07
301035,润丰股份,68.93,69.54,69.61,1348500.0,-0.61,-0.88,70.00,67.62,9273,0.48,20.31,3.42,193.25,193.54,2.52,83.45,55.63,1.38
301036,双乐股份,24.20,25.41,25.41,1395100.0,-1.21,-4.76,25.69,24.03,3427,1.98,108.42,6.53,17.05,24.20,1.47,30.49,20.33,0.72
301037,保立佳,15.15,15.90,15.92,1987600.0,-0.75,-4.72,16.06,15.00,3067,2.92,-29.64,6.67,10.30,21.06,3.86,19.08,12.72,0.77
301038,深水规院,20.19,18.28,18.47,11875500.0,1.91,10.45,21.50,18.32,24077,5.32,94.42,17.40,45.04,45.04,5.03,21.94,14.62,2.16
301039,中集车辆,8.12,8.02,8.02,14943000.0,0.10,1.25,8.25,8.01,12187,1.03,17.26,2.99,117.94,152.18,1.04,9.62,6.42,1.33
301040,中环海陆,29.95,30.68,30.57,3182700.0,-0.73,-2.38,30.87,29.60,9567,3.37,-35.89,4.14,28.26,29.95,4.27,36.82,24.54,0.60
301041,金百泽,34.56,34.10,34.03,14006700.0,0.46,1.35,36.41,33.90,49476,17.74,164.52,7.36,27.29,36.87,5.42,40.92,27.28,1.63
301042,安联锐视,95.88,99.83,99.83,880900.0,-3.95,-3.96,99.83,95.55,8601,1.33,213.77,4.29,63.30,66.85,6.21,119.80,79.86,0.89
301043,绿岛风,45.42,48.08,48.41,942300.0,-2.66,-5.53,48.41,45.00,4335,1.66,44.07,7.09,25.77,30.89,3.66,57.70,38.46,0.96
301045,天禄科技,52.53,59.70,60.00,9371700.0,-7.17,-12.01,60.03,51.45,51027,13.44,158.20,14.37,36.62,57.95,5.64,71.64,47.76,1.35
301046,能辉科技,26.61,28.25,28.23,4759900.0,-1.64,-5.81,28.67,26.52,12977,3.66,-1255.19,7.61,34.64,44.95,3.82,33.90,22.60,0.99
301047,义翘神州,63.25,63.11,62.96,747400.0,0.14,0.22,64.00,62.36,4718,0.62,48.93,2.60,75.63,76.94,1.48,75.73,50.49,0.89
301048,金鹰重工,9.71,9.79,9.82,5204000.0,-0.08,-0.82,9.90,9.70,5099,0.98,24.19,2.04,51.79,51.79,1.81,11.75,7.83,1.04
301049,超越科技,21.25,22.18,22.18,1516300.0,-0.93,-4.19,22.48,21.03,3279,3.54,-15.41,6.54,9.10,20.03,3.80,26.62,17.74,0.87
301050,雷电微力,37.77,40.21,40.01,8471900.0,-2.44,-6.07,40.28,37.70,32586,4.02,227.86,6.42,79.51,93.37,3.05,48.25,32.17,0.88
301051,信濠光电,17.77,18.51,18.51,7930100.0,-0.74,-4.00,19.13,17.58,14594,3.51,-20.17,8.37,40.13,50.51,2.59,22.21,14.81,1.10
301052,果麦文化,27.91,28.10,28.08,3820400.0,-0.19,-0.68,28.73,27.72,10784,4.76,-331.17,3.59,22.38,27.62,4.03,33.72,22.48,1.23
301053,远信工业,61.21,55.00,55.85,8612400.0,6.21,11.29,61.52,54.90,49327,9.84,273.94,12.04,53.55,57.66,6.44,66.00,44.00,2.67
301055,张小泉,34.27,36.03,35.81,3416100.0,-1.76,-4.88,36.45,34.02,11898,2.19,75.05,6.74,53.46,53.46,7.63,43.24,28.82,0.65
301056,森赫股份,13.51,13.76,13.77,4085000.0,-0.25,-1.82,14.80,13.45,5720,2.32,52.58,9.81,23.78,36.04,4.53,16.51,11.01,1.35
301057,汇隆新材,30.63,31.00,31.08,1557500.0,-0.37,-1.19,31.23,30.26,4797,1.92,91.61,3.13,24.82,35.83,4.56,37.20,24.80,0.53
301058,中粮科工,8.88,8.78,8.77,5262400.0,0.10,1.14,8.98,8.77,4672,1.03,19.50,2.39,45.49,45.49,1.94,10.54,7.02,1.15
301059,金三江,14.06,14.39,14.50,3694300.0,-0.33,-2.29,14.66,13.95,5271,1.79,38.85,4.93,29.04,32.50,5.34,17.27,11.51,1.07
301060,兰卫医学,9.76,10.05,10.03,6433900.0,-0.29,-2.89,10.15,9.70,6351,1.79,274.36,4.48,35.15,39.09,2.47,12.06,8.04,0.92
301061,匠心家居,41.88,42.50,43.37,3488300.0,-0.62,-1.46,43.50,41.20,14579,1.85,14.35,5.41,79.13,119.11,2.80,51.00,34.00,1.82
301062,上海艾录,6.80,7.16,7.16,8729000.0,-0.36,-5.03,7.16,6.76,6008,2.79,-23.49,5.59,21.30,29.46,2.17,8.59,5.73,0.91
301063,海锅股份,20.10,20.82,20.82,1731700.0,-0.72,-3.46,21.01,19.85,3515,1.79,56.36,5.57,19.43,20.98,1.33,24.98,16.66,0.78
301065,本立科技,20.83,21.44,21.44,1984900.0,-0.61,-2.85,21.67,20.60,4188,2.30,29.77,4.99,17.97,22.08,1.59,25.73,17.15,0.97
301066,万事利,14.38,14.80,14.77,4774700.0,-0.42,-2.84,14.99,14.26,6992,2.05,91.67,4.93,33.52,33.78,2.62,17.76,11.84,0.94
301067,显盈科技,33.95,35.03,35.09,3606300.0,-1.08,-3.08,35.42,33.40,12345,5.65,-49.44,5.77,21.67,33.01,4.29,42.04,28.02,0.57
301068,大地海洋,28.74,29.73,29.68,1476400.0,-0.99,-3.33,30.65,28.55,4304,1.47,-153.20,7.06,28.83,40.61,5.04,35.68,23.78,1.15
301069,凯盛新材,19.38,21.29,21.28,16570300.0,-1.91,-8.97,21.28,19.19,33014,3.88,63.18,9.82,82.71,87.83,3.85,25.55,17.03,1.13
301070,开勒股份,93.83,99.34,99.37,3253200.0,-5.51,-5.55,101.00,92.00,31143,5.48,-2699.58,9.06,55.68,84.66,11.67,119.21,79.47,0.96
301071,力量钻石,78.27,82.90,83.30,43660200.0,-4.63,-5.59,89.74,77.95,362991,22.64,155.84,14.22,150.96,203.72,3.86,99.48,66.32,1.28
301072,中捷精工,22.00,23.21,22.98,1829200.0,-1.21,-5.21,23.39,21.79,4078,2.72,-42.49,6.89,14.77,23.11,3.24,27.85,18.57,0.86
301073,君亭酒店,22.96,22.91,22.93,3768000.0,0.05,0.22,23.55,22.88,8751,2.12,165.68,2.92,40.82,44.65,5.04,27.49,18.33,1.12
301075,多瑞医药,74.59,77.14,77.62,1614700.0,-2.55,-3.31,80.89,73.85,12326,2.02,-59.35,9.13,59.67,59.67,9.67,92.57,61.71,0.66
301076,新瀚新材,28.40,31.09,31.06,8337700.0,-2.69,-8.65,31.10,28.18,24401,5.50,97.58,9.39,43.09,64.57,5.44,37.31,24.87,0.85
301077,星华新材,27.13,27.67,27.67,2406900.0,-0.54,-1.95,28.05,26.95,6637,2.52,36.05,3.98,25.88,46.14,4.02,33.20,22.14,0.87
301078,孩子王,9.14,9.18,9.12,30460600.0,-0.04,-0.44,9.27,9.02,27858,2.41,36.66,2.72,115.47,115.59,2.72,11.02,7.34,0.70
301079,邵阳液压,35.47,37.73,37.65,5313200.0,-2.26,-5.99,37.70,35.19,19210,6.91,476.84,6.65,27.29,38.64,8.06,45.28,30.18,1.07
301080,百普赛斯,40.55,41.07,41.40,2793000.0,-0.52,-1.27,41.88,40.21,11405,2.22,39.59,4.07,51.09,67.79,2.51,49.28,32.86,1.31
301081,严牌股份,19.78,20.30,20.28,8684700.0,-0.52,-2.56,20.75,19.32,17203,3.97,557.01,7.04,43.22,45.05,4.17,24.36,16.24,0.58
301082,久盛电气,10.44,10.94,10.92,6177100.0,-0.50,-4.57,10.99,10.42,6573,2.27,83.53,5.21,28.47,30.71,3.03,13.13,8.75,1.06
301083,百胜智能,15.20,15.70,15.86,1747400.0,-0.50,-3.18,15.87,15.10,2692,2.04,88.35,4.90,13.01,27.04,3.22,18.84,12.56,0.69
301085,亚康股份,74.31,77.28,78.66,4483900.0,-2.97,-3.84,81.68,73.40,34741,7.61,-47.49,10.71,43.78,64.48,6.75,92.74,61.82,1.26
301086,鸿富瀚,161.10,167.44,169.00,2621500.0,-6.34,-3.79,170.00,158.00,42646,4.00,166.75,7.17,105.61,202.77,10.47,200.93,133.95,1.20
301087,可孚医疗,47.09,46.92,47.10,2128600.0,0.17,0.36,47.85,45.90,9980,1.10,28.69,4.16,91.35,111.08,2.35,56.30,37.54,0.97
301088,戎美股份,14.92,15.15,15.03,1984000.0,-0.23,-1.52,15.23,14.80,2977,1.06,47.59,2.84,28.05,34.00,1.35,18.18,12.12,0.70
301089,拓新药业,24.37,23.85,23.78,2377200.0,0.52,2.18,24.48,23.45,5706,2.63,-40.26,4.32,22.05,30.84,2.09,28.62,19.08,1.31
301090,华润材料,7.19,7.37,7.37,12258300.0,-0.18,-2.44,7.41,7.15,8883,0.83,-231.31,3.53,105.76,105.87,1.60,8.84,5.90,1.19
301091,深城交,18.40,18.95,18.99,5089000.0,-0.55,-2.90,19.23,18.33,9511,0.97,269.84,4.75,97.02,97.02,4.15,22.74,15.16,0.70
301092,争光股份,45.90,49.91,49.88,4650600.0,-4.01,-8.03,49.90,45.32,21778,7.63,65.89,9.18,27.99,61.75,3.12,59.89,39.93,0.70
301093,华兰股份,124.98,127.15,130.37,3748500.0,-2.17,-1.71,132.28,123.70,47566,2.39,483.94,6.75,196.21,205.22,9.31,152.58,101.72,0.71
301095,广立微,93.51,102.52,102.58,12040800.0,-9.01,-8.79,103.58,92.78,116438,6.96,204.27,10.53,161.79,187.28,5.96,123.02,82.02,0.88
301096,百诚医药,64.60,64.60,0.00,0.0,0.00,0.00,0.00,0.00,0,0.00,-137.32,0.00,53.68,70.56,2.82,77.52,51.68,0.00
301097,天益医疗,52.92,55.25,55.25,1106600.0,-2.33,-4.22,55.93,52.32,5927,3.82,-264.32,6.53,15.32,31.19,2.80,66.30,44.20,1.07
301098,金埔园林,9.94,10.34,10.29,9499100.0,-0.40,-3.87,10.44,9.84,9545,6.35,-6.71,5.80,14.88,18.28,1.77,12.41,8.27,0.98
301099,雅创电子,66.44,70.62,71.30,12202900.0,-4.18,-5.92,72.27,66.00,83191,13.59,52.59,8.88,59.65,97.44,6.79,84.74,56.50,1.19
301100,风光股份,16.28,17.07,16.90,1949100.0,-0.79,-4.63,17.19,16.25,3229,2.23,-85.08,5.51,14.24,32.56,1.61,20.48,13.66,1.31
301101,明月镜片,32.68,33.75,33.65,2265700.0,-1.07,-3.17,33.87,32.63,7473,1.19,32.61,3.67,62.39,65.85,3.83,40.50,27.00,1.00
301102,兆讯传媒,9.82,10.01,10.13,2407600.0,-0.19,-1.90,10.16,9.73,2388,0.59,-1330.97,4.30,39.87,39.87,1.34,12.01,8.01,0.76
301103,何氏眼科,17.00,17.04,17.19,1557800.0,-0.04,-0.23,17.22,16.94,2661,1.28,97.71,1.64,20.68,26.86,1.42,20.45,13.63,0.75
301105,鸿铭股份,53.32,56.94,56.84,768000.0,-3.62,-6.36,57.32,52.60,4166,4.67,-101.40,8.29,8.76,26.66,3.26,68.33,45.55,0.84
301106,骏成科技,36.53,34.78,34.79,4806300.0,1.75,5.03,37.12,34.22,17318,4.71,50.24,8.34,37.30,37.30,2.87,41.74,27.82,1.59
301107,瑜欣电子,19.02,19.99,20.00,3834800.0,-0.97,-4.85,20.19,18.67,7355,4.66,43.67,7.60,15.64,27.04,2.90,23.99,15.99,1.07
301108,洁雅股份,22.89,23.01,23.03,1960400.0,-0.12,-0.52,23.22,22.50,4488,3.02,33.25,3.13,14.84,25.76,1.37,27.61,18.41,1.30
301109,军信股份,14.39,14.34,14.34,4473300.0,0.05,0.35,14.57,14.31,6461,1.94,14.87,1.81,33.14,113.55,1.57,17.21,11.47,0.90
301110,青木科技,43.38,42.57,42.51,5703000.0,0.81,1.90,44.25,41.58,24567,6.26,36.22,6.27,39.53,56.20,3.74,51.08,34.06,1.20
301111,粤万年青,27.21,27.80,27.82,6711600.0,-0.59,-2.12,28.35,26.79,18492,4.19,-999.99,5.61,43.54,43.54,5.83,33.36,22.24,0.55
301112,信邦智能,33.02,35.26,35.44,2033500.0,-2.24,-6.35,35.44,32.82,6841,1.84,-42.24,7.43,36.41,36.41,3.27,42.31,28.21,1.11
301113,雅艺科技,18.48,18.49,18.50,2757200.0,-0.01,-0.05,19.90,18.19,5271,3.85,874.14,9.25,13.24,21.86,3.26,22.19,14.79,1.63
301115,联检科技,29.99,32.57,32.00,10476000.0,-2.58,-7.92,32.48,29.20,32048,6.77,-364.95,10.07,46.41,55.04,2.22,39.08,26.06,1.21
301116,益客食品,9.50,9.43,9.48,3948300.0,0.07,0.74,9.71,9.36,3777,0.88,-24.07,3.71,42.65,42.65,2.72,11.32,7.54,1.20
301117,佳缘科技,26.20,28.24,28.08,7062800.0,-2.04,-7.22,28.28,25.95,18839,6.10,-89.88,8.25,30.35,47.38,3.82,33.89,22.59,1.24
301118,恒光股份,29.96,30.84,30.72,4073100.0,-0.88,-2.85,30.91,29.82,12359,3.83,757.54,3.53,31.84,33.01,2.43,37.01,24.67,0.60
301119,正强股份,34.32,36.39,36.56,1860100.0,-2.07,-5.69,36.56,34.18,6488,2.21,35.58,6.54,28.87,35.69,3.34,43.67,29.11,1.10
301120,新特电气,25.79,25.64,24.90,49386300.0,0.15,0.59,26.92,24.36,127979,22.60,299.31,9.98,56.35,95.79,6.22,30.77,20.51,1.50
301121,紫建电子,36.82,38.62,38.71,1983700.0,-1.80,-4.66,38.98,36.50,7378,3.92,7891.82,6.42,18.63,36.39,2.20,46.34,30.90,1.04
301122,采纳股份,27.97,30.14,30.16,3343600.0,-2.17,-7.20,30.17,27.71,9559,4.42,309.44,8.16,21.16,34.19,1.85,36.17,24.11,1.02
301123,奕东电子,88.28,95.40,101.00,20267900.0,-7.12,-7.46,101.12,87.13,187778,12.28,-404.38,14.66,145.70,207.14,7.39,114.48,76.32,1.26
301125,腾亚精工,15.80,16.96,16.96,4218400.0,-1.16,-6.84,17.09,15.68,6854,2.40,-186.46,8.31,27.77,31.33,5.42,20.35,13.57,1.22
301126,达嘉维康,10.21,10.54,10.54,4274000.0,-0.33,-3.13,10.66,10.08,4407,3.10,-8.75,5.50,14.08,20.97,1.40,12.65,8.43,1.02
301127,武汉天源,13.90,14.67,14.78,14840700.0,-0.77,-5.25,14.90,13.75,20963,2.27,43.76,7.84,90.94,93.70,2.77,17.60,11.74,0.66
301128,强瑞技术,123.78,128.44,129.00,5185400.0,-4.66,-3.63,131.50,122.58,65626,3.58,124.15,6.94,179.26,179.26,20.94,154.13,102.75,0.73
301129,瑞纳智能,25.52,27.58,27.65,3805300.0,-2.06,-7.47,27.97,25.30,9953,5.74,31.89,9.68,16.92,34.68,1.94,33.10,22.06,0.93
301130,西点药业,28.30,28.74,28.92,1400300.0,-0.44,-1.53,29.30,27.83,3973,2.37,94.99,5.11,16.70,21.65,2.45,34.49,22.99,1.09
301131,聚赛龙,36.88,38.54,38.57,1209200.0,-1.66,-4.31,39.00,36.71,4548,3.09,76.99,5.94,14.44,20.16,1.82,46.25,30.83,1.00
301132,满坤科技,40.26,42.21,42.21,10267300.0,-1.95,-4.62,42.85,39.90,42573,10.84,54.49,6.99,38.14,59.62,3.25,50.65,33.77,1.10
301133,金钟股份,40.73,42.89,42.94,2354000.0,-2.16,-5.04,43.19,40.10,9767,2.12,-421.92,7.20,45.27,49.47,3.60,51.47,34.31,0.96
301135,瑞德智能,18.00,19.03,19.04,3125400.0,-1.03,-5.41,19.13,17.79,5737,3.09,137.16,7.04,18.18,23.36,2.02,22.84,15.22,1.58
301136,招标股份,13.47,13.69,13.86,6085600.0,-0.22,-1.61,14.10,13.47,8364,2.21,2904.23,4.60,37.03,37.07,2.56,16.43,10.95,1.33
301137,哈焊华通,42.04,41.69,40.90,8080100.0,0.35,0.84,43.10,39.66,33257,4.44,200.20,8.25,76.43,76.43,5.50,50.03,33.35,1.35
301138,华研精机,28.59,30.09,30.47,1410500.0,-1.50,-4.99,30.47,28.51,4099,2.06,36.34,6.51,19.60,34.31,2.98,36.11,24.07,1.30
301139,*ST元道,4.31,4.80,4.58,19607300.0,-0.49,-10.21,4.86,4.29,8885,25.74,-518.06,11.88,3.28,5.24,0.27,5.76,3.84,0.80
301141,中科磁业,47.88,52.44,52.58,3631000.0,-4.56,-8.70,52.58,47.75,17909,8.16,229.11,9.21,21.31,59.39,4.72,62.93,41.95,1.32
301148,嘉戎技术,63.70,68.50,68.08,3702300.0,-4.80,-7.01,68.15,63.10,23969,6.29,184.49,7.37,37.50,74.21,4.32,82.20,54.80,1.17
301149,隆华新材,11.55,12.17,12.26,8560200.0,-0.62,-5.09,12.30,11.47,10047,3.28,37.60,6.82,30.17,49.67,2.35,14.60,9.74,0.86
301150,中一科技,65.80,65.33,65.33,14071500.0,0.47,0.72,69.06,64.66,94451,6.32,110.10,6.74,146.46,153.47,4.18,78.40,52.26,1.10
301151,冠龙节能,15.85,15.94,16.01,2735100.0,-0.09,-0.56,16.86,15.83,4479,1.62,58.35,6.46,26.76,26.79,1.31,19.13,12.75,1.43
301152,天力锂能,27.31,28.59,28.62,3630200.0,-1.28,-4.48,28.84,27.17,10094,5.11,-21.15,5.84,19.38,32.43,2.68,34.31,22.87,0.83
301153,中科江南,18.38,18.98,19.11,4219300.0,-0.60,-3.16,19.11,18.35,7874,1.27,53.79,4.00,60.98,65.37,3.57,22.78,15.18,0.97
301155,海力风电,62.17,66.33,66.32,5941300.0,-4.16,-6.27,66.32,62.01,37468,4.82,45.59,6.50,76.63,135.15,2.34,79.60,53.06,0.99
301156,美农生物,13.15,13.69,13.75,4270000.0,-0.54,-3.94,13.99,13.04,5758,3.64,40.53,6.94,15.41,24.07,3.34,16.43,10.95,2.10
301157,华塑科技,70.47,73.76,73.83,1820400.0,-3.29,-4.46,75.01,69.84,13157,8.81,136.39,7.01,14.56,42.28,3.83,88.51,59.01,1.07
301158,德石股份,16.40,17.15,17.01,4967900.0,-0.75,-4.37,17.15,16.23,8218,2.61,30.67,5.36,31.19,31.98,2.33,20.58,13.72,0.97
301159,三维天地,33.90,35.46,35.57,1596400.0,-1.56,-4.40,36.27,33.70,5528,3.01,115.61,7.25,17.97,26.22,4.04,42.55,28.37,0.85
301160,翔楼新材,53.85,57.29,57.29,2456700.0,-3.44,-6.00,57.56,53.33,13458,3.22,30.02,7.38,41.14,61.15,3.28,68.75,45.83,0.98
301161,唯万密封,30.66,33.03,33.05,3715500.0,-2.37,-7.18,33.05,30.50,11655,4.81,40.19,7.72,23.67,36.79,3.83,39.64,26.42,0.94
301162,国能日新,47.22,48.09,48.15,3813900.0,-0.87,-1.81,49.80,46.81,18281,3.18,64.33,6.22,56.70,87.65,5.66,57.71,38.47,0.91
301163,宏德股份,25.90,27.36,27.52,1768800.0,-1.46,-5.34,27.60,25.72,4676,3.23,51.24,6.87,14.17,21.13,1.86,32.83,21.89,1.05
301165,锐捷网络,64.46,66.89,67.30,11237100.0,-2.43,-3.63,68.23,63.86,73514,1.01,100.82,6.53,717.85,717.85,15.22,80.27,53.51,0.79
301166,优宁维,28.25,28.70,28.86,1178700.0,-0.45,-1.57,28.99,28.20,3354,2.09,-96.46,2.75,15.94,24.34,1.23,34.44,22.96,0.97
301167,建研设计,15.27,15.61,15.56,3322200.0,-0.34,-2.18,15.98,15.05,5122,4.68,80.56,5.96,10.84,17.10,1.78,18.73,12.49,1.09
301168,通灵股份,40.25,40.25,40.57,2126000.0,0.00,0.00,41.18,39.23,8501,2.23,659.66,4.84,38.36,48.30,2.27,48.30,32.20,0.42
301169,零点有数,80.88,86.72,88.14,2334700.0,-5.84,-6.73,88.88,80.01,19417,3.24,-173.11,10.23,58.24,58.27,13.44,104.06,69.38,1.12
301170,锡南科技,25.06,26.16,26.18,1952800.0,-1.10,-4.20,26.35,24.71,4942,5.82,25.33,6.27,8.41,25.06,1.39,31.39,20.93,1.25
301171,易点天下,42.31,38.82,39.48,104062900.0,3.49,8.99,44.00,39.48,436386,20.73,677.51,11.64,212.35,261.70,7.09,46.58,31.06,1.84
301172,君逸数码,31.95,34.67,34.67,8323200.0,-2.72,-7.85,35.19,31.51,27206,8.43,156.51,10.61,31.56,55.11,3.70,41.60,27.74,1.18
301173,毓恬冠佳,36.28,36.06,36.40,1371300.0,0.22,0.61,38.30,36.00,5068,4.45,18.65,6.38,11.18,31.87,2.10,43.27,28.85,2.07
301175,中科环保,5.67,5.77,5.77,20570700.0,-0.10,-1.73,5.79,5.65,11748,3.31,21.39,2.43,35.26,83.46,2.29,6.92,4.62,1.21
301176,逸豪新材,46.24,47.20,46.28,14719300.0,-0.96,-2.03,49.90,44.50,69371,8.97,-163.92,11.44,75.86,78.18,5.26,56.64,37.76,1.01
301177,迪阿股份,26.13,26.13,26.15,1469500.0,0.00,0.00,26.83,26.05,3878,0.37,67.06,2.99,104.52,104.59,1.66,31.36,20.90,1.13
301178,天亿马,56.55,58.49,59.62,5280600.0,-1.94,-3.32,61.59,56.31,31103,10.67,482.75,9.03,27.98,37.81,4.84,70.19,46.79,1.80
301179,泽宇智能,23.46,23.38,23.22,9617300.0,0.08,0.34,23.85,22.42,22334,4.05,58.27,6.12,55.71,94.87,3.74,28.06,18.70,0.78
301180,万祥科技,15.10,15.73,15.87,4061200.0,-0.63,-4.01,15.87,14.97,6231,2.47,-937.15,5.72,24.78,60.40,4.62,18.88,12.58,0.88
301181,标榜股份,30.16,31.02,31.64,2006700.0,-0.86,-2.77,31.64,29.90,6112,1.71,40.02,5.61,35.36,45.30,3.17,37.22,24.82,0.78
301182,凯旺科技,78.08,84.49,84.26,4529400.0,-6.41,-7.59,84.39,77.03,36147,5.18,-65.90,8.71,68.23,74.82,11.29,101.39,67.59,0.89
301183,东田微,256.90,269.30,268.99,8280300.0,-12.40,-4.60,276.88,252.49,219643,14.11,189.51,9.06,150.80,205.72,20.87,323.16,215.44,0.95
301185,鸥玛软件,15.70,16.28,16.29,2740800.0,-0.58,-3.56,16.48,15.46,4366,1.98,46.06,6.27,21.77,24.09,2.21,19.54,13.02,0.94
301186,超达装备,63.90,66.25,66.47,1465500.0,-2.35,-3.55,69.24,63.15,9539,1.90,42.40,9.19,49.24,52.37,3.24,79.50,53.00,0.81
301187,欧圣电气,18.45,19.45,19.34,2293300.0,-1.00,-5.14,19.59,18.35,4298,0.90,86.96,6.38,47.04,47.04,3.21,23.34,15.56,0.97
301188,力诺药包,42.26,44.20,46.67,21130500.0,-1.94,-4.39,46.98,41.43,91051,7.90,281.67,12.56,113.06,113.06,5.77,53.04,35.36,0.74
301189,奥尼电子,100.30,99.67,101.30,5558000.0,0.63,0.63,108.53,97.23,56943,4.95,-102.97,11.34,112.68,116.75,5.63,119.60,79.74,1.11
301190,善水科技,22.37,23.27,23.30,2470600.0,-0.90,-3.87,23.36,22.22,5615,1.73,51.59,4.90,32.01,48.01,2.42,27.92,18.62,0.80
301191,菲菱科思,152.60,168.71,166.66,6285600.0,-16.11,-9.55,168.00,151.02,99520,12.04,144.19,10.06,79.65,105.82,6.22,202.45,134.97,0.98
301192,泰祥股份,22.57,23.86,23.84,1492500.0,-1.29,-5.41,24.02,22.41,3421,3.12,40.97,6.75,10.80,22.55,3.45,28.63,19.09,0.82
301193,家联科技,21.06,22.14,22.32,8876000.0,-1.08,-4.88,22.38,20.70,18930,4.90,-33.55,7.59,38.17,50.11,3.63,26.57,17.71,0.79
301195,北路智控,28.52,29.95,29.95,2252800.0,-1.43,-4.77,30.24,28.41,6556,2.57,27.69,6.11,25.01,37.67,1.53,35.94,23.96,0.57
301196,唯科科技,121.94,133.50,135.00,3896800.0,-11.56,-8.66,135.70,121.44,49075,4.75,60.90,10.68,99.94,152.81,4.57,160.20,106.80,1.03
301197,工大科雅,29.88,31.28,31.43,4319000.0,-1.40,-4.48,31.83,29.56,13102,3.97,157.52,7.26,32.49,36.02,2.73,37.54,25.02,1.11
301198,喜悦智行,17.63,18.39,18.30,4797500.0,-0.76,-4.13,19.45,17.48,8754,2.96,-281.50,10.71,28.61,29.79,3.29,22.07,14.71,0.83
301199,迈赫股份,19.43,20.70,20.77,2774100.0,-1.27,-6.14,20.77,19.29,5475,3.87,42.01,7.15,13.93,36.27,1.87,24.84,16.56,1.13
301200,大族数控,279.00,294.99,294.43,5827500.0,-15.99,-5.42,294.77,275.07,164407,1.37,132.41,6.68,1186.41,1364.33,12.39,353.99,235.99,0.70
301201,诚达药业,33.04,32.68,32.53,6963800.0,0.36,1.10,34.98,32.53,23228,6.42,-1450.61,7.50,35.86,51.12,2.43,39.22,26.14,1.27
301202,朗威股份,39.09,42.10,42.16,3562300.0,-3.01,-7.15,42.48,38.75,14324,9.59,82.89,8.86,14.52,53.32,4.49,50.52,33.68,1.00
301203,国泰环保,43.99,45.51,45.71,926900.0,-1.52,-3.34,45.72,43.58,4115,2.11,33.24,4.70,19.29,35.19,2.52,54.61,36.41,0.74
301205,联特科技,316.02,292.80,304.04,22509800.0,23.22,7.93,338.88,304.04,723047,26.99,468.97,11.90,263.58,410.02,25.18,351.36,234.24,2.17
301206,三元生物,24.93,25.09,25.16,982900.0,-0.16,-0.64,25.36,24.84,2468,0.75,54.48,2.07,32.48,50.44,1.18,30.11,20.07,0.85
301207,华兰疫苗,18.02,17.80,17.82,5432000.0,0.22,1.24,18.32,17.75,9793,0.90,57.76,3.20,108.24,108.31,1.89,21.36,14.24,0.96
301208,中亦科技,28.96,30.19,30.50,1471000.0,-1.23,-4.07,30.50,28.77,4322,2.23,69.53,5.73,19.13,34.75,2.24,36.23,24.15,0.92
301209,联合化学,85.80,87.14,87.14,777300.0,-1.34,-1.54,87.67,85.58,6705,0.81,236.78,2.40,82.10,96.10,12.43,104.57,69.71,0.65
301210,金杨精密,40.26,41.98,41.98,2729500.0,-1.72,-4.10,42.21,39.77,11089,6.28,68.73,5.81,17.50,46.14,2.45,50.38,33.58,0.71
301211,亨迪药业,10.16,10.11,10.10,3083000.0,0.05,0.49,10.28,10.00,3129,0.74,125.52,2.77,42.43,42.43,1.86,12.13,8.09,1.06
301212,联盛化学,29.79,31.86,33.33,1758500.0,-2.07,-6.50,33.33,29.31,5371,1.88,366.92,12.62,27.93,32.17,2.38,38.23,25.49,0.85
301213,观想科技,65.00,69.48,69.43,1599900.0,-4.48,-6.45,69.75,64.22,10601,3.09,271.37,7.96,33.61,52.00,6.47,83.38,55.58,0.79
301215,中汽股份,5.84,6.00,6.00,11243600.0,-0.16,-2.67,6.09,5.81,6641,0.85,35.38,4.67,77.23,77.32,2.60,7.20,4.80,1.14
301216,万凯新材,24.86,25.39,25.28,8610200.0,-0.53,-2.09,25.61,24.71,21531,1.57,28.73,3.54,136.32,144.24,2.20,30.47,20.31,0.80
301217,铜冠铜箔,114.00,119.08,111.20,53413300.0,-5.08,-4.27,125.88,109.67,625829,6.44,575.41,13.61,945.08,945.08,17.18,142.90,95.26,1.28
301218,华是科技,33.75,34.95,35.20,3620900.0,-1.20,-3.43,36.18,33.51,12473,5.17,-139.72,7.64,23.65,38.49,4.24,41.94,27.96,0.72
301219,腾远钴业,77.71,79.46,80.10,5884400.0,-1.75,-2.20,81.32,77.31,46309,2.80,15.08,5.05,163.51,229.02,2.32,95.35,63.57,0.88
301220,亚香股份,38.15,37.37,37.43,1889400.0,0.78,2.09,38.56,37.00,7143,2.43,87.36,4.17,29.67,43.02,2.47,44.84,29.90,1.17
301221,光庭信息,31.77,35.09,35.34,4469300.0,-3.32,-9.46,35.46,31.47,14618,5.09,87.13,11.37,27.91,41.20,2.05,42.11,28.07,1.39
301222,浙江恒威,35.88,31.10,31.03,8831100.0,4.78,15.37,37.30,30.65,29816,8.28,57.02,21.38,38.25,50.35,3.55,37.32,24.88,2.62
301223,中荣股份,17.12,17.33,17.24,983900.0,-0.21,-1.21,17.49,17.07,1694,0.51,21.09,2.42,33.06,33.06,1.09,20.80,13.86,0.66
301225,恒勃股份,91.04,98.81,99.44,2167500.0,-7.77,-7.86,99.55,90.18,20296,7.25,72.45,9.48,27.20,94.12,5.87,118.57,79.05,0.73
301226,祥明智能,36.93,41.14,41.14,7195500.0,-4.21,-10.23,41.50,36.29,27878,6.61,384.27,12.66,40.18,40.18,4.42,49.37,32.91,1.51
301227,森鹰窗业,30.72,31.23,31.19,1719900.0,-0.51,-1.63,33.17,30.66,5458,3.18,-47.79,8.04,16.63,29.25,1.82,37.48,24.98,0.85
301228,实朴检测,62.60,66.88,67.00,4061900.0,-4.28,-6.40,67.88,61.85,25982,3.40,-116.90,9.02,74.77,75.12,12.54,80.26,53.50,0.94
301229,纽泰格,14.60,15.11,15.06,2918600.0,-0.51,-3.38,15.32,14.41,4321,2.26,138.77,6.02,18.87,26.54,2.14,18.13,12.09,1.01
301230,泓博医药,35.34,35.83,35.95,6249600.0,-0.49,-1.37,36.50,34.86,22261,4.98,107.01,4.58,44.39,49.33,4.79,43.00,28.66,1.19
301231,荣信文化,33.69,29.72,29.90,13891300.0,3.97,13.36,35.40,29.87,45622,21.23,-93.81,18.61,22.04,28.43,3.50,35.66,23.78,2.36
301232,飞沃科技,132.48,142.90,137.91,5972300.0,-10.42,-7.29,145.98,131.00,81828,9.57,309.74,10.48,82.72,139.28,9.84,171.48,114.32,0.89
301233,盛帮股份,66.13,68.00,67.00,2897900.0,-1.87,-2.75,69.77,65.90,19642,10.28,41.81,5.69,18.64,34.04,3.39,81.60,54.40,1.12
301234,五洲医疗,35.60,36.98,36.68,1438600.0,-1.38,-3.73,36.98,35.37,5180,3.58,113.60,4.35,14.30,24.21,3.15,44.38,29.58,0.96
301235,华康洁净,65.60,70.56,69.33,5366000.0,-4.96,-7.03,70.76,65.00,35842,7.38,54.66,8.16,47.72,70.70,3.78,84.67,56.45,0.96
301236,软通动力,33.04,35.27,35.51,25510700.0,-2.23,-6.32,35.88,32.88,86474,3.25,634.43,8.51,259.60,342.03,2.56,42.32,28.22,1.10
301237,和顺科技,68.50,76.07,75.96,4085500.0,-7.57,-9.95,75.96,67.70,29220,7.01,-31.93,10.86,39.90,54.80,4.76,91.28,60.86,1.44
301238,瑞泰新材,25.43,24.72,25.02,52008200.0,0.71,2.87,27.91,25.02,135590,7.09,57.84,11.69,186.49,186.49,2.58,29.66,19.78,2.29
301239,普瑞眼科,38.64,38.33,38.33,2423200.0,0.31,0.81,39.46,37.77,9330,1.71,-329.29,4.41,54.89,57.81,2.74,46.00,30.66,0.80
301246,宏源药业,32.48,32.49,32.15,20570800.0,-0.01,-0.03,33.78,31.00,66441,12.09,51.05,8.56,55.24,129.92,2.82,38.99,25.99,1.12
301248,杰创智能,79.99,78.00,80.00,9358300.0,1.99,2.55,87.87,79.32,77060,8.33,-866.73,10.96,89.85,122.95,8.15,93.60,62.40,1.39
301251,威尔高,52.00,52.69,52.88,11138900.0,-0.69,-1.31,55.88,51.35,59773,14.74,189.32,8.60,39.31,98.05,6.33,63.23,42.15,1.52
301252,同星科技,32.86,35.66,35.67,4016200.0,-2.80,-7.85,35.98,32.41,13461,2.96,58.69,10.01,44.59,55.61,4.11,42.79,28.53,0.88
301255,通力科技,25.00,26.62,26.54,4569100.0,-1.62,-6.09,26.61,24.81,11576,12.00,95.80,6.76,9.52,38.08,3.57,31.94,21.30,0.58
301256,华融化学,11.60,12.55,12.55,12104000.0,-0.95,-7.57,12.55,11.58,14458,2.52,75.80,7.73,55.68,55.68,3.19,15.06,10.04,1.14
301257,普蕊斯,43.00,44.45,44.47,1940500.0,-1.45,-3.26,45.36,42.70,8450,2.58,29.74,5.98,32.39,33.97,2.65,53.34,35.56,1.12
301258,富士莱,26.38,26.88,27.00,825000.0,-0.50,-1.86,27.07,26.18,2186,0.93,64.33,3.31,23.50,24.18,1.31,32.26,21.50,0.83
301259,艾布鲁,34.66,36.73,36.56,3894900.0,-2.07,-5.64,37.81,34.51,13899,3.89,173.08,8.98,34.67,54.07,6.11,44.08,29.38,0.76
301260,格力博,15.57,16.41,16.39,4244800.0,-0.84,-5.12,16.49,15.51,6731,2.07,-18.94,5.97,31.97,75.26,1.74,19.69,13.13,0.65
301261,恒工精密,91.07,96.47,96.01,4040200.0,-5.40,-5.60,97.04,90.43,37481,10.78,61.04,6.85,34.14,80.04,4.95,115.76,77.18,0.76
301262,海看股份,21.46,21.73,21.62,3572900.0,-0.27,-1.24,22.10,21.41,7771,2.93,23.07,3.18,26.20,89.49,2.35,26.08,17.38,0.84
301263,泰恩康,25.31,25.38,25.38,4663700.0,-0.07,-0.28,25.80,24.65,11778,1.54,419.53,4.53,76.84,107.69,6.35,30.46,20.30,1.10
301265,华新科技,27.72,29.22,29.79,22046800.0,-1.50,-5.13,30.55,27.50,63239,12.98,102.97,10.44,47.07,83.98,3.95,35.06,23.38,1.54
301266,宇邦新材,25.79,27.16,27.11,4119700.0,-1.37,-5.04,27.38,25.56,10783,3.04,134.19,6.70,34.98,36.87,2.06,32.59,21.73,1.07
301267,华厦眼科,17.53,17.26,17.45,7731100.0,0.27,1.56,17.78,17.01,13528,1.19,31.83,4.46,113.67,147.25,2.71,20.71,13.81,1.20
301268,铭利达,17.10,17.79,17.70,5141000.0,-0.69,-3.88,17.84,17.03,8872,1.49,-36.83,4.55,58.94,68.47,4.59,21.35,14.23,0.85
301269,华大九天,114.50,128.58,125.10,32729200.0,-14.08,-10.95,125.47,111.11,384490,6.00,-2873.46,11.17,624.53,624.53,12.00,154.30,102.86,0.75
301270,汉仪股份,27.64,28.23,28.33,2456800.0,-0.59,-2.09,29.15,27.51,6940,2.60,356.70,5.81,26.12,27.64,2.89,33.88,22.58,0.90
301272,英华特,39.74,41.93,42.23,1241300.0,-2.19,-5.22,42.66,39.21,5010,3.96,62.73,8.23,12.45,23.25,2.32,50.32,33.54,1.19
301273,瑞晨环保,41.80,42.00,42.21,2211900.0,-0.20,-0.48,42.55,39.89,9112,4.02,-46.63,6.33,22.98,29.95,3.43,50.40,33.60,1.17
301275,汉朔科技,44.70,44.17,44.55,9164300.0,0.53,1.20,46.92,44.33,41544,3.05,39.12,5.86,134.48,188.81,4.59,53.00,35.34,1.00
301276,嘉曼服饰,25.70,24.23,24.52,3612300.0,1.47,6.07,26.02,24.31,9175,5.00,29.95,7.06,18.57,33.31,1.58,29.08,19.38,1.80
301277,新天地,9.91,9.96,10.00,1948100.0,-0.05,-0.50,10.06,9.86,1936,0.50,38.56,2.01,38.85,38.85,2.58,11.95,7.97,0.93
301278,快可电子,34.84,36.63,36.72,2125800.0,-1.79,-4.89,36.88,34.70,7571,4.14,198.02,5.95,17.91,31.25,2.19,43.96,29.30,0.85
301279,金道科技,22.97,24.31,24.41,2083600.0,-1.34,-5.51,24.57,22.85,4891,1.60,59.47,7.08,29.98,38.71,2.88,29.17,19.45,0.67
301280,珠城科技,40.77,43.87,43.87,4118000.0,-3.10,-7.07,43.87,40.63,17270,7.19,36.92,7.39,23.35,78.07,4.01,52.64,35.10,1.22
301281,科源制药,41.60,41.57,41.50,3577900.0,0.03,0.07,42.13,40.11,14704,5.04,191.36,4.86,29.52,45.05,3.24,49.88,33.26,0.74
301282,金禄电子,27.38,28.28,28.38,14561000.0,-0.90,-3.18,29.63,27.13,41355,8.25,68.94,8.84,48.35,57.75,3.39,33.94,22.62,1.03
301283,聚胶股份,27.12,28.08,28.64,1435400.0,-0.96,-3.42,28.71,27.07,3969,1.57,16.13,5.84,24.78,31.52,1.98,33.70,22.46,0.85
301285,鸿日达,115.51,117.15,115.61,5572600.0,-1.64,-1.40,119.37,113.54,64860,2.70,-329.90,4.98,238.72,238.72,25.29,140.58,93.72,0.79
301286,侨源股份,54.08,57.82,57.99,2939000.0,-3.74,-6.47,57.99,53.00,16148,1.82,90.93,8.63,87.22,216.37,10.68,69.38,46.26,0.87
301287,康力源,36.89,37.50,37.50,1156200.0,-0.61,-1.63,38.25,36.49,4293,6.79,41.43,4.69,6.28,24.59,2.09,45.00,30.00,1.08
301288,清研环境,16.78,17.66,17.54,1847700.0,-0.88,-4.98,17.70,16.60,3153,2.37,-57.08,6.23,13.11,18.12,2.31,21.19,14.13,0.66
301289,国缆检测,51.68,52.07,51.88,830600.0,-0.39,-0.75,52.12,49.95,4198,1.07,44.65,4.17,40.05,40.31,3.90,62.48,41.66,1.03
301290,东星医疗,29.06,29.36,28.91,2565200.0,-0.30,-1.02,29.85,28.71,7487,3.76,-90.72,3.88,19.81,29.11,1.34,35.23,23.49,0.85
301291,明阳电气,57.75,60.97,60.60,11092000.0,-3.22,-5.28,60.80,57.21,65046,6.79,36.25,5.89,94.35,181.49,3.58,73.16,48.78,0.85
301292,海科新源,70.86,70.02,70.00,10230700.0,0.84,1.20,72.56,68.61,72395,12.01,494.13,5.64,60.37,157.87,5.52,84.02,56.02,1.11
301293,三博脑科,58.10,61.20,61.00,7831400.0,-3.10,-5.07,61.00,57.97,46154,3.80,196.50,4.95,119.68,119.68,5.08,73.44,48.96,1.17
301295,美硕科技,49.42,46.90,47.00,2638700.0,2.52,5.37,50.90,47.00,13075,8.98,143.96,8.32,14.53,49.82,5.21,56.28,37.52,1.36
301296,新巨丰,6.75,6.81,6.79,2829500.0,-0.06,-0.88,6.86,6.72,1920,0.66,78.78,2.06,28.83,28.83,1.08,8.17,5.45,1.02
301297,富乐德,41.25,44.68,44.71,16214900.0,-3.43,-7.68,44.99,40.90,68464,4.47,70.73,9.15,149.73,306.56,5.65,53.62,35.74,0.74
301298,东利机械,13.98,14.72,14.79,3171600.0,-0.74,-5.03,14.86,13.80,4509,2.93,41.55,7.20,15.12,20.52,2.25,17.66,11.78,1.09
301299,卓创资讯,51.70,52.63,52.62,1807600.0,-0.93,-1.77,53.79,51.50,9494,4.04,47.75,4.35,23.15,31.36,5.54,63.16,42.10,0.85
301300,远翔新材,35.52,36.73,36.80,758400.0,-1.21,-3.29,37.00,35.02,2715,1.95,26.95,5.39,13.78,23.06,2.82,44.08,29.38,0.85
301301,川宁生物,8.90,8.90,9.02,8963100.0,0.00,0.00,9.05,8.85,8015,1.45,33.55,2.25,54.98,198.48,2.54,10.68,7.12,0.93
301302,华如科技,25.81,27.90,27.89,10039400.0,-2.09,-7.49,28.30,25.50,26566,7.22,-18.91,10.04,35.87,40.23,2.74,33.48,22.32,0.96
301303,真兰仪表,13.30,13.68,13.81,2802600.0,-0.38,-2.78,13.81,13.24,3770,2.74,16.67,4.17,13.59,54.37,1.61,16.42,10.94,0.94
301305,朗坤科技,30.82,29.88,29.99,18854600.0,0.94,3.15,31.96,29.38,57986,15.17,26.46,8.63,38.31,74.57,1.91,35.86,23.90,1.30
301306,西测测试,129.50,136.36,136.36,2645800.0,-6.86,-5.03,137.69,128.70,34932,4.54,-73.26,6.59,75.45,109.30,13.00,163.63,109.09,0.91
301307,美利信,58.28,60.33,60.33,9864600.0,-2.05,-3.40,62.10,57.59,58719,9.07,-21.91,7.48,63.40,122.74,5.03,72.40,48.26,0.65
301308,江波龙,551.29,548.01,554.70,17677700.0,3.28,0.60,573.42,531.50,981656,6.27,42.89,7.65,1553.82,2332.29,18.92,657.61,438.41,0.97
301309,万得凯,32.30,32.70,32.88,1360600.0,-0.40,-1.22,32.98,31.60,4377,2.25,28.88,4.22,19.57,32.47,1.94,39.24,26.16,0.73
301310,鑫宏业,33.64,32.26,32.20,14586800.0,1.38,4.28,34.94,31.31,48799,23.92,47.51,11.25,20.52,64.24,2.75,38.71,25.81,1.94
301311,昆船智能,14.81,15.52,15.40,2365500.0,-0.71,-4.57,15.43,14.75,3544,0.99,-34.05,4.38,35.54,35.54,2.07,18.62,12.42,1.08
301312,智立方,125.58,135.18,135.70,7613700.0,-9.60,-7.10,142.85,122.20,100587,12.57,234.54,15.28,76.04,152.18,12.32,162.22,108.14,0.90
301313,凡拓数创,47.30,53.23,53.23,15008600.0,-5.93,-11.14,53.70,46.87,74155,19.11,-35.59,12.83,37.16,48.93,7.58,63.88,42.58,0.89
301314,科瑞思,46.10,47.96,47.90,1110000.0,-1.86,-3.88,48.30,45.81,5204,6.08,144.32,5.19,8.42,25.47,2.45,57.55,38.37,1.10
301315,威士顿,43.02,45.34,45.60,1832400.0,-2.32,-5.12,45.79,42.90,8034,4.95,116.94,6.37,15.92,37.86,3.66,54.41,36.27,0.97
301316,慧博云通,44.61,48.33,48.01,28144700.0,-3.72,-7.70,48.81,42.70,125693,7.19,177.92,12.64,174.54,180.22,16.26,58.00,38.66,1.39
301317,鑫磊股份,64.98,69.90,70.32,6743200.0,-4.92,-7.04,71.12,63.00,44905,12.92,-77.43,11.62,33.92,102.14,8.33,83.88,55.92,1.10
301318,维海德,22.18,23.17,23.22,1657600.0,-0.99,-4.27,23.39,22.10,3727,1.78,63.83,5.57,20.67,30.01,1.59,27.80,18.54,0.94
301319,唯特偶,107.00,108.50,105.10,10653600.0,-1.50,-1.38,117.74,105.10,118582,7.86,222.61,11.65,145.11,193.19,16.74,130.20,86.80,1.09
301320,豪江智能,14.19,14.95,14.94,2765700.0,-0.76,-5.08,15.09,14.15,3996,4.05,-663.75,6.29,9.68,25.83,2.45,17.94,11.96,1.02
301321,翰博高新,33.61,35.07,34.87,12231800.0,-1.46,-4.16,35.89,33.00,42297,8.29,-111.53,8.24,49.62,62.66,6.42,42.08,28.06,1.16
301322,绿通科技,52.01,59.21,59.31,16123800.0,-7.20,-12.16,59.55,51.90,88579,16.76,572.44,12.92,50.04,74.20,2.61,71.05,47.37,0.89
301323,新莱福,80.30,84.81,84.65,3360800.0,-4.51,-5.32,87.65,79.69,27826,4.97,57.07,9.39,54.26,84.79,3.77,101.77,67.85,1.06
301325,曼恩斯特,47.18,47.84,48.48,9902700.0,-0.66,-1.38,52.31,46.20,48858,6.88,-43.40,12.77,67.89,67.89,2.57,57.41,38.27,1.56
301326,捷邦科技,147.89,161.50,161.53,1834600.0,-13.61,-8.43,164.49,146.18,27951,2.55,-213.50,11.34,106.59,107.53,8.71,193.80,129.20,0.92
301327,华宝新能,55.29,57.49,57.65,1843700.0,-2.20,-3.83,57.87,55.11,10282,1.06,-179.37,4.80,96.42,96.42,1.58,68.99,45.99,0.69
301328,维峰电子,55.91,62.08,62.70,4938400.0,-6.17,-9.94,62.96,54.94,28415,4.29,96.88,12.92,64.39,89.09,4.54,74.50,49.66,1.42
301329,信音电子,26.15,27.30,27.31,7438700.0,-1.15,-4.21,27.81,25.90,19900,12.41,58.28,7.00,15.68,44.51,2.80,32.76,21.84,1.28
301330,熵基科技,27.20,28.30,28.41,3068800.0,-1.10,-3.89,28.54,27.00,8479,1.58,32.35,5.44,52.86,64.02,1.84,33.96,22.64,1.08
301331,恩威医药,24.63,25.44,25.46,2684100.0,-0.81,-3.18,25.80,24.42,6696,2.62,52.64,5.42,25.28,25.34,2.49,30.53,20.35,0.61
301332,德尔玛,8.70,8.87,8.96,3322800.0,-0.17,-1.92,8.96,8.65,2909,1.25,31.42,3.49,23.04,40.16,1.35,10.64,7.10,1.09
301333,诺思格,50.74,50.70,50.99,2451900.0,0.04,0.08,52.88,50.01,12571,2.54,36.67,5.66,48.94,49.01,2.45,60.84,40.56,1.48
301335,天元宠物,23.11,22.17,22.30,2815900.0,0.94,4.24,23.65,21.97,6421,3.22,52.83,7.58,20.22,29.33,1.51,26.60,17.74,1.87
301336,趣睡科技,40.28,40.05,40.06,1172700.0,0.23,0.57,40.57,38.53,4637,2.92,72.00,5.09,16.18,20.91,2.51,48.06,32.04,1.14
301337,亚华电子,25.63,27.29,27.21,2690900.0,-1.66,-6.08,27.48,25.16,6986,2.64,-151.51,8.50,26.13,26.71,2.46,32.75,21.83,0.95
301338,凯格精机,248.92,218.40,223.01,8524800.0,30.52,13.97,258.88,223.01,211020,16.08,121.22,16.42,131.99,264.85,15.60,262.08,174.72,1.76
301339,通行宝,11.54,11.81,11.90,4365400.0,-0.27,-2.29,11.97,11.51,5089,0.77,29.61,3.90,65.75,66.97,2.38,14.17,9.45,1.06
301345,涛涛车业,206.25,208.18,209.00,1763300.0,-1.93,-0.93,211.14,201.38,36080,5.03,24.81,4.69,72.25,224.91,6.22,249.82,166.54,1.42
301348,蓝箭电子,25.66,27.79,27.95,22612400.0,-2.13,-7.66,28.45,25.33,59766,14.58,-161.57,11.23,39.81,61.58,4.19,33.35,22.23,0.80
301349,信德新材,63.84,59.38,58.79,14070900.0,4.46,7.51,67.78,58.66,89357,12.51,145.20,15.36,71.83,90.97,3.33,71.26,47.50,1.37
301353,普莱得,26.19,26.57,26.65,1239000.0,-0.38,-1.43,26.87,26.00,3254,3.89,36.90,3.27,8.35,25.71,1.95,31.88,21.26,0.91
301355,南王科技,10.99,11.28,11.29,3629200.0,-0.29,-2.57,11.42,10.88,4045,3.62,-67.66,4.79,11.02,21.44,1.45,13.54,9.02,0.93
301356,天振股份,24.81,25.30,25.37,2614100.0,-0.49,-1.94,25.86,24.71,6596,2.06,56.15,4.55,31.43,53.59,1.79,30.36,20.24,0.56
301357,北方长龙,92.80,95.60,94.81,1628800.0,-2.80,-2.93,96.68,92.34,15382,1.71,411.10,4.54,88.35,88.35,7.74,114.72,76.48,1.04
301358,湖南裕能,88.41,87.05,87.05,30829900.0,1.36,1.56,90.25,84.36,268270,4.06,29.37,6.77,671.86,745.60,3.98,104.46,69.64,1.26
301359,东南电子,20.52,21.63,21.65,1490600.0,-1.11,-5.13,21.96,20.31,3140,2.10,71.42,7.63,14.60,24.66,2.99,25.96,17.30,0.83
301360,荣旗科技,87.70,73.08,83.14,3843400.0,14.62,20.01,87.70,80.20,33169,11.43,123.20,10.26,29.48,60.81,5.17,87.70,58.46,1.71
301361,众智科技,39.16,38.86,38.86,4247600.0,0.30,0.77,40.35,37.68,16574,7.54,46.41,6.87,22.06,45.56,3.66,46.63,31.09,0.80
301362,民爆光电,168.05,179.82,179.82,4222000.0,-11.77,-6.55,179.83,166.10,71931,10.31,167.64,7.64,68.81,245.26,10.21,215.78,143.86,0.86
301363,美好医疗,25.22,26.19,26.32,8221400.0,-0.97,-3.70,26.48,25.09,20960,2.20,49.83,5.31,94.12,143.47,3.79,31.43,20.95,0.88
301365,矩阵股份,32.34,34.22,34.65,3330100.0,-1.88,-5.49,34.90,32.00,11060,2.75,133.79,8.47,39.14,58.21,3.31,41.06,27.38,1.06
301366,一博科技,43.41,46.23,46.00,10317200.0,-2.82,-6.10,46.77,43.15,46088,8.82,191.48,7.83,50.79,90.96,4.20,55.48,36.98,0.71
301367,瑞迈特,44.79,46.14,46.16,1143700.0,-1.35,-2.93,46.30,44.60,5157,1.17,29.20,3.68,43.94,56.11,1.86,55.37,36.91,0.94
301368,丰立智能,46.73,50.68,50.88,3151500.0,-3.95,-7.79,51.04,46.40,15111,4.91,-194.62,9.16,29.96,56.12,5.95,60.82,40.54,0.79
301369,联动科技,188.40,194.20,193.03,2703700.0,-5.80,-2.99,199.89,187.00,52655,4.93,486.71,6.64,103.27,192.75,12.87,233.04,155.36,0.89
301370,国科恒泰,9.04,9.12,9.10,2796500.0,-0.08,-0.88,9.16,9.02,2543,0.86,54.30,1.54,29.27,42.54,1.70,10.94,7.30,0.91
301371,敷尔佳,30.70,30.10,29.84,2030200.0,0.60,1.99,30.75,29.84,6181,2.61,31.13,3.02,23.88,159.67,2.93,36.12,24.08,0.65
301372,科净源,35.56,35.80,35.80,1540600.0,-0.24,-0.67,36.63,35.09,5527,3.74,-56.44,4.30,14.64,24.38,3.29,42.96,28.64,0.66
301373,凌玮科技,138.60,118.01,120.00,14097900.0,20.59,17.45,141.61,118.51,189481,34.57,104.33,19.57,56.53,150.34,9.02,141.61,94.41,2.04
301376,致欧科技,17.62,17.81,17.81,3390900.0,-0.19,-1.07,17.89,17.28,5954,1.75,23.63,3.43,34.12,70.92,2.06,21.37,14.25,0.53
301377,鼎泰高科,350.72,369.62,368.00,6003800.0,-18.90,-5.11,368.11,346.00,213186,6.07,232.12,5.98,346.73,1442.91,53.23,443.54,295.70,0.74
301378,通达海,29.05,30.37,30.58,2694500.0,-1.32,-4.35,30.88,28.77,7962,5.87,-20.54,6.95,13.34,28.06,2.36,36.44,24.30,0.99
301379,天山电子,30.14,32.12,32.12,15572900.0,-1.98,-6.16,32.38,29.90,48049,9.97,47.48,7.72,47.09,59.75,4.08,38.54,25.70,0.69
301380,挖金客,30.67,31.90,31.96,1853900.0,-1.23,-3.86,32.16,30.46,5754,2.30,83.43,5.33,24.76,31.10,4.23,38.28,25.52,0.79
301381,赛维时代,18.90,18.79,18.86,4465100.0,0.11,0.59,19.49,18.78,8543,2.28,27.38,3.78,36.94,76.25,2.83,22.55,15.03,0.61
301382,蜂助手,41.42,44.99,45.01,13728000.0,-3.57,-7.94,46.11,40.85,58688,5.81,76.47,11.69,97.90,118.29,6.19,53.99,35.99,1.11
301383,天键股份,26.66,28.15,27.96,2502000.0,-1.49,-5.29,28.26,26.55,6824,3.54,-61.65,6.07,18.83,43.55,2.23,33.78,22.52,0.96
301386,未来电器,23.28,24.19,24.20,1785600.0,-0.91,-3.76,24.25,23.00,4208,3.97,35.52,5.17,10.48,32.59,2.14,29.03,19.35,1.08
301387,光大同创,93.30,100.34,100.24,4391200.0,-7.04,-7.02,101.52,91.47,41783,10.29,-8147.55,10.02,39.82,99.60,6.10,120.41,80.27,0.83
301388,欣灵电气,28.27,29.79,29.78,1733300.0,-1.52,-5.10,29.99,27.97,5005,2.38,129.38,6.78,20.55,28.96,3.00,35.75,23.83,1.15
301389,隆扬电子,87.35,90.88,90.00,16770900.0,-3.53,-3.88,91.98,85.00,149018,5.92,247.58,7.68,247.64,247.64,11.03,109.06,72.70,1.13
301390,经纬股份,32.88,34.41,34.40,992700.0,-1.53,-4.45,35.50,32.74,3333,2.02,-3158.20,8.02,16.13,19.73,2.10,41.29,27.53,0.62
301391,卡莱特,64.88,68.50,69.01,1670700.0,-3.62,-5.28,69.40,64.30,11015,1.80,259.75,7.45,60.23,61.65,2.94,82.20,54.80,0.85
301392,汇成真空,177.00,193.55,192.40,5354200.0,-16.55,-8.55,193.55,175.19,97568,13.12,427.28,9.49,72.21,177.00,23.69,232.26,154.84,0.96
301393,昊帆生物,56.12,57.00,56.76,1786400.0,-0.88,-1.54,57.31,55.30,10016,4.24,53.50,3.53,23.63,60.61,2.57,68.40,45.60,0.73
301395,仁信新材,11.43,12.06,12.06,3379800.0,-0.63,-5.22,12.14,11.34,3927,2.65,-31.32,6.63,14.55,27.76,1.93,14.47,9.65,0.75
301396,宏景科技,175.80,182.45,184.00,10458600.0,-6.65,-3.64,189.50,173.36,188659,7.39,1077.87,8.85,248.77,377.84,31.29,218.94,145.96,1.04
301397,溯联股份,32.21,34.89,35.11,4543000.0,-2.68,-7.68,35.33,32.00,15071,6.43,38.87,9.54,22.75,50.14,2.48,41.87,27.91,0.91
301398,星源卓镁,41.29,43.78,43.74,1951100.0,-2.49,-5.69,45.20,41.08,8351,5.24,344.66,9.41,15.37,46.24,4.20,52.54,35.02,0.94
301399,英特科技,18.31,19.38,19.38,2418900.0,-1.07,-5.52,19.44,18.28,4531,4.42,151.67,5.99,10.01,33.88,2.61,23.26,15.50,0.81
301408,华人健康,17.72,16.82,16.68,25508800.0,0.90,5.35,18.18,16.66,44501,11.14,33.84,9.04,40.57,70.88,3.32,20.18,13.46,1.86
301413,安培龙,88.74,95.69,96.88,5495200.0,-6.95,-7.26,97.65,87.90,50302,7.19,154.52,10.19,67.78,113.52,9.15,114.83,76.55,0.91
301418,协昌科技,38.98,41.50,41.50,2015500.0,-2.52,-6.07,42.24,38.38,7962,6.85,347.94,9.30,11.47,28.59,1.77,49.80,33.20,1.01
301419,阿莱德,38.32,40.63,39.95,9509200.0,-2.31,-5.69,40.42,38.05,37160,9.59,87.56,5.83,38.00,57.48,6.22,48.76,32.50,0.99
301421,波长光电,97.00,110.00,110.00,10037300.0,-13.00,-11.82,110.00,94.50,100934,21.67,316.61,14.09,44.92,112.25,9.31,132.00,88.00,0.87
301428,世纪恒通,30.50,32.30,32.27,3321200.0,-1.80,-5.57,32.47,30.35,10340,4.72,-86.07,6.56,21.47,30.09,2.50,38.76,25.84,0.92
301429,森泰股份,20.04,20.76,20.90,1341000.0,-0.72,-3.47,21.10,19.90,2741,3.05,48.56,5.78,8.82,23.69,1.75,24.91,16.61,0.70
301439,泓淋电力,19.57,16.31,19.57,12115200.0,3.26,19.99,19.57,19.57,23709,6.61,37.04,0.00,35.86,76.15,2.57,19.57,13.05,2.37
301446,福事特,46.11,49.80,49.64,3160100.0,-3.69,-7.41,49.81,45.75,15010,10.17,63.70,8.15,14.33,47.95,3.99,59.76,39.84,0.92
301448,开创电气,34.35,36.20,36.20,898200.0,-1.85,-5.11,36.39,34.28,3171,1.86,-626.22,5.83,16.59,35.93,5.19,43.44,28.96,0.93
301449,天溯计量,62.09,62.88,66.32,1131400.0,-0.79,-1.26,67.42,61.16,7244,8.13,43.60,9.96,8.64,40.49,3.51,75.46,50.30,1.21
301456,盘古智能,28.65,30.49,30.45,1930600.0,-1.84,-6.03,30.57,28.46,5655,3.17,49.51,6.92,17.43,43.57,1.93,36.59,24.39,1.02
301458,钧崴电子,45.28,47.63,48.58,15176400.0,-2.35,-4.93,50.00,44.89,71889,12.92,90.29,10.73,53.20,120.75,7.51,57.16,38.10,1.28
301459,丰茂股份,34.40,37.03,36.99,2110200.0,-2.63,-7.10,37.09,34.00,7497,8.09,42.38,8.34,8.98,35.82,2.81,44.44,29.62,0.71
301468,博盈特焊,43.30,42.00,44.94,13969000.0,1.30,3.10,45.00,41.21,60404,14.33,151.07,9.02,42.22,73.24,3.21,50.40,33.60,2.35
301469,恒达新材,33.45,35.10,35.36,1242100.0,-1.65,-4.70,35.55,33.22,4214,2.70,32.49,6.64,15.41,29.93,2.12,42.12,28.08,0.75
301479,弘景光电,68.93,74.90,75.83,4100300.0,-5.97,-7.97,76.28,68.16,29030,5.75,46.74,10.84,49.15,85.85,6.79,89.88,59.92,0.96
301486,致尚科技,255.51,287.55,292.00,9989000.0,-32.04,-11.14,296.99,252.09,269568,13.79,510.34,15.61,185.13,328.79,12.87,345.06,230.04,1.07
301487,盟固利,25.05,26.68,26.49,26829800.0,-1.63,-6.11,26.75,24.91,68813,9.84,164.26,6.90,68.33,115.13,5.96,32.02,21.34,1.23
301488,豪恩汽电,139.58,149.03,151.86,2610100.0,-9.45,-6.34,153.34,138.01,37688,11.15,177.96,10.29,32.68,128.41,9.51,178.84,119.22,0.70
301489,思泉新材,220.71,251.30,250.00,5837600.0,-30.59,-12.17,251.07,218.08,134341,11.75,258.07,13.13,109.69,178.23,16.29,301.56,201.04,1.37
301491,汉桑科技,43.60,45.31,45.30,734000.0,-1.71,-3.77,45.50,43.53,3256,2.57,26.15,4.35,12.46,56.24,2.58,54.37,36.25,0.94
301498,乖宝宠物,44.28,43.90,43.85,6213800.0,0.38,0.87,45.49,43.66,27672,3.46,29.93,4.17,79.41,177.33,3.74,52.68,35.12,1.54
301499,维科精密,33.50,35.31,35.37,2600900.0,-1.81,-5.13,35.97,33.21,8880,7.52,84.41,7.82,11.58,46.32,3.55,42.37,28.25,0.88
301500,飞南资源,25.19,25.88,26.17,8001500.0,-0.69,-2.67,26.26,25.12,20378,5.55,20.59,4.40,36.29,141.56,2.73,31.06,20.70,0.85
301501,恒鑫生活,29.78,28.75,29.00,2454400.0,1.03,3.58,30.65,28.60,7335,5.64,25.27,7.13,12.95,44.04,2.08,34.50,23.00,2.39
301502,华阳智能,78.78,85.00,84.69,2725300.0,-6.22,-7.32,85.53,78.00,21999,11.55,198.56,8.86,18.58,44.97,5.37,102.00,68.00,1.00
301503,智迪科技,31.11,31.99,31.94,985400.0,-0.88,-2.75,32.45,30.93,3115,3.03,29.83,4.75,10.10,24.89,2.27,38.39,25.59,1.01
301505,苏州规划,19.61,20.85,21.23,4206000.0,-1.24,-5.95,21.51,19.49,8502,5.38,105.45,9.69,15.33,22.43,2.34,25.02,16.68,1.14
301507,民生健康,12.87,12.83,12.93,2802200.0,0.04,0.31,13.05,12.80,3619,2.55,38.61,1.95,14.17,45.89,2.79,15.40,10.26,0.80
301508,中机认检,26.01,26.49,26.63,1558600.0,-0.48,-1.81,26.67,25.93,4087,2.65,38.64,2.79,15.30,58.80,2.91,31.79,21.19,1.01
301509,金凯生科,29.39,29.72,29.86,1721700.0,-0.33,-1.11,30.07,29.24,5086,3.03,47.82,2.79,16.68,35.40,1.59,35.66,23.78,0.85
301510,固高科技,33.06,35.93,35.89,14035800.0,-2.87,-7.99,36.26,32.78,47621,5.03,171.25,9.69,92.29,132.24,9.11,43.12,28.74,1.08
301511,德福科技,125.62,119.52,119.59,53826700.0,6.10,5.10,135.70,118.51,690567,14.37,327.81,14.38,470.61,791.81,19.34,143.42,95.62,1.38
301512,智信精密,53.95,55.72,55.72,1842600.0,-1.77,-3.18,58.50,53.33,10210,7.43,94.80,9.28,13.39,28.77,2.73,66.86,44.58,0.73
301513,尚水智能,68.93,73.91,75.31,3085200.0,-4.98,-6.74,75.31,67.44,21669,15.31,50.35,10.65,13.89,68.93,5.09,88.69,59.13,0.83
301515,港通医疗,21.46,21.59,21.60,1598900.0,-0.13,-0.60,22.01,21.24,3445,2.44,-439.11,3.57,14.07,21.46,1.75,25.91,17.27,0.76
301516,中远通,17.89,19.25,19.19,8701600.0,-1.36,-7.06,19.30,17.75,15861,12.40,-104.26,8.05,12.55,50.22,3.96,23.10,15.40,1.09
301517,陕西华达,55.28,59.40,59.32,4304100.0,-4.12,-6.94,59.78,54.71,24299,4.41,-129.84,8.54,53.93,83.60,6.57,71.28,47.52,1.04
301518,长华化学,30.77,32.28,32.60,1651300.0,-1.51,-4.68,32.80,30.51,5157,3.09,49.11,7.09,16.45,44.76,2.69,38.74,25.82,0.96
301519,舜禹股份,13.49,13.88,13.97,2328300.0,-0.39,-2.81,14.46,13.35,3203,3.08,-85.45,8.00,10.18,21.81,1.58,16.66,11.10,0.92
301520,万邦医药,37.33,37.76,37.98,478000.0,-0.43,-1.14,38.11,37.13,1797,2.04,102.32,2.60,8.76,24.89,1.64,45.31,30.21,0.72
301522,上大股份,27.41,29.00,28.89,7529200.0,-1.59,-5.48,29.27,27.31,21030,2.72,100.04,6.76,75.85,101.93,5.25,34.80,23.20,1.13
301525,儒竞科技,71.98,79.29,79.30,2978500.0,-7.31,-9.22,79.88,71.00,22238,6.03,81.74,11.20,35.56,67.89,2.08,95.15,63.43,0.81
301526,国际复材,23.35,24.78,24.76,177133500.0,-1.43,-5.77,24.87,23.02,423591,12.61,179.70,7.47,327.93,880.50,10.32,29.74,19.82,0.79
301528,多浦乐,68.06,71.06,71.34,973700.0,-3.00,-4.22,71.48,67.80,6746,3.05,70.09,5.18,21.71,42.13,2.69,85.27,56.85,0.80
301529,福赛科技,116.79,120.00,120.40,3425900.0,-3.21,-2.68,122.96,115.96,40636,5.39,102.05,5.83,74.24,138.31,9.88,144.00,96.00,1.02
301531,春光集团,74.55,80.72,80.68,9050900.0,-6.17,-7.64,81.29,73.73,69518,19.30,122.69,9.37,34.95,163.81,11.31,96.86,64.58,0.77
301533,威马农机,27.69,28.70,28.86,984200.0,-1.01,-3.52,28.98,27.50,2755,3.46,95.60,5.16,7.87,27.22,2.42,34.44,22.96,0.82
301535,浙江华远,16.53,16.93,16.88,2247000.0,-0.40,-2.36,17.10,16.42,3766,1.32,79.05,4.02,28.07,70.30,6.04,20.32,13.54,0.62
301536,星宸科技,82.78,89.68,89.68,10844600.0,-6.90,-7.69,90.00,82.06,91776,5.79,73.12,8.85,154.96,349.10,11.27,107.62,71.74,1.32
301538,骏鼎达,92.02,97.30,97.03,1808000.0,-5.28,-5.43,98.44,91.20,17020,5.79,39.26,7.44,28.73,72.14,4.90,116.76,77.84,0.79
301539,宏鑫科技,15.65,16.22,16.25,4415400.0,-0.57,-3.51,19.46,15.42,7159,5.88,851.12,24.91,11.75,23.16,3.00,19.46,12.98,1.83
301548,崇德科技,77.08,81.76,82.09,1556900.0,-4.68,-5.72,82.21,75.95,12166,5.93,45.99,7.66,20.22,67.06,4.33,98.11,65.41,0.97
301550,斯菱智驱,114.11,118.34,119.00,7561300.0,-4.23,-3.57,121.99,112.30,87993,3.68,231.39,8.19,234.21,382.67,21.28,142.01,94.67,1.03
301551,无线传媒,24.76,24.93,24.93,4492800.0,-0.17,-0.68,25.27,24.73,11213,2.91,38.96,2.17,38.27,99.04,3.93,29.92,19.94,0.74
301552,科力装备,26.05,27.23,27.23,1388100.0,-1.18,-4.33,27.38,25.89,3673,4.49,22.50,5.47,8.06,32.24,2.89,32.68,21.78,1.18
301555,惠柏新材,39.58,41.66,42.01,5991000.0,-2.08,-4.99,42.69,38.86,24222,12.39,47.06,9.19,19.13,36.52,3.23,49.99,33.33,0.99
301556,托普云农,68.50,70.53,71.21,1216200.0,-2.03,-2.88,71.80,68.24,8449,4.13,54.39,5.05,20.19,58.42,5.90,84.64,56.42,0.93
301557,常友科技,87.32,81.43,81.42,2644100.0,5.89,7.23,89.50,79.00,22360,10.63,74.40,12.89,21.72,54.17,5.43,97.72,65.14,2.56
301558,三态股份,6.99,7.10,7.11,7226800.0,-0.11,-1.55,7.16,6.94,5098,3.29,112.80,3.10,15.34,55.14,3.99,8.52,5.68,1.05
301559,中集环科,14.52,14.74,14.75,2067500.0,-0.22,-1.49,14.88,14.50,3029,2.30,77.03,2.58,13.07,87.12,1.94,17.69,11.79,0.87
301560,众捷汽车,33.00,35.12,35.13,2765000.0,-2.12,-6.04,35.41,32.77,9366,4.53,104.47,7.52,20.15,40.13,4.16,42.14,28.10,0.97
301563,云汉芯城,174.07,186.24,184.57,9342700.0,-12.17,-6.53,205.00,172.46,176320,48.82,113.33,17.47,33.31,147.35,11.95,223.49,148.99,1.81
301565,中仑新材,29.02,28.00,27.45,40242500.0,1.02,3.64,30.00,27.22,114353,31.44,145.51,9.93,37.15,116.08,4.75,33.60,22.40,2.96
301566,达利凯普,32.46,34.82,34.88,30023700.0,-2.36,-6.78,35.38,31.97,99943,14.22,80.36,9.79,68.52,129.84,8.53,41.78,27.86,0.86
301567,贝隆精密,43.33,46.33,46.33,1810000.0,-3.00,-6.48,46.48,43.10,8018,8.52,-271.22,7.30,9.20,31.20,4.29,55.60,37.06,1.29
301568,思泰克,80.82,80.01,81.00,12883500.0,0.81,1.01,88.00,79.79,107280,27.07,69.62,10.26,38.47,83.45,8.28,96.01,64.01,1.30
301571,国科天成,60.20,62.67,62.68,5644700.0,-2.47,-3.94,64.56,59.86,34875,4.74,50.05,7.50,71.74,108.01,5.23,75.20,50.14,1.42
301575,艾芬达,42.04,43.54,43.25,705100.0,-1.50,-3.45,43.66,41.62,2993,4.05,30.50,4.69,7.32,36.44,2.56,52.25,34.83,1.07
301577,美信科技,78.09,72.69,73.96,5143500.0,5.40,7.43,83.00,73.78,40763,27.30,-141.49,12.68,14.71,35.16,4.78,87.23,58.15,3.13
301578,辰奕智能,31.42,33.01,33.50,1163500.0,-1.59,-4.82,33.50,31.14,3697,5.02,197.02,7.15,7.28,25.60,2.75,39.61,26.41,1.09
301580,爱迪特,58.07,60.30,60.00,2544900.0,-2.23,-3.70,61.01,57.99,15079,3.53,30.45,5.01,41.82,61.88,2.85,72.36,48.24,0.96
301581,黄山谷捷,52.33,56.26,55.33,3783400.0,-3.93,-6.99,55.33,51.74,20104,8.95,102.31,6.38,22.13,41.86,4.11,67.51,45.01,1.60
301584,建发致新,22.98,22.76,22.68,2907700.0,0.22,0.97,23.32,22.60,6690,5.41,33.90,3.16,12.34,96.81,4.46,27.31,18.21,1.40
301585,蓝宇股份,25.52,26.27,26.60,1112100.0,-0.75,-2.85,26.60,25.37,2866,1.63,37.33,4.68,17.38,26.54,2.64,31.52,21.02,0.90
301586,佳力奇,37.05,38.93,38.93,967500.0,-1.88,-4.83,39.47,37.05,3660,1.83,61.41,6.22,19.60,30.74,2.37,46.72,31.14,0.96
301587,中瑞股份,27.23,28.53,28.40,5923000.0,-1.30,-4.56,28.50,26.81,16180,8.06,68.28,5.92,20.00,40.12,2.01,34.24,22.82,0.85
301588,美新科技,36.86,40.05,39.24,8988600.0,-3.19,-7.97,40.00,36.50,33821,12.25,173.88,8.74,27.04,43.81,4.63,48.06,32.04,0.76
301589,诺瓦星云,158.60,165.82,166.65,1000400.0,-7.22,-4.35,167.35,157.30,15998,2.90,25.24,6.06,54.66,146.62,3.91,198.98,132.66,0.87
301590,优优绿能,169.50,178.82,179.00,729300.0,-9.32,-5.21,183.87,168.35,12728,8.48,173.09,8.68,14.58,71.28,3.68,214.58,143.06,0.91
301591,肯特股份,47.46,43.05,42.01,18837600.0,4.41,10.24,49.00,41.66,86258,42.15,84.80,17.05,21.21,51.90,5.67,51.66,34.44,1.55
301592,六九一二,108.36,114.13,114.74,1091100.0,-5.77,-5.06,116.34,107.93,12125,4.67,133.18,7.37,25.31,75.85,8.12,136.96,91.30,1.11
301595,太力科技,45.00,46.47,46.47,1589500.0,-1.47,-3.16,46.80,44.53,7169,3.89,92.01,4.88,18.37,48.73,5.49,55.76,37.18,0.68
301596,瑞迪智驱,76.20,81.74,82.10,2473800.0,-5.54,-6.78,83.70,75.72,19433,7.90,57.83,9.76,23.86,58.80,6.57,98.09,65.39,0.82
301598,博科测试,58.02,60.80,61.10,954900.0,-2.78,-4.57,61.10,57.56,5592,5.44,27.51,5.82,10.18,34.17,3.61,72.96,48.64,1.25
301599,理奇智能,55.69,60.17,60.77,13305400.0,-4.48,-7.45,60.86,54.57,75816,24.32,95.25,10.45,30.46,240.36,11.41,72.20,48.14,0.75
301600,慧翰股份,101.21,105.80,106.18,1222300.0,-4.59,-4.34,106.22,100.40,12488,3.79,67.43,5.50,32.65,105.79,8.33,126.96,84.64,0.93
301601,惠通科技,18.76,19.34,19.33,1785700.0,-0.58,-3.00,19.40,18.64,3383,2.11,40.42,3.93,15.85,26.35,1.98,23.21,15.47,1.13
301602,超研股份,16.43,16.51,16.45,1566200.0,-0.08,-0.48,16.67,16.39,2585,0.75,59.28,1.70,34.26,70.37,5.14,19.81,13.21,0.90
301603,乔锋智能,126.63,134.50,133.79,3267900.0,-7.87,-5.85,134.50,125.00,41977,8.66,39.98,7.06,47.78,152.92,6.11,161.40,107.60,0.81
301606,绿联科技,67.17,69.92,69.61,4152600.0,-2.75,-3.93,70.24,66.61,28188,2.52,35.19,5.19,110.83,278.69,8.27,83.90,55.94,0.76
301607,富特科技,53.50,53.95,54.50,8082400.0,-0.45,-0.83,57.57,53.02,44866,7.45,32.86,8.43,58.01,89.47,4.89,64.74,43.16,1.20
301608,博实结,54.68,58.07,58.17,1954100.0,-3.39,-5.84,58.99,54.32,10949,3.28,29.06,8.04,32.54,72.50,3.32,69.68,46.46,0.91
301609,山大电力,48.69,46.86,46.87,4929700.0,1.83,3.91,49.29,45.89,23722,13.45,58.81,7.26,17.84,79.31,6.12,56.23,37.49,1.99
301611,珂玛科技,92.54,99.03,99.22,11216600.0,-6.49,-6.55,99.80,91.86,106066,7.65,162.77,8.02,135.65,403.47,22.04,118.84,79.22,0.80
301613,新铝时代,42.77,43.55,44.10,1139600.0,-0.78,-1.79,44.28,42.53,4913,1.36,26.16,4.02,35.88,61.52,3.64,52.26,34.84,0.84
301616,浙江华业,38.66,40.14,40.12,613900.0,-1.48,-3.69,40.27,38.62,2416,2.16,15.89,4.11,10.98,30.93,2.12,48.17,32.11,0.88
301617,博苑新材,52.31,55.00,54.87,4758200.0,-2.69,-4.89,55.47,51.30,25137,6.90,52.15,7.58,36.07,90.88,5.18,66.00,44.00,1.27
301618,长联科技,37.96,40.30,39.90,3009700.0,-2.34,-5.81,41.28,37.61,11817,6.25,156.37,9.11,18.28,47.94,5.11,48.36,32.24,1.49
301622,英思特,56.31,59.47,59.47,2673300.0,-3.16,-5.31,59.70,55.81,15312,4.13,83.78,6.54,36.41,65.28,4.25,71.36,47.58,1.12
301626,苏州天脉,333.99,337.55,336.90,2276900.0,-3.56,-1.05,347.75,330.00,77106,4.33,342.65,5.26,175.74,386.36,24.26,405.06,270.04,0.76
301628,强达电路,136.45,133.74,131.33,7086600.0,2.71,2.03,144.45,128.49,97384,25.42,87.87,11.93,38.04,102.85,8.89,160.49,106.99,0.96
301629,矽电股份,367.00,356.35,363.18,2425900.0,10.65,2.99,392.93,362.00,91850,12.64,495.20,8.68,70.45,153.14,13.07,427.62,285.08,1.30
301630,同宇新材,254.93,286.50,281.34,2506900.0,-31.57,-11.02,287.70,252.41,67404,25.07,73.26,12.32,25.49,101.97,5.83,343.80,229.20,1.44
301631,壹连科技,124.49,132.40,132.40,1878000.0,-7.91,-5.97,132.41,122.80,23626,6.03,37.44,7.26,38.76,113.80,4.27,158.88,105.92,0.71
301632,广东建科,17.14,17.20,17.48,6079600.0,-0.06,-0.35,18.60,17.08,10807,8.30,53.63,8.84,12.56,71.74,2.59,20.64,13.76,2.47
301633,港迪技术,52.89,54.32,54.50,398000.0,-1.43,-2.63,54.60,52.35,2120,1.56,45.02,4.14,13.49,29.45,3.17,65.18,43.46,0.93
301636,泽润新能,51.56,53.95,54.00,1266300.0,-2.39,-4.43,54.00,51.22,6608,3.35,5733.13,5.15,19.46,33.36,3.09,64.74,43.16,0.81
301638,南网数字,28.20,27.13,27.20,41786000.0,1.07,3.94,29.22,26.69,117813,16.70,128.69,9.33,70.57,896.66,7.99,32.56,21.70,1.94
301656,联合动力,17.90,18.13,18.27,6628300.0,-0.23,-1.27,18.34,17.80,11963,3.26,50.41,2.98,36.45,430.46,4.46,21.76,14.50,0.70
301658,首航新能,35.99,38.79,38.72,10262200.0,-2.80,-7.22,39.19,35.90,37577,10.53,213.72,8.48,35.06,148.41,4.65,46.55,31.03,0.84
301662,宏工科技,145.32,155.66,159.00,1993100.0,-10.34,-6.64,159.83,144.09,29808,6.48,98.04,10.11,44.69,116.26,7.50,186.79,124.53,1.03
301665,泰禾股份,23.34,23.48,23.48,2021200.0,-0.14,-0.60,23.71,23.18,4729,1.94,20.15,2.26,24.31,105.03,2.81,28.18,18.78,0.92
301666,大普微-UW,758.00,721.10,728.66,6437400.0,36.90,5.12,788.00,710.50,483598,24.28,25471.11,10.75,200.99,3306.52,123.34,865.32,576.88,0.93
301667,纳百川,89.86,100.02,99.08,4418300.0,-10.16,-10.16,101.20,87.43,41491,19.64,112.73,13.77,20.21,100.35,7.78,120.02,80.02,0.92
301668,昊创瑞通,39.60,40.32,41.13,1187400.0,-0.72,-1.79,41.25,39.42,4789,4.88,54.57,4.54,9.63,43.56,4.30,48.38,32.26,1.08
301669,高特电子,7.08,7.08,0.00,0.0,0.00,0.00,0.00,0.00,0,0,18.14,0.00,0,25.49,2.67,-1,-1,0.00
301678,新恒汇,55.51,59.10,59.98,2937300.0,-3.59,-6.07,60.38,55.13,16909,6.13,157.00,8.88,26.60,132.98,7.38,70.92,47.28,0.59
301680,固德电材,121.00,126.60,126.03,4886500.0,-5.60,-4.42,132.00,119.99,61594,29.08,55.64,9.49,20.33,100.19,5.26,151.92,101.28,1.36
301682,宏明电子,169.40,185.00,187.68,7402300.0,-15.60,-8.43,192.50,167.68,131390,28.82,64.37,13.42,43.51,205.90,4.12,222.00,148.00,1.24
301683,慧谷新材,137.50,136.32,137.31,4743200.0,1.18,0.87,150.97,135.80,68107,33.25,41.07,11.13,19.62,86.79,3.65,163.58,109.06,1.55
301687,新广益,59.06,64.55,64.55,4801400.0,-5.49,-8.51,64.55,58.67,29340,16.26,69.37,9.11,17.44,86.74,5.66,77.46,51.64,1.05
301696,三瑞智能,128.44,136.15,138.78,7200400.0,-7.71,-5.66,143.00,125.50,95491,23.93,109.56,12.85,38.64,513.77,23.53,163.38,108.92,0.88
600000,浦发银行,9.37,9.21,9.18,93330300.0,0.16,1.74,9.38,9.13,86922,0.28,6.21,2.71,3120.76,3120.76,0.41,10.13,8.29,0.84
600001,邯郸钢铁,5.29,5.29,0.00,0.0,0.00,0.00,0.00,0.00,0,0.00,-673.65,0.00,148.99,148.99,1.20,-1,-1,0.00
600002,齐鲁石化,10.09,10.09,0.00,0.0,0.00,0.00,0.00,0.00,0,0.00,10.70,0.00,35.31,196.75,2.57,-1,-1,0.00
600003,ST东北高,3.87,3.87,0.00,0.0,0.00,0.00,0.00,0.00,0,0.00,19.87,0.00,33.24,46.95,1.24,-1,-1,0.00
600004,白云机场,8.27,8.10,8.11,11162500.0,0.17,2.10,8.32,8.11,9183,0.47,15.90,2.59,195.73,213.14,1.01,8.91,7.29,1.41
600005,武钢股份,3.71,3.71,0.00,0.0,0.00,0.00,0.00,0.00,0,0.00,339.16,0.00,374.48,374.48,1.30,-1,-1,0.00
600006,东风股份,6.12,6.08,6.09,14295200.0,0.04,0.66,6.14,6.03,8716,0.71,-28.78,1.81,122.40,122.40,1.53,6.69,5.47,0.95
600007,中国国贸,21.44,21.11,21.06,2096700.0,0.33,1.56,21.66,21.06,4500,0.21,18.05,2.84,215.96,215.96,2.15,23.22,19.00,1.10
600008,首创环保,3.15,3.06,3.06,167989500.0,0.09,2.94,3.18,3.06,52705,2.29,12.83,3.92,231.23,231.23,1.09,3.37,2.75,2.79
600009,上海机场,25.07,24.88,24.85,22532800.0,0.19,0.76,25.59,24.82,56761,1.10,28.67,3.09,513.00,623.82,1.45,27.37,22.39,1.89
600010,包钢股份,2.36,2.43,2.42,595433800.0,-0.07,-2.88,2.44,2.35,142075,1.90,-796.28,3.70,739.11,1067.33,2.07,2.67,2.19,0.96
600011,华能国际,8.87,8.06,8.08,455150400.0,0.81,10.05,8.87,7.95,387879,4.14,10.00,11.41,975.50,1392.42,1.99,8.87,7.25,2.43
600012,皖通高速,16.83,16.48,16.50,4853600.0,0.35,2.12,16.85,16.42,8117,0.42,15.44,2.61,196.17,287.56,2.15,18.13,14.83,0.92
600015,华夏银行,6.71,6.57,6.56,100798700.0,0.14,2.13,6.72,6.54,67069,0.66,3.94,2.74,1032.48,1067.89,0.33,7.23,5.91,1.44
600016,民生银行,3.55,3.48,3.48,262175600.0,0.07,2.01,3.55,3.46,92074,0.74,5.30,2.59,1258.91,1554.28,0.27,3.83,3.13,1.78
600017,日照港,2.77,2.74,2.73,42182200.0,0.03,1.09,2.82,2.73,11742,1.37,19.43,3.28,85.20,85.20,0.61,3.01,2.47,2.16
600018,上港集团,5.13,5.02,5.01,68527000.0,0.11,2.19,5.14,5.01,34965,0.29,8.74,2.59,1192.56,1194.26,0.82,5.52,4.52,1.65
600019,宝钢股份,6.03,5.96,5.97,95524600.0,0.07,1.17,6.08,5.96,57652,0.44,12.96,2.01,1313.46,1313.46,0.63,6.56,5.36,1.17
600020,中原高速,4.01,3.89,3.89,19275500.0,0.12,3.08,4.02,3.89,7677,0.86,14.09,3.34,90.12,90.12,0.76,4.28,3.50,1.33
600021,上海电力,22.28,21.18,21.00,239255600.0,1.10,5.19,22.35,20.75,523532,8.48,25.09,7.55,628.57,628.57,3.02,23.30,19.06,1.48
600022,山东钢铁,1.34,1.32,1.32,95658000.0,0.02,1.52,1.35,1.32,12800,0.89,-653.02,2.27,143.36,143.36,0.76,1.45,1.19,1.35
600023,浙能电力,6.47,6.10,6.10,205421600.0,0.37,6.07,6.60,6.06,132358,1.53,11.72,8.85,867.55,867.55,1.12,6.71,5.49,2.03
600025,华能水电,9.90,9.62,9.59,59631600.0,0.28,2.91,9.92,9.58,58715,0.32,21.60,3.53,1844.48,1844.48,2.60,10.58,8.66,1.64
600026,中远海能,19.48,19.85,19.64,67040600.0,-0.37,-1.86,19.95,19.25,130857,1.75,19.35,3.53,744.53,1064.63,2.21,21.84,17.87,0.94
600027,华电国际,5.56,5.30,5.30,343914100.0,0.26,4.91,5.66,5.28,188746,3.73,10.99,7.17,512.39,645.61,1.29,5.83,4.77,2.67
600028,中国石化,4.85,4.81,4.80,330665800.0,0.04,0.83,4.86,4.78,159348,0.35,16.50,1.66,4595.50,5864.89,0.70,5.29,4.33,1.15
600029,南方航空,5.49,5.42,5.50,205801500.0,0.07,1.29,5.68,5.48,114807,1.53,32.25,3.69,739.89,994.84,2.68,5.96,4.88,1.46
600030,中信证券,26.05,25.35,25.53,328261100.0,0.70,2.76,26.75,25.53,861649,2.70,11.46,4.81,3171.99,3860.75,1.32,27.89,22.82,2.11
600031,三一重工,17.94,17.90,17.89,134199000.0,0.04,0.22,18.55,17.89,243533,1.58,19.59,3.69,1520.31,1649.58,1.82,19.69,16.11,1.43
600032,浙江新能,10.61,10.40,10.61,123893200.0,0.21,2.02,11.22,10.58,134173,5.15,56.65,6.15,255.14,255.14,1.99,11.44,9.36,1.65
600033,福建高速,3.62,3.51,3.51,43103100.0,0.11,3.13,3.64,3.51,15493,1.57,10.37,3.70,99.35,99.35,0.79,3.86,3.16,2.33
600035,楚天高速,3.85,3.77,3.76,14465700.0,0.08,2.12,3.86,3.76,5540,0.90,12.34,2.65,61.99,61.99,0.68,4.15,3.39,1.79
600036,招商银行,38.01,37.12,37.10,153138400.0,0.89,2.40,38.04,36.93,576964,0.74,6.36,2.99,7841.06,9586.06,0.85,40.83,33.41,1.89
600037,歌华有线,7.30,7.36,7.36,17168900.0,-0.06,-0.82,7.43,7.27,12609,1.23,150.43,2.17,101.60,101.60,0.80,8.10,6.62,0.86
600038,中直股份,27.40,27.84,27.95,8611500.0,-0.44,-1.58,28.00,27.38,23822,1.29,46.06,2.23,183.29,224.65,1.28,30.62,25.06,1.16
600039,四川路桥,8.76,8.75,8.80,38717400.0,0.01,0.11,8.88,8.67,34070,0.45,10.85,2.40,761.73,761.73,1.44,9.63,7.88,1.00
600048,保利发展,5.77,5.61,5.64,266939600.0,0.16,2.85,6.02,5.63,156252,2.23,-378.95,6.95,690.69,690.69,0.36,6.17,5.05,2.61
600050,中国联通,4.35,4.35,4.34,169855000.0,0.00,0.00,4.39,4.33,74043,0.55,15.71,1.38,1348.08,1360.00,0.80,4.79,3.92,0.72
600051,宁波联合,6.68,6.81,6.78,6498500.0,-0.13,-1.91,6.91,6.65,4409,2.09,27.39,3.82,20.77,20.77,0.61,7.49,6.13,1.09
600052,东望时代,4.23,4.40,4.36,18776100.0,-0.17,-3.86,4.40,4.20,8061,2.22,-7.43,4.55,35.71,35.71,1.65,4.84,3.96,0.81
600053,*ST九鼎,9.14,9.14,9.05,4272100.0,0.00,0.00,9.41,9.05,3961,0.99,-11.05,3.94,39.63,39.63,1.78,9.60,8.68,0.74
600054,黄山旅游,11.03,10.87,10.88,8839600.0,0.16,1.47,11.18,10.82,9776,1.72,27.72,3.31,56.62,80.45,1.67,11.96,9.78,1.50
600055,万东医疗,12.61,12.68,12.70,5714400.0,-0.07,-0.55,12.81,12.56,7231,0.81,-31.79,1.97,88.66,88.66,2.00,13.95,11.41,0.79
600056,中国医药,9.90,9.75,9.76,15951300.0,0.15,1.54,9.98,9.72,15750,1.07,30.67,2.67,148.04,148.09,1.23,10.73,8.78,1.22
600057,厦门象屿,6.36,6.22,6.27,22855400.0,0.14,2.25,6.39,6.20,14458,1.09,13.83,3.05,133.08,180.56,1.15,6.84,5.60,1.41
600058,五矿发展,10.02,10.30,10.28,8604800.0,-0.28,-2.72,10.30,9.98,8701,0.80,-346.36,3.11,107.41,107.41,2.22,11.33,9.27,0.80
600059,古越龙山,8.27,8.10,8.08,12705900.0,0.17,2.10,8.37,8.06,10487,1.39,33.46,3.83,75.38,75.38,1.28,8.91,7.29,1.69
600060,海信视像,25.82,26.09,26.10,14376000.0,-0.27,-1.03,26.97,25.60,37565,1.11,13.53,5.25,335.70,336.94,1.54,28.70,23.48,1.09
600061,国投资本,6.44,6.33,6.34,42814500.0,0.11,1.74,6.49,6.33,27534,0.67,12.24,2.53,411.77,411.77,0.75,6.96,5.70,1.07
600062,华润双鹤,16.74,16.50,16.50,7737900.0,0.24,1.45,16.86,16.45,12926,0.75,10.70,2.48,173.80,173.86,1.43,18.15,14.85,1.45
600063,皖维高新,7.00,6.95,7.65,267223700.0,0.05,0.72,7.65,6.92,197085,12.91,32.01,10.50,144.84,144.84,1.72,7.65,6.26,4.82
600064,南京高科,7.65,7.32,7.33,35485800.0,0.33,4.51,7.81,7.33,26917,2.05,7.50,6.56,132.37,132.37,0.67,8.05,6.59,2.64
600065,*ST联谊,1.70,1.70,0.00,0.0,0.00,0.00,0.00,0.00,0,0.00,4.73,0.00,1.58,4.05,9.95,-1,-1,0.00
600066,宇通客车,32.30,32.13,32.11,14535000.0,0.17,0.53,32.83,31.88,47257,0.66,13.10,2.96,715.10,715.10,6.06,35.34,28.92,1.17
600067,冠城新材,3.04,3.11,3.11,25792000.0,-0.07,-2.25,3.15,3.00,7961,1.85,219.30,4.82,42.31,42.31,0.76,3.42,2.80,1.25
600068,葛洲坝,9.93,9.93,0.00,0.0,0.00,0.00,0.00,0.00,0,0.00,132.34,0.00,457.25,457.25,0.74,-1,-1,0.00
600069,退市银鸽,0.28,0.28,0.00,0.0,0.00,0.00,0.00,0.00,0,0.00,-3.01,0.00,4.55,4.55,0.36,-1,-1,0.00
600070,*ST富润,0.42,0.42,0.00,0.0,0.00,0.00,0.00,0.00,0,0.00,-3.90,0.00,2.13,2.13,0.72,-1,-1,0.00
600071,凤凰光学,17.65,18.28,18.20,5468700.0,-0.63,-3.45,18.34,17.57,9759,1.94,182.74,4.21,49.70,49.70,9.76,20.11,16.45,1.45
600072,中船科技,11.25,11.66,11.67,28558200.0,-0.41,-3.52,11.67,11.20,32507,2.64,-5.16,4.03,121.88,168.82,2.22,12.83,10.49,0.98
600073,光明肉业,5.28,5.17,5.17,8945200.0,0.11,2.13,5.33,5.16,4712,0.95,-19.92,3.29,49.51,49.51,1.06,5.69,4.65,1.36
600074,退市保千,0.17,0.17,0.00,0.0,0.00,0.00,0.00,0.00,0,0.00,-1.39,0.00,1.74,4.14,-0.07,-1,-1,0.00
600075,新疆天业,5.04,5.15,5.16,18035200.0,-0.11,-2.14,5.16,5.02,9160,1.06,-86.99,2.72,86.07,86.07,0.97,5.67,4.64,0.81
600076,康欣新材,3.51,3.68,3.68,33056000.0,-0.17,-4.62,3.70,3.47,11754,2.46,-12.07,6.25,47.19,47.19,1.33,4.05,3.31,0.58
600077,*ST宋都,0.41,0.41,0.00,0.0,0.00,0.00,0.00,0.00,0,0.00,-0.85,0.00,5.49,5.49,0.77,-1,-1,0.00
600078,澄星股份,12.25,12.60,12.60,26182800.0,-0.35,-2.78,12.88,12.18,32831,3.95,115.19,5.56,81.17,82.91,4.87,13.86,11.34,0.63
600079,ST人福,17.50,17.38,17.33,12955700.0,0.12,0.69,17.70,17.30,22614,0.84,15.01,2.30,270.06,285.64,1.47,18.25,16.51,1.18
600080,ST金花,5.50,5.34,5.36,11423600.0,0.16,3.00,5.61,5.34,6358,3.06,112.37,5.06,20.53,20.53,1.29,5.61,5.07,2.14
600081,东风科技,10.67,10.99,10.95,5954200.0,-0.32,-2.91,11.16,10.60,6446,1.08,258.20,5.10,59.01,59.01,1.28,12.09,9.89,0.90
600082,ST海泰,3.37,3.54,3.55,18365300.0,-0.17,-4.80,3.57,3.36,6370,2.90,-29.91,5.93,21.38,21.77,1.29,3.72,3.36,1.42
600083,*ST博信,0.92,0.92,0.00,0.0,0.00,0.00,0.00,0.00,0,0.00,-1.57,0.00,2.10,2.12,-5.83,-1,-1,0.00
600084,*ST尼雅,4.84,4.97,5.02,4457900.0,-0.13,-2.62,5.02,4.82,2168,0.40,-241.81,4.02,54.39,54.39,4.27,5.22,4.72,1.03
600085,同仁堂,25.65,24.88,24.80,16764000.0,0.77,3.09,26.37,24.80,43240,1.22,32.62,6.31,351.78,351.78,2.50,27.37,22.39,2.50
600086,退市金钰,0.16,0.16,0.00,0.0,0.00,0.00,0.00,0.00,0,0.00,-0.11,0.00,1.69,2.16,-0.67,-1,-1,0.00
600087,退市长油,0.83,0.83,0.00,0.0,0.00,0.00,0.00,0.00,0,0.00,2.66,0.00,38.85,38.85,0.33,-1,-1,0.00
600088,中视传媒,15.53,15.34,15.40,13106600.0,0.19,1.24,15.93,15.28,20271,3.30,-750.82,4.24,61.76,61.76,4.92,16.87,13.81,0.84
600089,特变电工,25.35,25.91,25.92,125437600.0,-0.56,-2.16,26.00,25.23,319761,2.48,20.76,2.97,1280.88,1280.88,1.78,28.50,23.32,1.07
600090,退市济堂,0.27,0.27,0.00,0.0,0.00,0.00,0.00,0.00,0,0.00,-0.16,0.00,3.89,3.89,0.10,-1,-1,0.00
600091,退市明科,0.76,0.76,0.00,0.0,0.00,0.00,0.00,0.00,0,0.00,-6.15,0.00,3.32,3.32,0.40,-1,-1,0.00
600092,S*ST精密,0.96,0.96,0.00,0.0,0.00,0.00,0.00,0.00,0,0.00,-0.38,0.00,1.28,2.51,-0.49,-1,-1,0.00
600093,退市易见,0.50,0.50,0.00,0.0,0.00,0.00,0.00,0.00,0,0.00,-0.86,0.00,5.61,5.61,-0.11,-1,-1,0.00
600094,大名城,4.38,4.44,4.44,19606400.0,-0.06,-1.35,4.53,4.34,8675,0.92,70.58,4.28,93.13,101.83,0.99,4.88,4.00,1.00
600095,湘财股份,8.48,8.49,8.49,27657900.0,-0.01,-0.12,8.72,8.45,23743,0.97,55.22,3.18,242.46,242.46,1.97,9.34,7.64,0.91
600096,云天化,30.64,30.96,30.92,34020000.0,-0.32,-1.03,31.22,30.44,104913,1.87,10.56,2.52,558.56,558.56,2.34,34.06,27.86,0.88
600097,开创国际,9.09,9.14,9.08,3294200.0,-0.05,-0.55,9.22,9.02,3000,1.37,84.87,2.19,21.90,21.90,0.98,10.05,8.23,1.05
600098,广州发展,8.00,7.83,7.84,79053100.0,0.17,2.17,8.13,7.78,63394,2.25,11.67,4.47,280.47,280.47,1.01,8.61,7.05,1.72
600099,林海股份,9.68,9.98,10.00,4839300.0,-0.30,-3.01,10.06,9.61,4743,2.21,84.10,4.51,21.21,21.21,3.85,10.98,8.98,1.04
600100,同方股份,7.99,8.18,8.20,47705700.0,-0.19,-2.32,8.38,7.95,38588,1.42,80.75,5.26,267.69,267.69,1.69,9.00,7.36,1.18
600101,明星电力,10.35,10.09,10.03,50398300.0,0.26,2.58,10.45,9.98,51931,9.20,30.77,4.66,56.70,56.70,1.80,11.10,9.08,2.20
600102,莱钢股份,7.13,7.13,0.00,0.0,0.00,0.00,0.00,0.00,0,0.00,19.68,0.00,65.76,65.76,1.06,-1,-1,0.00
600103,青山纸业,3.71,3.86,3.86,79427700.0,-0.15,-3.89,3.87,3.68,29943,3.59,212.29,4.92,82.08,83.13,2.10,4.25,3.47,0.82
600104,上汽集团,12.32,12.04,12.05,51141100.0,0.28,2.33,12.32,11.99,62305,0.44,14.01,2.74,1416.22,1416.22,0.47,13.24,10.84,1.43
600105,永鼎股份,47.81,48.53,48.80,188051200.0,-0.72,-1.48,50.47,46.42,910476,12.86,680.66,8.35,698.98,698.98,21.07,53.38,43.68,1.29
600106,重庆路桥,5.34,5.39,5.42,18339600.0,-0.05,-0.93,5.50,5.28,9876,1.38,83.35,4.08,70.97,70.97,1.33,5.93,4.85,1.24
600107,*ST尔雅,6.12,6.31,6.08,3866700.0,-0.19,-3.01,6.31,6.08,2379,1.07,-28.58,3.65,22.03,22.03,5.43,6.63,5.99,1.11
600108,亚盛集团,3.47,3.54,3.53,62519400.0,-0.07,-1.98,3.58,3.44,21965,3.21,126.71,3.95,67.56,67.56,1.56,3.89,3.19,1.00
600109,国金证券,8.67,8.55,8.56,63981500.0,0.12,1.40,8.83,8.55,55666,1.73,13.46,3.27,321.26,321.26,0.89,9.41,7.70,2.26
600110,诺德股份,12.66,11.51,11.70,277103800.0,1.15,9.99,12.66,11.51,343862,15.97,-99.52,9.99,219.67,219.67,3.90,12.66,10.36,1.53
600111,北方稀土,48.62,50.98,50.34,109266300.0,-2.36,-4.63,50.51,48.30,536884,3.02,64.19,4.34,1757.65,1757.65,6.87,56.08,45.88,1.03
600112,*ST天成,0.73,0.73,0.00,0.0,0.00,0.00,0.00,0.00,0,0.00,-3.06,0.00,3.72,3.72,-1.80,-1,-1,0.00
600113,浙江东日,37.77,37.50,37.69,6668900.0,0.27,0.72,38.50,37.31,25196,1.62,113.18,3.17,155.40,159.08,6.35,41.25,33.75,0.98
600114,东睦股份,36.62,39.55,39.55,41425800.0,-2.93,-7.41,39.78,36.37,156451,6.72,42.04,8.62,225.72,231.21,6.85,43.51,35.60,1.06
600115,中国东航,4.39,4.28,4.36,303891100.0,0.11,2.57,4.54,4.35,135431,1.78,97.45,4.44,747.40,969.65,6.88,4.71,3.85,1.19
600116,三峡水利,6.92,6.77,6.77,59460800.0,0.15,2.22,6.98,6.74,41056,3.11,28.00,3.55,132.32,132.32,1.17,7.45,6.09,1.98
600117,西宁特钢,2.35,2.32,2.31,22090400.0,0.03,1.29,2.40,2.31,5234,0.68,-7.62,3.88,76.50,76.50,2.22,2.55,2.09,1.52
600118,中国卫星,76.93,81.97,81.88,46888100.0,-5.04,-6.15,82.00,76.27,367987,3.97,5358.70,6.99,909.69,909.69,14.38,90.17,73.77,1.12
600119,*ST长投,5.68,5.77,5.74,5214400.0,-0.09,-1.56,5.94,5.60,3018,1.43,-48.36,5.89,20.75,20.75,27.95,6.06,5.48,1.33
600120,浙江东方,4.82,4.87,4.88,33350800.0,-0.05,-1.03,4.92,4.81,16232,0.98,17.78,2.26,164.62,164.62,1.00,5.36,4.38,0.69
600121,郑州煤电,4.27,4.15,4.12,85974800.0,0.12,2.89,4.32,4.10,36507,7.06,-4.90,5.30,52.03,52.03,7.07,4.57,3.74,1.23
600122,*ST宏图,0.38,0.38,0.00,0.0,0.00,0.00,0.00,0.00,0,0.00,4.08,0.00,4.40,4.40,-0.16,-1,-1,0.00
600123,兰花科创,6.85,6.59,6.61,47451700.0,0.26,3.95,6.95,6.61,32286,3.22,-16.80,5.16,100.92,100.92,0.67,7.25,5.93,1.67
600125,铁龙物流,5.68,5.62,5.62,16087000.0,0.06,1.07,5.73,5.60,9154,1.23,13.76,2.31,74.15,74.15,0.95,6.18,5.06,1.22
600126,杭钢股份,7.85,8.02,7.93,58015300.0,-0.17,-2.12,7.98,7.80,45650,1.72,385.66,2.24,265.11,265.11,1.36,8.82,7.22,0.88
600127,金健米业,6.00,5.96,5.95,13111300.0,0.04,0.67,6.08,5.94,7899,2.04,-738.35,2.35,38.51,38.51,5.74,6.56,5.36,0.97
600128,苏豪弘业,8.98,9.10,9.09,3216300.0,-0.12,-1.32,9.20,8.90,2918,1.30,38.95,3.30,22.16,22.60,1.05,10.01,8.19,0.84
600129,太极集团,14.33,13.95,13.90,8412200.0,0.38,2.72,14.43,13.90,11966,1.53,70.78,3.80,79.02,79.02,2.21,15.35,12.56,1.37
600130,波导股份,4.93,5.10,5.12,38071500.0,-0.17,-3.33,5.16,4.89,19071,5.08,645.28,5.29,36.98,36.98,4.07,5.61,4.59,0.65
600131,国网信通,17.49,17.44,17.47,17523300.0,0.05,0.29,18.14,17.46,31084,1.47,31.95,3.90,209.16,209.59,3.23,19.18,15.70,1.26
600132,重庆啤酒,52.92,50.01,49.80,8946500.0,2.91,5.82,53.05,49.52,46415,1.85,21.42,7.06,256.12,256.12,14.01,55.01,45.01,2.19
600133,东湖高新,8.50,8.51,8.51,17782400.0,-0.01,-0.12,8.59,8.42,15109,1.67,32.70,2.00,90.63,90.63,1.00,9.36,7.66,0.65
600135,乐凯胶片,9.15,9.72,9.65,17726400.0,-0.57,-5.86,9.72,9.07,16500,3.20,-53.94,6.69,50.63,50.63,2.15,10.69,8.75,0.94
600136,ST明诚,1.62,1.59,1.59,21745300.0,0.03,1.89,1.66,1.58,3535,1.12,-143.21,5.03,31.48,33.06,14.61,1.67,1.51,1.43
600137,浪莎股份,20.09,20.72,20.70,1786300.0,-0.63,-3.04,20.85,19.97,3632,1.84,63.34,4.25,19.53,19.53,3.47,22.79,18.65,0.81
600138,中青旅,7.82,7.69,7.68,12736300.0,0.13,1.69,7.93,7.67,9968,1.76,70.48,3.38,56.60,56.60,0.90,8.46,6.92,1.19
600139,*ST西源,0.74,0.74,0.00,0.0,0.00,0.00,0.00,0.00,0,0.00,-3.75,0.00,4.90,4.90,-0.82,-1,-1,0.00
600141,兴发集团,31.26,32.62,32.51,21276800.0,-1.36,-4.17,32.66,31.02,67531,1.77,26.12,5.03,375.66,375.66,1.50,35.88,29.36,0.67
600143,金发科技,16.91,17.72,17.50,98672400.0,-0.81,-4.57,17.59,16.55,167255,3.74,37.41,5.87,445.55,452.05,2.29,19.49,15.95,0.92
600145,退市新亿,0.34,0.34,0.00,0.0,0.00,0.00,0.00,0.00,0,0.00,-4.00,0.00,5.07,5.07,0.93,-1,-1,0.00
600146,退市环球,0.22,0.22,0.00,0.0,0.00,0.00,0.00,0.00,0,0.00,-0.29,0.00,1.03,1.03,0.27,-1,-1,0.00
600148,长春一东,16.91,17.56,17.66,2155600.0,-0.65,-3.70,17.84,16.80,3705,1.52,145.02,5.92,23.93,23.93,4.97,19.32,15.80,1.03
600149,廊坊发展,5.78,5.75,5.70,28306200.0,0.03,0.52,6.08,5.70,16599,7.45,136.57,6.61,21.97,21.97,8.61,6.33,5.18,1.49
600150,中国船舶,37.38,38.18,38.00,81083000.0,-0.80,-2.10,38.46,37.12,305168,1.08,24.88,3.51,2813.08,2813.08,1.88,42.00,34.36,0.83
600151,航天机电,13.77,15.05,15.05,110675600.0,-1.28,-8.50,15.11,13.72,158390,7.72,-43.84,9.24,197.50,197.50,4.48,16.56,13.55,1.38
600152,维科技术,11.40,11.77,11.77,32164900.0,-0.37,-3.14,11.80,11.34,37132,6.08,-57.23,3.91,60.32,60.32,3.68,12.95,10.59,0.72
600153,建发股份,9.69,9.31,9.31,29123000.0,0.38,4.08,9.87,9.26,28088,1.00,-2.63,6.55,280.97,280.97,0.65,10.24,8.38,1.32
600155,华创云信,5.69,5.63,5.62,24427200.0,0.06,1.07,5.73,5.61,13882,1.10,49.84,2.13,125.95,125.95,0.63,6.19,5.07,0.92
600156,华升股份,10.25,10.16,10.28,44440900.0,0.09,0.89,10.80,10.14,46422,11.05,-144.60,6.50,41.22,41.22,11.28,11.18,9.14,0.71
600157,永泰能源,1.82,1.77,1.76,1462421400.0,0.05,2.82,1.85,1.76,265891,6.70,180.99,5.08,397.08,397.08,0.85,1.95,1.59,2.07
600158,中体产业,11.28,11.60,11.47,103855100.0,-0.32,-2.76,11.73,11.19,118653,10.82,-56.44,4.66,108.23,108.23,4.51,12.76,10.44,0.90
600159,大龙地产,2.77,2.81,2.82,39163200.0,-0.04,-1.42,2.91,2.75,11085,4.72,-8.56,5.69,22.99,22.99,1.58,3.09,2.53,1.34
600160,巨化股份,33.02,34.57,34.57,38994400.0,-1.55,-4.48,34.64,33.02,131329,1.44,21.47,4.69,891.46,891.46,4.12,38.03,31.11,0.58
600161,天坛生物,13.55,13.07,13.08,20259700.0,0.48,3.67,13.74,13.08,27422,1.02,27.55,5.05,267.93,267.93,2.26,14.38,11.76,2.41
600162,香江控股,2.79,2.54,2.72,114851100.0,0.25,9.84,2.79,2.60,31588,3.51,-104.06,7.48,91.19,91.19,1.59,2.79,2.29,0.95
600163,中闽能源,6.92,6.95,6.86,106908400.0,-0.03,-0.43,7.13,6.83,74823,5.62,28.22,4.32,131.69,131.69,1.80,7.65,6.26,1.76
600165,ST宁科,3.03,3.02,3.01,5339500.0,0.01,0.33,3.11,3.01,1629,0.73,-54.03,3.31,22.21,48.96,4.28,3.17,2.87,1.08
600166,福田汽车,2.93,2.98,2.99,129608600.0,-0.05,-1.68,3.00,2.91,38321,1.64,16.23,3.02,231.98,231.98,1.44,3.28,2.68,1.13
600167,联美控股,6.80,6.67,6.62,15148700.0,0.13,1.95,6.83,6.62,10246,0.67,25.62,3.15,153.87,153.87,1.29,7.34,6.00,1.37
600168,武汉控股,4.87,4.74,4.76,13836100.0,0.13,2.74,5.00,4.72,6781,1.39,46.99,5.91,48.38,48.38,0.89,5.21,4.27,1.93
600169,ST太重,2.30,2.21,2.21,31180300.0,0.09,4.07,2.32,2.21,7142,0.94,31.75,4.98,76.66,76.98,1.48,2.32,2.10,2.51
600170,上海建工,2.52,2.48,2.49,189670100.0,0.04,1.61,2.64,2.48,48560,2.13,15.80,6.45,223.93,223.93,0.72,2.73,2.23,1.85
600171,上海贝岭,28.94,31.12,31.15,41848100.0,-2.18,-7.01,31.28,28.80,124052,5.90,93.15,7.97,205.16,205.16,4.51,34.23,28.01,1.19
600172,黄河旋风,14.08,14.60,16.00,415850200.0,-0.52,-3.56,16.06,13.93,627656,32.58,-23.10,14.59,179.70,203.06,43.80,16.06,13.14,1.95
600173,卧龙新能,6.98,7.28,7.28,30010700.0,-0.30,-4.12,7.44,6.91,21306,4.28,-23.27,7.28,48.89,48.90,1.37,8.01,6.55,1.26
600175,退市美都,0.21,0.21,0.00,0.0,0.00,0.00,0.00,0.00,0,0.00,-2.32,0.00,7.51,7.51,0.08,-1,-1,0.00
600176,中国巨石,42.10,43.48,43.48,167578500.0,-1.38,-3.17,43.98,42.01,717707,4.19,44.09,4.53,1685.32,1685.32,5.34,47.83,39.13,1.01
600177,雅戈尔,7.46,7.40,7.40,25032800.0,0.06,0.81,7.52,7.40,18663,0.56,13.44,1.62,335.96,344.91,0.81,8.14,6.66,1.36
600178,东安动力,8.93,9.05,9.00,3805900.0,-0.12,-1.33,9.09,8.88,3415,0.82,-374.84,2.32,41.66,41.66,1.64,9.96,8.15,0.85
600179,安通控股,4.38,4.47,4.46,40764900.0,-0.09,-2.01,4.49,4.34,17875,1.06,16.87,3.36,169.17,185.34,1.53,4.92,4.02,0.92
600180,*ST瑞茂,1.34,1.34,1.41,84900400.0,0.00,0.00,1.41,1.30,11659,7.81,-0.42,8.21,14.56,14.56,0.34,1.41,1.27,2.34
600181,S*ST云大,1.02,1.02,0.00,0.0,0.00,0.00,0.00,0.00,0,0.00,-3.73,0.00,1.71,3.55,-1.53,-1,-1,0.00
600182,S佳通,13.51,13.69,13.77,1599900.0,-0.18,-1.31,13.77,13.38,2168,0.94,20.80,2.85,22.97,45.93,3.98,14.37,13.01,0.67
600183,生益科技,140.62,135.64,135.64,100840500.0,4.98,3.67,145.55,133.88,1418571,4.21,86.95,8.60,3367.15,3415.83,19.05,149.20,122.08,1.15
600184,光电股份,26.88,25.45,25.50,60245100.0,1.43,5.62,28.00,25.44,165567,10.34,305.67,10.06,156.64,156.64,4.58,28.00,22.91,1.88
600185,珠免集团,5.46,5.37,5.37,36441000.0,0.09,1.68,5.63,5.36,20100,1.93,-11.44,5.03,102.92,102.92,119.21,5.91,4.83,1.66
600186,莲花控股,10.15,10.95,10.80,254578600.0,-0.80,-7.31,11.03,10.02,265796,14.30,51.75,9.22,180.70,181.97,9.64,12.05,9.86,0.86
600187,*ST国中,1.33,1.27,1.32,19447200.0,0.06,4.72,1.33,1.31,2579,1.21,-10.93,1.57,21.46,21.46,0.72,1.33,1.21,0.42
600188,兖矿能源,21.80,21.50,21.30,55131900.0,0.30,1.40,22.14,21.20,120442,0.92,21.49,4.37,1299.57,2188.03,2.86,23.65,19.35,1.06
600189,泉阳泉,8.14,8.12,8.10,13528200.0,0.02,0.25,8.25,8.03,10997,1.89,290.91,2.71,58.22,58.22,4.71,8.93,7.31,1.55
600190,退市锦港,0.63,0.63,0.00,0.0,0.00,0.00,0.00,0.00,0,0.00,-22.51,0.00,11.21,12.61,-9.07,-1,-1,0.00
600191,华资实业,10.68,10.95,10.88,4436400.0,-0.27,-2.47,10.94,10.61,4763,0.91,75.37,3.01,51.79,51.79,3.02,12.05,9.86,0.51
600192,长城电工,7.43,7.66,7.67,6109600.0,-0.23,-3.00,7.68,7.39,4588,1.38,-8.99,3.79,32.82,32.82,4.32,8.43,6.89,0.82
600193,*ST创兴,2.17,2.17,0.00,0.0,0.00,0.00,0.00,0.00,0,0.00,-35.96,0.00,9.23,9.23,14.02,2.28,2.06,0.00
600195,中牧股份,6.60,6.55,6.53,6524900.0,0.05,0.76,6.65,6.53,4311,0.64,51.26,1.83,67.40,67.40,1.18,7.21,5.90,0.96
600196,复星医药,23.25,22.75,22.77,26166500.0,0.50,2.20,23.60,22.77,60732,1.24,17.86,3.65,492.55,620.87,1.26,25.03,20.48,1.50
600197,伊力特,13.08,12.75,12.79,15069100.0,0.33,2.59,13.20,12.55,19529,3.18,34.95,5.10,61.89,61.89,1.55,14.03,11.48,1.28
600198,大唐电信,8.00,8.37,8.37,32106900.0,-0.37,-4.42,8.38,7.95,26017,2.47,-213.56,5.14,104.16,104.29,54.19,9.21,7.53,0.96
600199,金种子酒,8.55,8.39,8.24,34874100.0,0.16,1.91,8.80,8.21,29895,5.30,-32.16,7.03,56.24,56.24,2.89,9.23,7.55,0.84
600200,退市苏吴,0.29,0.29,0.00,0.0,0.00,0.00,0.00,0.00,0,0.00,-0.96,0.00,2.06,2.06,0.12,-1,-1,0.00
600201,生物股份,11.67,12.11,12.11,31499500.0,-0.44,-3.63,12.23,11.63,37221,2.83,124.42,4.95,129.74,129.74,2.38,13.32,10.90,1.25
600202,哈空调,5.43,5.64,5.70,13342500.0,-0.21,-3.72,5.78,5.39,7432,3.48,-154.89,6.91,20.82,20.82,2.57,6.20,5.08,1.02
600203,福日电子,12.82,13.71,13.61,50848300.0,-0.89,-6.49,13.61,12.75,66501,8.57,199.01,6.27,76.02,76.02,4.61,15.08,12.34,0.80
600205,S山东铝,25.41,25.41,0.00,0.0,0.00,0.00,0.00,0.00,0,0.00,16.42,0.00,48.79,170.76,4.22,-1,-1,0.00
600206,有研新材,28.50,30.94,31.00,101657500.0,-2.44,-7.89,31.60,28.26,300407,12.01,84.45,10.80,241.27,241.27,5.55,34.03,27.85,1.41
600207,安彩高科,7.53,8.08,7.87,92407700.0,-0.55,-6.81,8.19,7.48,71764,8.48,-10.68,8.79,82.03,82.03,4.37,8.89,7.27,0.90
600208,衢州发展,2.96,2.98,3.04,242765400.0,-0.02,-0.67,3.12,2.95,73361,2.85,166.10,5.70,251.84,251.86,0.60,3.28,2.68,1.02
600209,退市罗顿,1.18,1.18,0.00,0.0,0.00,0.00,0.00,0.00,0,0.00,-9.00,0.00,5.18,5.18,1.60,-1,-1,0.00
600210,紫江企业,6.65,6.59,6.62,14766300.0,0.06,0.91,6.69,6.58,9806,0.97,9.28,1.67,100.86,100.86,1.46,7.25,5.93,1.14
600211,西藏药业,38.54,37.77,37.78,3051500.0,0.77,2.04,38.74,37.48,11672,0.95,12.84,3.34,124.22,124.22,3.43,41.55,33.99,1.07
600212,绿能慧充,6.24,6.47,6.59,11522000.0,-0.23,-3.55,6.64,6.23,7363,2.17,2045.66,6.34,33.15,43.94,7.61,7.12,5.82,0.89
600213,*ST亚星,6.36,6.36,0.00,0.0,0.00,0.00,0.00,0.00,0,0.00,-6.02,0.00,18.19,18.19,-9.30,-1,-1,0.00
600215,派斯林,6.37,6.64,6.58,10709400.0,-0.27,-4.07,6.72,6.33,6920,2.34,-8.15,5.87,29.10,29.10,1.19,7.30,5.98,0.93
600216,浙江医药,12.76,12.58,12.66,14078500.0,0.18,1.43,12.89,12.54,17924,1.48,16.33,2.78,121.40,122.70,1.09,13.84,11.32,1.06
600217,中再资环,3.42,3.39,3.38,13044600.0,0.03,0.88,3.42,3.37,4428,0.79,-9.32,1.47,56.69,56.69,1.99,3.73,3.05,0.80
600218,全柴动力,8.32,8.53,8.50,4965900.0,-0.21,-2.46,8.59,8.28,4175,1.14,55.08,3.63,36.24,36.24,1.11,9.38,7.68,0.77
600219,南山铝业,5.20,5.18,5.22,306961200.0,0.02,0.39,5.43,5.18,162878,2.67,14.45,4.83,597.15,597.15,1.21,5.70,4.66,0.89
600220,ST阳光,0.37,0.37,0.00,0.0,0.00,0.00,0.00,0.00,0,0.00,-0.95,0.00,6.60,6.60,0.34,-1,-1,0.00
600221,海航控股,1.47,1.47,1.46,396390600.0,0.00,0.00,1.50,1.46,58820,0.93,18.51,2.72,629.83,635.27,9.14,1.62,1.32,1.16
600222,太龙药业,7.79,7.94,8.06,37040900.0,-0.15,-1.89,8.22,7.76,29497,6.45,73.21,5.79,44.71,44.71,2.78,8.73,7.15,1.51
600223,福瑞达,6.05,5.95,5.96,8454500.0,0.10,1.68,6.09,5.95,5102,0.83,36.41,2.35,61.50,61.50,1.44,6.55,5.36,1.47
600225,退市卓朗,0.29,0.29,0.00,0.0,0.00,0.00,0.00,0.00,0,0.00,-1.37,0.00,9.89,9.89,0.57,-1,-1,0.00
600226,亨通股份,6.39,6.65,6.73,140795300.0,-0.26,-3.91,6.85,6.34,91600,4.73,93.79,7.67,190.06,190.06,5.13,7.32,5.99,0.78
600227,赤天化,3.01,3.10,3.09,56510700.0,-0.09,-2.90,3.10,2.99,17214,4.42,-19.68,3.55,38.46,50.83,2.27,3.41,2.79,0.97
600228,*ST返利,6.12,6.32,6.36,5967200.0,-0.20,-3.16,6.40,6.06,3705,1.43,-40.24,5.38,25.46,25.50,6.68,6.64,6.00,1.16
600229,城市传媒,5.61,5.59,5.65,4529500.0,0.02,0.36,5.73,5.57,2556,0.69,-8.55,2.86,37.07,37.07,1.34,6.15,5.03,1.03
600230,沧州大化,14.69,15.13,15.05,7805000.0,-0.44,-2.91,15.11,14.62,11612,1.89,75.48,3.24,60.81,60.81,1.50,16.64,13.62,0.73
600231,凌钢股份,2.02,2.01,2.01,10988000.0,0.01,0.50,2.07,2.00,2237,0.39,-3.25,3.48,57.29,58.02,1.63,2.21,1.81,1.25
600232,金鹰股份,7.59,7.74,7.73,8646700.0,-0.15,-1.94,8.26,7.56,6703,2.37,75.57,9.04,27.68,27.68,2.88,8.51,6.97,1.06
600233,圆通速递,18.75,18.59,18.54,23771900.0,0.16,0.86,19.06,18.52,44880,0.69,13.25,2.90,641.76,641.76,1.77,20.45,16.73,1.20
600234,科新发展,26.12,26.30,26.56,5497000.0,-0.18,-0.68,26.58,25.42,14278,2.09,-335.97,4.41,68.57,68.57,15.23,28.93,23.67,0.61
600235,民丰特纸,5.98,6.15,6.12,6512700.0,-0.17,-2.76,6.17,5.88,3918,1.85,210.95,4.72,21.01,21.01,1.40,6.77,5.54,1.00
600236,桂冠电力,11.64,11.46,11.25,42810400.0,0.18,1.57,11.89,11.15,49569,0.54,25.52,6.46,917.51,917.51,4.80,12.61,10.31,1.36
600237,铜峰电子,10.60,10.92,10.90,113202000.0,-0.32,-2.93,11.11,10.52,122145,18.12,57.00,5.40,66.21,66.83,3.34,12.01,9.83,1.49
600238,*ST椰岛,4.95,5.05,5.01,5589800.0,-0.10,-1.98,5.15,4.93,2808,1.26,-103.44,4.36,22.04,22.19,28.45,5.30,4.80,1.11
600239,ST云城,1.52,1.48,1.53,53765400.0,0.04,2.70,1.55,1.51,8291,3.35,-8.99,2.70,24.41,24.41,2.42,1.55,1.41,2.52
600240,退市华业,0.41,0.41,0.00,0.0,0.00,0.00,0.00,0.00,0,0.00,-0.48,0.00,5.84,5.84,-0.12,-1,-1,0.00
600241,时代万恒,7.75,8.16,8.14,5323500.0,-0.41,-5.02,8.23,7.73,4209,1.81,-15.47,6.13,22.81,22.81,2.23,8.98,7.34,0.69
600242,退市中昌,0.25,0.25,0.00,0.0,0.00,0.00,0.00,0.00,0,0.00,-0.20,0.00,1.13,1.14,-0.45,-1,-1,0.00
600243,*ST海华,3.72,3.55,3.56,13020900.0,0.17,4.79,3.73,3.45,4705,2.97,-18.53,7.89,16.33,16.33,2.96,3.73,3.37,1.02
600246,万通发展,16.17,16.81,17.47,232388600.0,-0.64,-3.81,17.70,16.01,387774,12.29,-42.93,10.05,305.68,314.18,6.88,18.49,15.13,0.93
600247,*ST成城,0.65,0.65,0.00,0.0,0.00,0.00,0.00,0.00,0,0.00,-2.49,0.00,2.19,2.19,-1.98,-1,-1,0.00
600248,陕建股份,3.28,3.22,3.25,18450600.0,0.06,1.86,3.30,3.24,6045,0.50,-897.02,1.86,121.55,122.66,0.44,3.54,2.90,1.36
600249,两面针,5.34,5.35,5.33,9051600.0,-0.01,-0.19,5.43,5.32,4866,1.65,-205.94,2.06,29.37,29.37,1.37,5.89,4.82,0.95
600250,南京商旅,9.29,9.17,9.17,11766200.0,0.12,1.31,9.49,9.15,11008,3.76,292.24,3.71,29.06,29.06,4.65,10.09,8.25,1.65
600251,冠农股份,9.89,9.96,9.96,10738700.0,-0.07,-0.70,10.11,9.82,10702,1.38,16.90,2.91,76.84,76.84,1.90,10.96,8.96,0.98
600252,中恒集团,2.22,2.19,2.19,38266300.0,0.03,1.37,2.24,2.19,8514,1.20,-17.32,2.28,70.69,70.69,1.34,2.41,1.97,1.38
600253,天方药业,6.26,6.26,0.00,0.0,0.00,0.00,0.00,0.00,0,0.00,58.21,0.00,26.25,26.29,2.95,-1,-1,0.00
600255,鑫科材料,3.54,3.74,3.74,96634200.0,-0.20,-5.35,3.82,3.51,35274,5.35,166.42,8.29,63.94,63.94,4.33,4.11,3.37,1.00
600256,广汇能源,6.31,6.37,6.32,132162600.0,-0.06,-0.94,6.38,6.26,83463,2.07,45.40,1.88,403.34,403.34,1.65,7.01,5.73,0.83
600257,大湖股份,5.51,5.43,5.45,21823700.0,0.08,1.47,5.70,5.38,12072,4.53,476.25,5.89,26.52,26.52,3.32,5.97,4.89,1.81
600258,首旅酒店,13.20,12.85,12.87,25833300.0,0.35,2.72,13.32,12.80,33805,2.31,17.60,4.05,147.39,147.39,1.20,14.14,11.57,1.74
600259,中稀有色,83.39,89.70,88.90,12341400.0,-6.31,-7.03,89.00,83.05,105223,3.67,111.69,6.63,280.55,280.55,7.77,98.67,80.73,1.04
600260,*ST凯乐,0.47,0.47,0.00,0.0,0.00,0.00,0.00,0.00,0,0.00,-0.19,0.00,4.68,4.68,-0.22,-1,-1,0.00
600261,阳光照明,3.28,3.31,3.32,12119900.0,-0.03,-0.91,3.34,3.27,4008,0.91,32.19,2.11,43.79,43.79,1.24,3.64,2.98,0.70
600262,北方股份,22.16,22.98,22.90,4207400.0,-0.82,-3.57,23.06,22.10,9438,2.47,16.58,4.18,37.67,37.67,2.01,25.28,20.68,0.92
600263,路桥建设,16.43,16.43,0.00,0.0,0.00,0.00,0.00,0.00,0,0.00,33.44,0.00,67.06,67.06,3.12,-1,-1,0.00
600265,*ST景谷,24.45,23.29,24.45,1244700.0,1.16,4.98,24.45,24.45,3043,0.96,-13.78,0.00,31.74,31.74,14.99,24.45,22.13,2.39
600266,城建发展,4.80,4.76,4.88,71188700.0,0.04,0.84,5.10,4.78,35132,3.43,-34.08,6.72,99.64,99.64,0.55,5.24,4.28,1.88
600267,海正药业,10.25,10.14,10.20,13664800.0,0.11,1.08,10.33,10.11,13942,1.14,17.50,2.17,122.87,122.87,1.37,11.15,9.13,1.04
600268,国电南自,13.67,13.71,13.71,24016600.0,-0.04,-0.29,13.98,13.35,32893,2.38,28.21,4.60,138.18,138.87,3.67,15.08,12.34,1.22
600269,赣粤高速,4.35,4.22,4.22,21118500.0,0.13,3.08,4.35,4.22,9109,0.90,9.02,3.08,101.59,101.59,0.51,4.64,3.80,2.19
600270,外运发展,20.99,20.99,0.00,0.0,0.00,0.00,0.00,0.00,0,0.00,14.81,0.00,190.06,190.06,2.25,-1,-1,0.00
600271,航天信息,7.38,7.62,7.62,18273600.0,-0.24,-3.15,7.68,7.35,13660,0.99,-19.73,4.33,136.74,136.74,1.05,8.38,6.86,1.19
600272,开开实业,11.35,11.26,11.28,2421600.0,0.09,0.80,11.44,11.20,2751,1.51,129.57,2.13,18.16,29.81,3.75,12.39,10.13,1.04
600273,嘉化能源,7.30,7.29,7.30,15078200.0,0.01,0.14,7.39,7.27,11046,1.15,11.74,1.65,95.73,95.73,0.97,8.02,6.56,0.97
600275,退市昌鱼,0.41,0.41,0.00,0.0,0.00,0.00,0.00,0.00,0,0.00,-6.69,0.00,2.09,2.09,52.03,-1,-1,0.00
600276,恒瑞医药,50.19,48.00,48.02,130040500.0,2.19,4.56,50.52,47.62,642801,2.04,41.03,6.04,3201.62,3331.21,5.34,52.80,43.20,1.56
600277,ST亿利,0.38,0.38,0.00,0.0,0.00,0.00,0.00,0.00,0,0.00,-1.05,0.00,13.53,13.53,0.08,-1,-1,0.00
600278,东方创业,6.59,6.57,6.55,5060600.0,0.02,0.30,6.66,6.51,3341,0.59,31.07,2.28,56.71,56.71,0.76,7.23,5.91,1.05
600279,重庆港,4.69,4.66,4.66,4968100.0,0.03,0.64,4.72,4.64,2329,0.42,95.25,1.72,55.66,55.66,0.83,5.13,4.19,0.70
600280,中央商场,3.20,2.91,2.89,49449600.0,0.29,9.97,3.20,2.89,15509,4.38,-8.99,10.65,36.11,36.11,13.58,3.20,2.62,1.94
600281,华阳新材,4.89,5.09,5.07,8268300.0,-0.20,-3.93,5.13,4.86,4098,1.61,-23.97,5.30,25.15,25.15,44.71,5.60,4.58,0.96
600282,南钢股份,4.92,4.78,4.79,42965400.0,0.14,2.93,4.95,4.77,21029,0.70,10.51,3.77,303.32,303.32,1.11,5.26,4.30,1.10
600283,钱江水利,9.01,8.61,8.65,14298200.0,0.40,4.65,9.33,8.61,12974,2.63,25.26,8.36,49.03,50.53,1.59,9.47,7.75,2.78
600284,浦东建设,5.99,5.99,5.99,22311600.0,0.00,0.00,6.16,5.95,13480,2.30,20.62,3.51,58.12,58.12,0.74,6.59,5.39,0.79
600285,羚锐制药,21.38,21.25,21.25,7740900.0,0.13,0.61,21.60,21.10,16552,1.37,15.37,2.35,120.98,121.25,3.32,23.38,19.13,1.49
600286,S*ST国瓷,0.67,0.67,0.00,0.0,0.00,0.00,0.00,0.00,0,0.00,-0.86,0.00,0.50,0.76,-0.07,-1,-1,0.00
600287,苏豪时尚,5.11,5.15,5.19,5183900.0,-0.04,-0.78,5.25,5.09,2674,1.19,97.73,3.11,22.32,22.32,0.98,5.67,4.64,1.00
600288,大恒科技,13.27,13.54,13.40,8925100.0,-0.27,-1.99,13.60,13.10,11852,2.04,35.44,3.69,57.96,57.96,2.91,14.89,12.19,1.01
600289,ST信通,6.09,6.09,6.19,2422500.0,0.00,0.00,6.19,6.04,1473,0.43,-7.86,2.46,34.46,38.43,4.27,6.39,5.79,0.61
600290,*ST华仪,0.37,0.37,0.00,0.0,0.00,0.00,0.00,0.00,0,0.00,-0.57,0.00,2.81,2.81,-1.32,-1,-1,0.00
600291,退市西水,0.89,0.89,0.00,0.0,0.00,0.00,0.00,0.00,0,0.00,11.64,0.00,9.73,9.73,0.50,-1,-1,0.00
600292,XD电投水,14.51,14.64,14.71,16980000.0,-0.13,-0.89,14.83,14.44,24829,3.87,81.63,2.66,63.74,635.57,3.70,16.10,13.18,0.95
600293,三峡新材,3.20,3.43,3.42,86745900.0,-0.23,-6.71,3.49,3.18,28681,7.48,-56.45,9.04,37.12,37.12,2.18,3.77,3.09,1.33
600295,鄂尔多斯,13.52,13.46,13.50,7170200.0,0.06,0.45,13.69,13.28,9693,0.36,14.79,3.05,267.10,378.39,1.68,14.81,12.11,0.86
600296,S兰铝,14.61,14.61,0.00,0.0,0.00,0.00,0.00,0.00,0,0.00,28.47,0.00,44.10,79.23,2.50,-1,-1,0.00
600297,广汇汽车,0.78,0.78,0.00,0.0,0.00,0.00,0.00,0.00,0,0.00,-7.33,0.00,64.71,64.71,0.17,-1,-1,0.00
600298,安琪酵母,36.60,35.73,35.70,11068300.0,0.87,2.43,37.26,35.61,40608,1.29,19.85,4.62,313.72,317.63,2.55,39.30,32.16,1.75
600299,安迪苏,11.00,10.88,10.98,16075000.0,0.12,1.10,11.25,10.75,17652,0.60,34.04,4.60,295.01,338.78,1.73,11.97,9.79,0.96
600300,维维股份,3.28,3.24,3.25,23983300.0,0.04,1.23,3.31,3.23,7884,1.48,15.25,2.47,53.04,53.04,1.50,3.56,2.92,0.96
600301,华锡有色,55.00,55.87,57.00,16064000.0,-0.87,-1.56,58.19,54.04,90383,5.83,41.96,7.43,151.43,347.91,6.98,61.46,50.28,0.93
600302,ST标准,10.76,10.58,10.59,10532100.0,0.18,1.70,11.11,10.56,11426,3.04,-23.29,5.20,37.23,37.23,7.68,11.11,10.05,1.06
600303,曙光股份,3.23,3.37,3.39,59515900.0,-0.14,-4.15,3.53,3.20,19823,8.81,-6.39,9.79,21.82,22.08,2.34,3.71,3.03,0.60
600305,恒顺醋业,7.26,7.25,7.22,7199000.0,0.01,0.14,7.29,7.18,5208,0.65,52.24,1.52,80.08,80.33,2.34,7.98,6.53,1.12
600306,退市商城,0.29,0.29,0.00,0.0,0.00,0.00,0.00,0.00,0,0.00,-0.40,0.00,1.09,1.24,1.41,-1,-1,0.00
600307,酒钢宏兴,1.60,1.61,1.62,68353700.0,-0.01,-0.62,1.64,1.59,11098,1.09,-5.77,3.11,100.21,100.21,1.88,1.77,1.45,1.24
600308,华泰股份,3.50,3.50,3.51,7309300.0,0.00,0.00,3.54,3.50,2571,0.48,-51.58,1.14,53.09,53.09,0.59,3.85,3.15,0.86
600309,万华化学,73.45,73.85,73.85,26179800.0,-0.40,-0.54,74.91,73.11,193786,0.84,17.47,2.44,2299.33,2299.33,2.14,81.24,66.47,0.98
600310,广西能源,5.98,5.80,5.74,237846100.0,0.18,3.10,6.25,5.72,143007,16.23,-237.97,9.14,87.65,87.65,3.23,6.38,5.22,1.15
600311,*ST荣华,0.61,0.61,0.00,0.0,0.00,0.00,0.00,0.00,0,0.00,-1.06,0.00,4.06,4.06,-2.23,-1,-1,0.00
600312,平高电气,21.23,21.22,21.22,24649800.0,0.01,0.05,21.50,20.74,52110,1.82,24.49,3.58,288.07,288.07,2.47,23.34,19.10,0.93
600313,农发种业,6.06,6.01,6.00,29669000.0,0.05,0.83,6.17,5.96,18103,2.74,138.17,3.49,65.58,70.38,2.91,6.61,5.41,1.27
600315,上海家化,18.69,17.71,17.66,10733200.0,0.98,5.53,18.85,17.51,19720,1.60,46.09,7.57,125.64,125.64,1.78,19.48,15.94,2.20
600316,洪都航空,29.38,29.73,29.75,9835700.0,-0.35,-1.18,29.98,29.20,29057,1.37,389.59,2.62,210.69,210.69,3.91,32.70,26.76,0.77
600317,营口港,2.60,2.60,0.00,0.0,0.00,0.00,0.00,0.00,0,0.00,15.36,0.00,168.30,168.30,1.30,-1,-1,0.00
600318,新力金融,6.74,6.81,6.80,10424800.0,-0.07,-1.03,6.90,6.72,7116,2.03,89.69,2.64,34.56,34.56,3.11,7.49,6.13,0.90
600319,亚星化学,7.18,7.41,7.50,3699600.0,-0.23,-3.10,7.50,7.15,2688,0.95,-17.05,4.72,27.84,27.84,8.25,8.15,6.67,0.97
600320,振华重工,4.80,4.84,4.85,42632800.0,-0.04,-0.83,4.91,4.79,20630,1.29,29.59,2.48,158.89,252.31,1.58,5.32,4.36,1.05
600321,正源股份,0.50,0.50,0.00,0.0,0.00,0.00,0.00,0.00,0,0.00,-1.88,0.00,7.55,7.55,0.53,-1,-1,0.00
600322,津投城开,2.52,2.58,2.58,45355700.0,-0.06,-2.33,2.62,2.49,11573,4.10,-2.37,5.04,27.86,27.86,36.63,2.84,2.32,1.34
600323,瀚蓝环境,30.65,29.70,29.71,7149000.0,0.95,3.20,30.82,29.45,21739,0.88,11.72,4.61,249.90,249.90,1.64,32.67,26.73,1.15
600325,华发股份,2.93,2.81,2.85,115329300.0,0.12,4.27,3.07,2.82,34124,4.19,-0.76,8.90,80.64,80.64,0.94,3.09,2.53,2.18
600326,西藏天路,7.94,8.04,8.09,23472200.0,-0.10,-1.24,8.23,7.90,18944,1.72,359.88,4.10,108.18,108.18,2.76,8.84,7.24,1.23
600327,大东方,3.62,3.58,3.58,17176900.0,0.04,1.12,3.72,3.56,6295,1.94,-12.02,4.47,32.03,32.03,1.13,3.94,3.22,1.72
600328,中盐化工,6.77,6.84,6.85,23146300.0,-0.07,-1.02,6.87,6.73,15764,1.58,-101.63,2.05,99.27,99.27,0.84,7.52,6.16,0.95
600329,达仁堂,40.72,38.86,38.97,5960500.0,1.86,4.79,40.83,38.65,23792,1.05,14.38,5.61,230.92,313.58,4.17,42.75,34.97,1.44
600330,天通股份,32.73,34.33,34.00,208707100.0,-1.60,-4.66,34.82,32.12,701850,16.92,-158.33,7.86,403.70,403.70,5.20,37.76,30.90,1.10
600331,宏达股份,14.36,14.99,15.30,46884800.0,-0.63,-4.20,15.39,14.23,68533,2.31,-526.23,7.74,291.80,379.33,12.18,16.49,13.49,0.91
600332,白云山,21.52,21.35,21.28,18512200.0,0.17,0.80,22.05,21.28,40137,1.32,11.88,3.61,302.55,349.87,0.88,23.49,19.22,2.96
600333,长春燃气,5.63,5.69,5.67,11828800.0,-0.06,-1.05,5.74,5.58,6689,1.94,296.05,2.81,34.29,34.29,1.77,6.26,5.12,0.88
600335,国机汽车,5.50,5.41,5.46,11015300.0,0.09,1.66,5.57,5.43,6077,0.74,19.78,2.59,81.81,81.81,0.70,5.95,4.87,1.03
600336,澳柯玛,7.85,7.92,7.94,13977500.0,-0.07,-0.88,8.15,7.80,11127,1.75,-28.82,4.42,62.64,62.64,2.77,8.71,7.13,0.65
600337,ST美克,3.13,3.16,3.19,31382300.0,-0.03,-0.95,3.30,3.11,10052,2.18,-1.86,6.01,44.98,44.98,11.46,3.32,3.00,0.91
600338,西藏珠峰,18.15,18.62,18.79,45261300.0,-0.47,-2.52,18.98,18.00,83517,4.95,29.32,5.26,165.93,165.93,3.67,20.48,16.76,0.90
600339,中油工程,3.54,3.56,3.51,65322300.0,-0.02,-0.56,3.57,3.47,23058,1.17,53.04,2.81,197.64,197.64,0.73,3.92,3.20,0.72
600340,*ST华幸,1.28,1.28,1.33,161333000.0,0.00,0.00,1.34,1.26,21090,4.14,-0.23,6.25,49.83,49.83,-0.26,1.34,1.22,1.51
600343,航天动力,26.15,28.15,27.92,35406100.0,-2.00,-7.10,27.92,25.96,94203,5.55,-88.47,6.96,166.89,166.89,13.10,30.97,25.34,1.09
600345,长江通信,49.25,49.46,49.01,14549100.0,-0.21,-0.42,51.10,47.26,71732,6.88,64.70,7.76,104.19,162.33,4.26,54.41,44.51,1.54
600346,恒力石化,17.19,17.24,17.24,54047900.0,-0.05,-0.29,17.79,17.12,93966,0.77,13.54,3.89,1210.02,1210.02,1.71,18.96,15.52,1.20
600348,华阳股份,9.29,9.16,9.13,44161100.0,0.13,1.42,9.43,9.13,41117,1.22,21.08,3.28,335.14,335.14,1.20,10.08,8.24,1.22
600349,富通昭和,4.88,4.88,0.00,0.0,0.00,0.00,0.00,0.00,0,0,19.99,0.00,0,5.81,2.89,-1,-1,0.00
600350,山东高速,12.25,11.99,11.83,9939400.0,0.26,2.17,12.29,11.83,12025,0.21,18.31,3.84,592.23,592.23,1.93,13.19,10.79,0.99
600351,亚宝药业,6.36,6.29,6.25,11004000.0,0.07,1.11,6.40,6.25,6981,1.59,13.78,2.38,44.01,44.01,1.54,6.92,5.66,1.04
600352,浙江龙盛,11.22,11.27,11.30,36817900.0,-0.05,-0.44,11.38,11.17,41450,1.13,18.53,1.86,365.02,365.02,1.10,12.40,10.14,0.96
600353,XD旭光电,22.22,23.81,23.77,65873200.0,-1.59,-6.68,24.38,22.00,151573,7.95,111.75,10.00,184.16,184.16,9.85,26.19,21.43,0.94
600354,敦煌种业,5.49,5.47,5.47,14762700.0,0.02,0.37,5.58,5.44,8143,2.80,94.63,2.56,28.98,28.98,3.87,6.02,4.92,1.14
600355,*ST精伦,0.58,0.58,0.00,0.0,0.00,0.00,0.00,0.00,0,0.00,-7.16,0.00,2.85,2.85,2.71,-1,-1,0.00
600356,恒丰纸业,8.92,9.03,9.09,5994000.0,-0.11,-1.22,9.13,8.88,5385,2.01,12.97,2.77,26.65,29.39,0.95,9.93,8.13,0.77
600357,承德钒钛,7.40,7.40,0.00,0.0,0.00,0.00,0.00,0.00,0,0.00,-32.32,0.00,43.21,72.57,2.09,-1,-1,0.00
600358,国旅联合,5.98,5.89,5.92,10600300.0,0.09,1.53,6.04,5.83,6300,2.10,-85.53,3.57,30.20,30.20,62.36,6.48,5.30,0.80
600359,新农开发,6.35,6.37,6.32,7569000.0,-0.02,-0.31,6.45,6.30,4829,1.98,-160.78,2.35,24.23,24.23,3.59,7.01,5.73,1.24
600360,华微电子,12.00,12.28,12.65,161292500.0,-0.28,-2.28,13.05,11.98,200539,16.80,65.53,8.71,115.24,115.24,3.28,13.51,11.05,1.46
600361,创新新材,4.43,4.60,4.60,68743800.0,-0.17,-3.70,4.66,4.41,31015,1.84,19.57,5.43,165.36,165.36,1.45,5.06,4.14,0.94
600362,江西铜业,43.50,43.47,44.25,48131200.0,0.03,0.07,45.20,43.20,211982,2.32,18.84,4.60,902.73,1506.29,1.79,47.82,39.12,1.03
600363,联创光电,35.60,38.52,38.52,20419600.0,-2.92,-7.58,39.33,35.39,74766,4.53,35.93,10.23,160.52,160.52,3.54,42.37,34.67,1.52
600365,ST通葡,2.74,2.79,2.78,6384300.0,-0.05,-1.79,2.79,2.69,1755,1.49,-13.25,3.58,11.71,12.44,5.65,2.93,2.65,0.99
600366,宁波韵升,12.29,13.18,13.20,40717300.0,-0.89,-6.75,13.20,12.23,51194,3.70,32.93,7.36,135.07,135.07,2.13,14.50,11.86,1.63
600367,红星发展,32.10,33.22,34.22,63305200.0,-1.12,-3.37,34.88,31.90,208306,19.66,118.81,8.97,103.35,109.50,4.40,36.54,29.90,1.23
600368,五洲交通,3.92,3.88,3.88,16749300.0,0.04,1.03,3.94,3.85,6541,1.04,11.31,2.32,63.10,63.10,0.85,4.27,3.49,1.33
600369,西南证券,3.98,3.98,3.98,50635600.0,0.00,0.00,4.05,3.97,20284,0.76,23.46,2.01,264.48,264.48,0.99,4.38,3.58,1.13
600370,*ST三房,1.42,1.35,1.39,126295200.0,0.07,5.19,1.42,1.37,17838,3.14,-7.77,3.70,57.12,57.12,1.16,1.42,1.28,1.10
600371,万向德农,7.48,7.49,7.52,4241600.0,-0.01,-0.13,7.63,7.40,3188,1.45,-136.01,3.07,21.88,21.88,4.31,8.24,6.74,0.97
600372,中航机载,11.14,11.41,11.42,36858600.0,-0.27,-2.37,11.46,11.10,41460,0.76,47.02,3.16,539.05,539.05,1.42,12.55,10.27,1.10
600373,中文传媒,7.62,7.46,7.47,10361800.0,0.16,2.14,7.68,7.44,7872,0.77,48.19,3.22,102.67,102.67,0.57,8.21,6.71,1.38
600375,汉马科技,4.26,4.30,4.27,16714300.0,-0.04,-0.93,4.32,4.23,7149,1.14,108.46,2.09,62.31,68.29,2.01,4.73,3.87,0.73
600376,首开股份,4.43,4.26,4.26,199712200.0,0.17,3.99,4.50,4.25,87385,7.74,-1.81,5.87,114.27,114.27,4.85,4.69,3.83,0.76
600377,宁沪高速,12.89,12.53,12.59,13048900.0,0.36,2.87,12.93,12.51,16726,0.34,13.67,3.35,490.10,649.37,1.50,13.78,11.28,1.74
600378,昊华科技,38.70,40.38,40.99,40725900.0,-1.68,-4.16,42.23,38.44,164650,3.80,31.84,9.39,415.08,499.23,2.69,44.42,36.34,1.12
600379,宝光股份,13.16,14.08,13.96,24364700.0,-0.92,-6.53,13.96,13.09,33011,7.38,104.02,6.18,43.45,43.45,5.52,15.49,12.67,0.74
600380,健康元,10.20,9.90,9.97,17860700.0,0.30,3.03,10.29,9.89,18109,0.98,14.19,4.04,186.60,186.60,1.20,10.89,8.91,1.65
600381,*ST春天,5.70,5.43,5.27,14368400.0,0.27,4.97,5.70,5.27,7974,2.45,-53.53,7.92,33.46,33.46,3.42,5.70,5.16,1.33
600382,广东明珠,8.15,8.03,8.03,35880500.0,0.12,1.49,8.77,7.95,30009,5.17,29.95,10.21,56.59,56.59,1.89,8.83,7.23,0.85
600383,金地集团,2.75,2.64,2.65,170624900.0,0.11,4.17,2.89,2.65,47844,3.78,-0.93,9.09,124.15,124.15,0.28,2.90,2.38,3.13
600385,退市金泰,1.20,1.20,0.00,0.0,0.00,0.00,0.00,0.00,0,0.00,36.93,0.00,1.78,1.78,8.40,-1,-1,0.00
600386,北巴传媒,3.66,3.74,3.74,9084800.0,-0.08,-2.14,3.76,3.63,3353,1.13,-252.76,3.48,29.51,29.51,1.76,4.11,3.37,0.72
600387,退市海越,0.94,0.94,0.00,0.0,0.00,0.00,0.00,0.00,0,0.00,-0.94,0.00,3.80,4.40,0.17,-1,-1,0.00
600388,龙净环保,18.62,18.82,18.82,15042600.0,-0.20,-1.06,19.25,18.54,28257,1.18,20.19,3.77,236.48,236.48,2.20,20.70,16.94,0.94
600389,江山股份,24.55,24.75,24.68,5698300.0,-0.20,-0.81,25.15,24.40,14126,1.32,18.89,3.03,105.72,105.72,2.53,27.23,22.28,0.88
600390,五矿资本,4.76,4.75,4.75,38967800.0,0.01,0.21,4.86,4.74,18713,0.87,40.56,2.53,214.11,214.11,0.50,5.23,4.28,1.33
600391,航发科技,35.63,37.94,37.94,11699800.0,-2.31,-6.09,38.19,35.63,42940,3.54,255.93,6.75,117.63,117.63,6.63,41.73,34.15,0.84
600392,盛和资源,21.89,23.23,23.00,63768800.0,-1.34,-5.77,23.22,21.79,141846,3.64,38.45,6.16,383.69,383.69,2.98,25.55,20.91,1.28
600393,ST粤泰,0.37,0.37,0.00,0.0,0.00,0.00,0.00,0.00,0,0.00,-0.87,0.00,4.95,9.38,0.33,-1,-1,0.00
600395,盘江股份,5.61,5.50,5.50,60476800.0,0.11,2.00,5.71,5.48,34051,2.82,25.12,4.18,120.43,120.43,1.12,6.05,4.95,1.13
600396,华电辽能,20.03,19.26,19.18,299566600.0,0.77,4.00,20.80,19.18,601734,20.34,727.45,8.41,294.98,294.98,19.22,21.19,17.33,1.10
600397,江钨装备,13.94,13.72,13.83,51279300.0,0.22,1.60,14.49,13.35,71746,5.18,-80.01,8.31,138.00,138.00,71.48,15.09,12.35,1.20
600398,海澜之家,5.70,5.62,5.63,28187600.0,0.08,1.42,5.78,5.61,16043,0.59,12.56,3.02,273.76,273.76,1.58,6.18,5.06,1.13
600399,抚顺特钢,4.80,4.96,4.96,45522100.0,-0.16,-3.23,4.99,4.80,22204,2.31,-11.46,3.83,94.66,94.66,1.76,5.46,4.46,1.27
600400,红豆股份,2.91,3.11,3.10,93881500.0,-0.20,-6.43,3.10,2.80,27792,4.10,-16.76,9.65,66.68,66.68,4.81,3.42,2.80,0.98
600401,退市海润,0.15,0.15,0.00,0.0,0.00,0.00,0.00,0.00,0,0.00,-0.19,0.00,7.09,7.09,-0.25,-1,-1,0.00
600403,大有能源,5.05,5.02,5.04,20036600.0,0.03,0.60,5.16,5.00,10192,0.84,-5.82,3.19,120.74,120.74,3.61,5.52,4.52,1.02
600405,动力源,4.41,4.61,4.65,11624300.0,-0.20,-4.34,4.66,4.40,5218,1.90,-8.90,5.64,27.03,27.03,86.21,5.07,4.15,0.88
600406,国电南瑞,24.90,25.10,25.11,78816100.0,-0.20,-0.80,25.26,24.70,196888,0.98,24.04,2.23,1994.04,1999.91,3.74,27.61,22.59,0.91
600408,安泰集团,3.00,2.98,3.01,74673300.0,0.02,0.67,3.21,2.96,22994,7.42,-10.34,8.39,30.20,30.20,2.61,3.28,2.68,1.79
600409,三友化工,6.22,6.39,6.39,25004500.0,-0.17,-2.66,6.40,6.19,15718,1.21,754.23,3.29,128.40,128.40,0.93,7.03,5.75,0.60
600410,华胜天成,18.96,19.85,20.25,77115100.0,-0.89,-4.48,20.52,18.75,150940,7.03,-97.72,8.92,207.90,207.90,4.82,21.84,17.87,1.03
600415,小商品城,12.81,12.67,12.61,83479700.0,0.14,1.10,13.09,12.57,107713,1.52,16.00,4.10,702.44,702.44,2.94,13.94,11.40,0.90
600416,湘电股份,11.53,12.43,12.49,54059500.0,-0.90,-7.24,12.56,11.51,64096,3.66,76.26,8.45,170.16,170.16,1.75,13.67,11.19,0.97
600418,江淮汽车,37.02,38.00,38.00,82038500.0,-0.98,-2.58,38.70,35.85,304703,3.76,-40.01,7.50,808.52,834.50,6.63,41.80,34.20,1.20
600419,天润乳业,8.57,8.59,8.59,6486800.0,-0.02,-0.23,8.75,8.51,5612,2.06,18.71,2.79,27.04,27.04,1.10,9.45,7.73,1.50
600420,国药现代,9.28,9.05,9.08,8172500.0,0.23,2.54,9.29,9.03,7515,0.61,17.32,2.87,124.46,124.46,0.89,9.96,8.15,1.73
600421,*ST华嵘,4.08,4.08,0.00,0.0,0.00,0.00,0.00,0.00,0,0.00,117.77,0.00,7.98,7.98,57.36,4.28,3.88,0.00
600422,昆药集团,8.93,8.56,8.54,17792900.0,0.37,4.32,8.98,8.48,15678,2.35,57.44,5.84,67.60,67.60,1.29,9.42,7.70,2.04
600423,*ST柳化,2.75,2.77,2.77,8261800.0,-0.02,-0.72,2.86,2.74,2313,1.03,-90.85,4.33,21.96,21.96,4.14,2.91,2.63,1.19
600425,青松建化,3.71,3.70,3.73,16557700.0,0.01,0.27,3.80,3.70,6223,1.03,19.51,2.70,59.53,59.53,0.92,4.07,3.33,1.22
600426,华鲁恒升,29.43,29.64,29.53,24946200.0,-0.21,-0.71,30.05,29.43,74073,1.18,16.71,2.09,622.46,622.54,1.83,32.60,26.68,0.78
600428,中远海特,7.80,7.54,7.52,49608300.0,0.26,3.45,7.83,7.51,38331,2.31,11.63,4.24,167.44,214.03,1.25,8.29,6.79,1.64
600429,三元股份,4.90,4.84,4.84,13570500.0,0.06,1.24,4.95,4.79,6632,0.91,-34.55,3.31,73.38,73.60,1.52,5.32,4.36,0.89
600432,退市吉恩,1.38,1.38,0.00,0.0,0.00,0.00,0.00,0.00,0,0.00,-1.02,0.00,22.13,22.13,-2.49,-1,-1,0.00
600433,冠豪高新,4.11,4.25,4.24,70315400.0,-0.14,-3.29,4.30,4.05,29264,4.02,-57.90,5.88,71.94,71.94,1.63,4.68,3.83,0.85
600435,北方导航,11.88,12.27,12.31,24421500.0,-0.39,-3.18,12.32,11.85,29432,1.61,147.70,3.83,179.67,179.67,6.27,13.50,11.04,1.30
600436,片仔癀,128.41,121.03,120.87,9505900.0,7.38,6.10,129.71,120.60,120141,1.58,40.72,7.53,774.72,774.72,5.09,133.13,108.93,2.54
600438,通威股份,14.77,15.13,15.14,51798800.0,-0.36,-2.38,15.23,14.76,77181,1.15,-7.07,3.11,664.94,664.94,1.90,16.64,13.62,0.99
600439,瑞贝卡,2.35,2.35,2.35,15682700.0,0.00,0.00,2.42,2.34,3734,1.39,-31.51,3.40,26.60,26.60,1.06,2.59,2.12,1.01
600444,国机通用,15.11,15.38,15.39,2858800.0,-0.27,-1.76,15.50,14.98,4361,1.95,39.66,3.38,22.12,22.12,2.90,16.92,13.84,0.99
600446,金证股份,13.08,13.62,13.62,21569500.0,-0.54,-3.96,13.73,13.05,28622,2.29,-100.82,4.99,123.12,123.12,3.48,14.98,12.26,0.88
600448,华纺股份,2.99,3.08,3.08,22864900.0,-0.09,-2.92,3.15,2.98,7008,3.63,-6.51,5.52,18.83,18.83,2.07,3.39,2.77,0.89
600449,宁夏建材,14.44,14.87,15.01,13256500.0,-0.43,-2.89,15.36,14.32,19646,2.77,37.12,6.99,69.05,69.05,0.94,16.36,13.38,1.25
600452,涪陵电力,13.79,13.30,13.17,109915700.0,0.49,3.68,13.91,13.00,149033,7.15,49.08,6.84,211.89,211.89,3.69,14.63,11.97,1.38
600455,博通股份,26.49,27.21,27.33,1925500.0,-0.72,-2.65,27.50,26.20,5161,3.08,36.29,4.78,16.55,16.55,4.84,29.93,24.49,1.01
600456,宝钛股份,31.91,33.39,33.39,10725600.0,-1.48,-4.43,33.48,31.73,34572,2.24,40.26,5.24,152.46,152.46,2.11,36.73,30.05,1.16
600458,时代新材,12.66,12.65,12.68,30730100.0,0.01,0.08,13.26,12.60,39568,3.54,22.65,5.22,109.96,117.83,1.46,13.92,11.39,1.29
600459,贵研铂业,21.49,22.50,23.07,59219800.0,-1.01,-4.49,23.60,21.44,132322,7.80,26.84,9.60,163.26,176.92,1.94,24.75,20.25,1.74
600460,士兰微,34.60,38.44,38.00,179287300.0,-3.84,-9.99,38.28,34.60,642838,10.77,125.49,9.57,575.77,575.77,4.72,42.28,34.60,1.30
600461,洪城环境,10.49,10.22,10.25,8966100.0,0.27,2.64,10.49,10.21,9341,0.70,11.44,2.74,134.71,134.71,1.32,11.24,9.20,1.22
600462,退市九有,0.21,0.21,0.00,0.0,0.00,0.00,0.00,0.00,0,0.00,562.17,0.00,1.26,1.30,3.49,-1,-1,0.00
600463,空港股份,9.46,9.62,9.68,3686700.0,-0.16,-1.66,9.85,9.40,3538,1.23,-28.60,4.68,28.38,28.38,3.20,10.58,8.66,0.97
600466,*ST蓝光,0.40,0.40,0.00,0.0,0.00,0.00,0.00,0.00,0,0.00,-0.11,0.00,12.14,12.14,-0.05,-1,-1,0.00
600467,好当家,2.28,2.29,2.29,29120100.0,-0.01,-0.44,2.31,2.27,6673,1.99,106.99,1.75,33.31,33.31,0.97,2.52,2.06,1.31
600468,百利电气,6.60,6.86,6.85,26871900.0,-0.26,-3.79,6.85,6.56,17956,2.47,86.90,4.23,71.79,71.79,3.52,7.55,6.17,1.27
600469,风神股份,5.88,6.03,6.04,5368600.0,-0.15,-2.49,6.05,5.87,3188,0.74,20.26,2.99,42.89,52.33,1.12,6.63,5.43,0.78
600470,六国化工,5.36,5.53,5.53,13398000.0,-0.17,-3.07,5.55,5.35,7300,2.57,-5.83,3.62,27.96,27.96,1.83,6.08,4.98,0.81
600472,包头铝业,51.82,51.82,0.00,0.0,0.00,0.00,0.00,0.00,0,0.00,33.42,0.00,111.54,223.34,10.42,-1,-1,0.00
600475,华光环能,15.71,15.75,15.67,16076200.0,-0.04,-0.25,16.18,15.37,25326,1.71,40.09,5.14,148.13,150.18,1.73,17.33,14.18,0.77
600476,*ST湘邮,11.20,11.46,11.46,1956300.0,-0.26,-2.27,11.63,11.14,2228,1.21,-3.88,4.28,18.04,18.04,-4.08,12.03,10.89,0.74
600477,杭萧钢构,2.73,2.79,2.79,33808200.0,-0.06,-2.15,2.82,2.73,9381,1.43,72.46,3.23,64.40,64.40,1.29,3.07,2.51,1.12
600478,科力远,5.90,6.13,6.15,33941800.0,-0.23,-3.75,6.15,5.87,20308,2.04,69.12,4.57,98.27,98.27,3.35,6.74,5.52,1.02
600479,千金药业,10.38,10.27,10.27,6100700.0,0.11,1.07,10.40,10.23,6302,1.46,16.58,1.66,43.44,51.09,1.65,11.30,9.24,1.35
600480,凌云股份,11.02,11.68,11.67,36040100.0,-0.66,-5.65,11.73,10.95,40487,2.97,17.42,6.68,133.66,134.69,1.63,12.85,10.51,0.87
600481,双良节能,5.43,6.03,5.97,191476700.0,-0.60,-9.95,5.97,5.43,107574,9.28,-8.31,8.96,112.09,112.09,2.58,6.63,5.43,0.86
600482,中国动力,37.04,39.33,39.90,37285600.0,-2.29,-5.82,39.90,36.68,140149,1.64,56.26,8.19,840.16,840.16,2.05,43.26,35.40,1.06
600483,福能股份,11.49,10.97,10.95,58193300.0,0.52,4.74,11.60,10.86,66166,2.09,11.19,6.75,319.44,319.44,1.15,12.07,9.87,1.63
600485,*ST信威,1.39,1.39,0.00,0.0,0.00,0.00,0.00,0.00,0,0.00,-1.14,0.00,26.34,40.64,-0.27,-1,-1,0.00
600486,扬农化工,57.16,56.50,56.66,9056500.0,0.66,1.17,58.43,55.11,51447,2.24,18.36,5.88,230.92,230.99,1.95,62.15,50.85,1.45
600487,亨通光电,77.12,70.48,70.49,323928200.0,6.64,9.42,77.53,69.48,2431814,13.25,58.91,11.42,1885.72,1902.08,5.87,77.53,63.43,2.21
600488,津药药业,5.54,5.04,5.00,121266600.0,0.50,9.92,5.54,4.95,64788,11.11,229.08,11.71,60.49,60.49,1.98,5.54,4.54,1.27
600489,中金黄金,22.42,22.39,22.99,76453600.0,0.03,0.13,23.28,22.25,172986,1.58,17.32,4.60,1086.77,1086.77,3.31,24.63,20.15,1.14
600490,鹏欣资源,7.35,7.58,7.68,38692500.0,-0.23,-3.03,7.81,7.30,28992,1.94,71.33,6.73,146.46,162.65,2.56,8.34,6.82,0.77
600491,ST龙元,1.33,1.30,1.31,77791200.0,0.03,2.31,1.37,1.30,10540,5.09,-0.70,5.38,20.35,20.35,0.29,1.37,1.24,1.45
600493,凤竹纺织,6.44,6.68,6.70,5590200.0,-0.24,-3.59,6.73,6.43,3671,2.06,285.66,4.49,17.52,17.52,1.57,7.35,6.01,0.89
600495,晋西车轴,4.14,4.24,4.19,13312200.0,-0.10,-2.36,4.24,4.14,5571,1.10,233.98,2.36,50.02,50.02,1.52,4.66,3.82,0.82
600496,精工钢构,4.04,4.11,4.10,53832500.0,-0.07,-1.70,4.23,4.03,22220,2.70,12.72,4.87,80.40,80.40,0.86,4.52,3.70,1.49
600497,驰宏锌锗,9.52,9.98,10.01,185240100.0,-0.46,-4.61,10.22,9.43,180769,3.68,39.89,7.92,479.84,479.84,2.85,10.98,8.98,0.91
600498,烽火通信,51.89,50.75,51.00,99779400.0,1.14,2.25,52.50,47.90,501563,7.85,168.19,9.06,659.84,704.75,4.01,55.83,45.68,1.37
600499,科达制造,16.34,16.13,16.13,31161000.0,0.21,1.30,16.63,16.07,50953,1.62,20.24,3.47,313.38,313.38,2.38,17.74,14.52,1.23
600500,中化国际,5.38,5.48,5.50,77382700.0,-0.10,-1.82,5.73,5.32,42780,2.16,-9.45,7.48,193.05,193.05,1.90,6.03,4.93,0.68
600501,航天晨光,18.30,19.48,19.59,8364200.0,-1.18,-6.06,19.61,18.20,15677,1.96,-38.11,7.24,78.29,78.29,5.36,21.43,17.53,0.98
600502,安徽建工,5.29,4.96,4.98,43417600.0,0.33,6.65,5.34,4.96,22659,2.53,5.87,7.66,90.80,90.80,0.74,5.46,4.46,2.23
600503,华丽家族,2.65,2.70,2.83,95431200.0,-0.05,-1.85,2.92,2.64,26406,5.96,-53.15,10.37,42.46,42.46,1.23,2.97,2.43,0.87
600505,西昌电力,13.42,13.06,13.07,20711400.0,0.36,2.76,13.65,12.96,27802,5.68,357.89,5.28,48.92,48.92,3.99,14.37,11.75,2.19
600506,统一股份,18.50,18.66,18.68,15296600.0,-0.16,-0.86,19.20,18.37,28788,6.13,132.75,4.45,46.18,46.18,9.24,20.53,16.79,1.14
600507,XD方大特,4.83,4.54,4.58,61314300.0,0.29,6.39,4.86,4.56,29275,2.65,13.97,6.61,111.73,111.73,1.14,4.99,4.09,1.90
600508,上海能源,14.31,13.39,13.42,27132200.0,0.92,6.87,14.46,13.35,38283,3.75,54.49,8.29,103.42,103.42,0.81,14.73,12.05,2.02
600509,天富能源,9.74,9.74,9.75,96322600.0,0.00,0.00,10.05,9.67,94950,7.01,59.58,3.90,133.87,133.87,1.72,10.71,8.77,1.13
600510,黑牡丹,8.57,8.78,8.73,16148300.0,-0.21,-2.39,8.98,8.52,14180,1.56,104.70,5.24,88.44,88.44,0.84,9.66,7.90,1.07
600511,国药股份,27.57,26.67,26.92,8575900.0,0.90,3.37,27.87,26.90,23648,1.55,10.34,3.64,152.56,208.02,1.09,29.34,24.00,2.61
600512,腾达建设,2.21,2.19,2.19,24043400.0,0.02,0.91,2.24,2.18,5320,1.51,299.19,2.74,35.08,35.22,0.57,2.41,1.97,1.27
600513,联环药业,17.58,17.51,17.51,15646900.0,0.07,0.40,18.16,17.20,27576,5.48,-43.65,5.48,50.18,50.18,3.92,19.26,15.76,1.59
600515,海南机场,3.21,3.16,3.16,126413300.0,0.05,1.58,3.28,3.16,40854,1.38,159.02,3.80,294.55,366.75,1.51,3.48,2.84,1.63
600516,方大炭素,5.03,5.17,5.17,54982400.0,-0.14,-2.71,5.19,5.02,27927,1.37,213.25,3.29,202.51,202.51,1.24,5.69,4.65,1.13
600517,国网英大,5.39,5.41,5.42,23012400.0,-0.02,-0.37,5.50,5.38,12526,0.40,13.31,2.22,308.22,308.22,1.29,5.95,4.87,1.05
600518,康美药业,1.55,1.52,1.53,187386100.0,0.03,1.97,1.56,1.52,28933,1.36,-1454.03,2.63,214.25,214.35,2.95,1.67,1.37,0.96
600519,贵州茅台,1326.00,1275.98,1270.60,7647800.0,50.02,3.92,1329.00,1270.00,1003739,0.61,20.04,4.62,16576.08,16576.08,6.19,1403.58,1148.38,1.42
600520,三佳科技,31.22,33.40,33.39,25760300.0,-2.18,-6.53,33.40,31.22,82695,16.26,369.16,6.53,49.46,49.46,12.56,36.74,30.06,1.09
600521,华海药业,15.96,16.08,16.05,20898100.0,-0.12,-0.75,16.25,15.83,33440,1.40,64.04,2.61,238.96,238.96,2.49,17.69,14.47,0.68
600522,中天科技,42.19,40.52,41.00,385230000.0,1.67,4.12,43.60,38.85,1601513,11.29,45.09,11.72,1439.92,1439.92,3.79,44.57,36.47,1.53
600523,XD贵航股,11.91,12.10,12.14,3377200.0,-0.19,-1.57,12.19,11.84,4048,0.84,24.52,2.89,48.12,48.15,1.51,13.31,10.89,0.87
600525,ST长园,5.28,5.36,5.37,11343700.0,-0.08,-1.49,5.40,5.25,6051,0.86,-6.70,2.80,69.63,69.63,2.48,5.63,5.09,0.85
600526,菲达环保,4.76,4.83,4.84,10388000.0,-0.07,-1.45,4.89,4.73,4999,1.19,13.67,3.31,41.56,42.30,0.91,5.31,4.35,0.93
600527,江南高纤,2.59,2.70,2.75,163531000.0,-0.11,-4.07,2.76,2.58,43805,9.44,204.86,6.67,44.85,44.85,2.16,2.97,2.43,1.85
600528,中铁工业,7.44,7.37,7.37,12418300.0,0.07,0.95,7.51,7.35,9248,0.56,12.08,2.17,165.28,165.28,0.65,8.11,6.63,0.95
600529,山东药玻,19.18,18.11,18.10,22556100.0,1.07,5.91,19.50,18.06,42656,3.40,19.08,7.95,127.28,127.28,1.54,19.92,16.30,1.24
600530,交大昂立,7.37,6.70,6.70,25840200.0,0.67,10.00,7.37,6.65,18507,3.33,1403.15,10.75,57.11,57.11,18.17,7.37,6.03,0.87
600531,豫光金铅,13.23,13.60,13.75,38162300.0,-0.37,-2.72,13.84,13.16,51227,3.16,17.66,5.00,159.99,159.99,2.25,14.96,12.24,0.77
600532,退市未来,0.72,0.72,0.00,0.0,0.00,0.00,0.00,0.00,0,0.00,-22.68,0.00,3.72,3.72,0.25,-1,-1,0.00
600533,栖霞建设,2.25,2.28,2.28,25899800.0,-0.03,-1.32,2.43,2.24,6006,2.47,-1.24,8.33,23.62,23.62,1.78,2.51,2.05,1.38
600535,XD天士力,14.07,13.72,13.78,10039700.0,0.35,2.55,14.22,13.73,14095,0.67,18.11,3.57,210.20,210.20,1.67,15.09,12.35,1.33
600536,中国软件,36.16,37.08,37.28,11393200.0,-0.92,-2.48,37.90,36.16,41924,1.35,-978.58,4.69,305.07,337.66,9.61,40.79,33.37,0.79
600537,*ST亿晶,3.06,3.10,3.06,25919800.0,-0.04,-1.29,3.13,3.04,8000,2.19,-6.71,2.90,36.22,36.22,-24.92,3.26,2.95,0.87
600538,国发股份,6.43,6.62,6.60,18900900.0,-0.19,-2.87,6.66,6.32,12211,3.61,-34.28,5.14,33.71,33.71,4.96,7.28,5.96,1.10
600539,狮头股份,14.56,15.59,15.65,16986500.0,-1.03,-6.61,15.68,14.38,25120,7.39,-152.90,8.34,33.49,33.49,11.14,17.15,14.03,0.65
600540,新赛股份,4.54,4.55,4.55,25999200.0,-0.01,-0.22,4.64,4.48,11862,4.47,-22.23,3.52,26.39,26.39,6.86,5.01,4.10,1.26
600543,*ST莫高,4.51,4.59,4.58,3257100.0,-0.08,-1.74,4.63,4.48,1487,1.01,-13.62,3.27,14.48,14.48,2.09,4.82,4.36,0.72
600545,卓郎智能,7.88,7.61,7.71,242900800.0,0.27,3.55,8.37,7.61,195655,13.59,-25.70,9.99,140.89,140.89,5.37,8.37,6.85,1.10
600546,山煤国际,13.88,13.68,13.65,25763200.0,0.20,1.46,14.07,13.53,35532,1.30,20.53,3.95,275.16,275.16,1.65,15.05,12.31,1.09
600547,山东黄金,28.87,28.96,29.65,49321300.0,-0.09,-0.31,29.90,28.87,144076,1.36,25.80,3.56,1043.49,1330.89,4.16,31.86,26.06,0.88
600548,深高速,8.92,8.75,8.74,3509800.0,0.17,1.94,8.95,8.71,3109,0.20,19.17,2.74,152.93,226.38,0.96,9.63,7.88,1.58
600549,厦门钨业,54.37,52.40,53.21,97831900.0,1.97,3.76,56.17,51.30,534325,6.30,28.46,9.29,844.87,863.17,4.72,57.64,47.16,1.94
600550,保变电气,13.39,13.43,13.41,43440600.0,-0.04,-0.30,13.73,13.20,58403,2.36,108.02,3.95,246.58,246.58,27.63,14.77,12.09,1.02
600551,时代出版,7.28,7.23,7.24,3658500.0,0.05,0.69,7.38,7.19,2666,0.54,12.31,2.63,49.36,49.36,0.83,7.95,6.51,0.59
600552,凯盛科技,17.93,19.12,18.98,88311400.0,-1.19,-6.22,19.27,17.76,160894,9.35,127.59,7.90,169.37,169.37,3.92,21.03,17.21,0.81
600553,太行水泥,14.98,14.98,0.00,0.0,0.00,0.00,0.00,0.00,0,0.00,81.99,0.00,56.53,56.92,6.02,-1,-1,0.00
600555,退市海创,0.26,0.26,0.00,0.0,0.00,0.00,0.00,0.00,0,0.00,-1.47,0.00,2.53,3.39,0.55,-1,-1,0.00
600556,天下秀,5.20,5.16,5.19,58635600.0,0.04,0.78,5.34,5.16,30792,3.24,452.86,3.49,94.00,94.00,2.45,5.68,4.64,1.31
600557,康缘药业,12.91,12.65,12.65,6701800.0,0.26,2.06,12.97,12.65,8603,1.18,24.38,2.53,73.09,73.09,1.49,13.92,11.39,0.97
600558,大西洋,5.53,5.52,5.51,20409700.0,0.01,0.18,5.68,5.45,11361,2.27,25.20,4.17,49.64,49.64,2.00,6.07,4.97,1.65
600559,老白干酒,13.02,12.51,12.40,26477500.0,0.51,4.08,13.15,12.38,34110,2.91,26.90,6.16,118.42,119.10,2.17,13.76,11.26,1.58
600560,金自天正,12.84,13.38,13.44,3489400.0,-0.54,-4.04,13.45,12.77,4546,1.56,56.83,5.08,28.72,28.72,2.91,14.72,12.04,0.90
600561,江西长运,6.06,6.23,6.25,4868000.0,-0.17,-2.73,6.31,6.01,2995,1.71,119.31,4.82,17.24,17.24,1.89,6.85,5.61,0.70
600562,国睿科技,23.88,24.70,24.70,7706500.0,-0.82,-3.32,24.93,23.77,18644,0.62,47.04,4.70,296.56,296.56,4.41,27.17,22.23,0.94
600563,法拉电子,165.88,176.77,181.11,11456300.0,-10.89,-6.16,182.88,163.54,194284,5.09,31.22,10.94,373.23,373.23,5.93,194.45,159.09,0.80
600565,ST迪马,0.85,0.85,0.00,0.0,0.00,0.00,0.00,0.00,0,0.00,-0.43,0.00,21.18,21.18,1.62,-1,-1,0.00
600566,济川药业,27.53,27.32,27.33,5048500.0,0.21,0.77,27.90,27.15,13960,0.55,14.60,2.75,252.88,253.73,1.69,30.05,24.59,1.12
600567,山鹰国际,1.35,1.34,1.34,41632100.0,0.01,0.75,1.36,1.34,5620,0.66,-5.11,1.49,85.15,85.15,0.58,1.47,1.21,0.65
600568,ST中珠,2.51,2.61,2.60,16002700.0,-0.10,-3.83,2.60,2.49,4073,0.96,-42.95,4.21,41.89,50.02,3.10,2.74,2.48,1.29
600569,安阳钢铁,1.89,1.90,1.88,15603600.0,-0.01,-0.53,1.93,1.88,2980,0.54,-4.51,2.63,54.29,54.29,3.72,2.09,1.71,0.87
600570,恒生电子,24.27,24.82,24.93,32185600.0,-0.55,-2.22,25.17,24.25,79475,1.70,34.33,3.71,459.59,459.59,4.61,27.30,22.34,0.96
600571,信雅达,11.68,12.18,12.08,10167500.0,-0.50,-4.11,12.21,11.60,12086,2.22,154.85,5.01,53.47,54.47,4.71,13.40,10.96,0.98
600572,康恩贝,4.23,4.16,4.15,36364500.0,0.07,1.68,4.24,4.14,15288,1.44,22.20,2.40,107.03,107.31,1.48,4.58,3.74,1.20
600573,惠泉啤酒,13.33,12.47,12.56,34440100.0,0.86,6.90,13.64,12.23,45105,13.78,40.69,11.31,33.33,33.33,2.44,13.72,11.22,2.56
600575,淮河能源,4.18,4.14,4.13,115233400.0,0.04,0.97,4.26,4.09,48274,2.97,19.26,4.11,162.45,299.57,1.34,4.55,3.73,1.00
600576,祥源文旅,5.90,5.82,5.83,10356700.0,0.08,1.37,5.94,5.80,6098,1.57,60.56,2.41,38.96,62.22,2.40,6.40,5.24,0.92
600577,精达股份,13.00,14.17,14.22,126611600.0,-1.17,-8.26,14.25,12.80,169162,5.89,45.80,10.23,279.64,279.64,4.58,15.59,12.75,1.45
600578,京能电力,9.38,9.21,8.90,414727800.0,0.17,1.85,9.70,8.66,387368,6.19,17.71,11.29,627.96,627.96,2.49,10.13,8.29,0.94
600579,中化装备,6.61,6.69,6.69,4656400.0,-0.08,-1.20,6.74,6.56,3086,0.94,-25.26,2.69,32.63,32.63,2.15,7.36,6.02,0.86
600580,卧龙电驱,39.46,41.68,41.69,80506700.0,-2.22,-5.33,42.15,38.31,322026,5.17,54.36,9.21,614.64,616.41,5.67,45.85,37.51,0.79
600581,*ST八钢,2.53,2.50,2.50,13531000.0,0.03,1.20,2.57,2.49,3422,0.88,-2.11,3.20,38.78,38.78,-1.84,2.63,2.38,1.03
600582,天地科技,5.42,5.41,5.39,24095900.0,0.01,0.18,5.45,5.39,13059,0.58,15.54,1.11,224.31,224.31,0.86,5.95,4.87,0.63
600583,海油工程,5.61,5.66,5.66,34124500.0,-0.05,-0.88,5.67,5.57,19183,0.77,12.51,1.77,248.04,248.04,0.85,6.23,5.09,0.99
600584,长电科技,82.05,84.74,86.00,310358600.0,-2.69,-3.17,89.77,80.33,2650835,17.34,88.87,11.14,1468.21,1468.21,5.10,93.21,76.27,1.02
600585,海螺水泥,20.15,19.67,19.75,42837100.0,0.48,2.44,20.20,19.75,85744,1.07,13.74,2.29,805.94,1067.81,0.55,21.64,17.70,2.03
600586,金晶科技,5.19,5.41,5.41,62326700.0,-0.22,-4.07,5.45,5.15,32452,4.40,-9.82,5.55,73.56,73.56,1.46,5.95,4.87,1.09
600587,新华医疗,13.47,13.26,13.26,7141500.0,0.21,1.58,13.48,13.21,9543,1.18,16.68,2.04,81.72,81.72,1.04,14.59,11.93,1.15
600588,用友网络,10.37,10.52,10.71,46350600.0,-0.15,-1.43,10.95,10.16,48551,1.36,-25.75,7.51,354.34,354.34,5.14,11.57,9.47,1.06
600589,大位科技,10.85,11.95,12.00,228032000.0,-1.10,-9.21,12.17,10.80,259702,15.42,-157.77,11.46,160.41,161.09,25.94,13.15,10.76,1.43
600590,泰豪科技,12.75,14.16,14.08,68545000.0,-1.41,-9.96,14.28,12.74,90468,8.13,144.73,10.88,107.56,108.74,3.35,15.58,12.74,0.91
600591,*ST上航,7.27,7.27,0.00,0.0,0.00,0.00,0.00,0.00,0,0.00,-9.97,0.00,78.63,94.78,8.69,-1,-1,0.00
600592,龙溪股份,20.17,21.23,21.04,15296600.0,-1.06,-4.99,21.10,20.17,31280,3.83,58.19,4.38,80.59,80.59,3.12,23.35,19.11,0.60
600593,大连圣亚,37.60,35.99,35.98,7805000.0,1.61,4.47,38.39,35.79,29274,6.06,95.97,7.22,48.43,49.05,23.46,39.59,32.39,2.00
600594,益佰制药,3.54,3.53,3.51,19381300.0,0.01,0.28,3.59,3.51,6874,2.45,-8.02,2.27,28.03,28.03,1.30,3.88,3.18,0.95
600595,中孚实业,7.00,7.07,7.11,77746200.0,-0.07,-0.99,7.23,6.95,55037,1.94,12.70,3.96,280.55,280.55,1.63,7.78,6.36,0.86
600596,新安股份,12.05,12.52,12.49,37520300.0,-0.47,-3.75,12.56,11.98,45734,2.78,77.44,4.63,162.63,162.63,1.30,13.77,11.27,0.61
600597,光明乳业,6.95,6.81,6.80,9078600.0,0.14,2.06,7.02,6.78,6292,0.66,-42.85,3.52,95.80,95.80,1.04,7.49,6.13,1.25
600598,北大荒,14.25,14.19,14.15,18578100.0,0.06,0.42,14.39,14.04,26478,1.05,20.96,2.47,253.32,253.32,3.33,15.61,12.77,0.98
600599,*ST熊猫,3.95,3.95,0.00,0.0,0.00,0.00,0.00,0.00,0,0.00,42.01,0.00,6.56,6.56,5.24,4.15,3.75,0.00
600600,青岛啤酒,61.14,59.90,59.90,11145500.0,1.24,2.07,61.65,59.51,67801,1.57,17.83,3.57,433.56,834.07,2.57,65.89,53.91,1.81
600601,方正科技,13.43,12.96,13.11,486625000.0,0.47,3.63,14.26,13.10,667393,11.67,91.78,8.95,560.07,573.96,11.76,14.26,11.66,1.65
600602,云赛智联,18.48,19.38,19.39,31585200.0,-0.90,-4.64,19.58,18.40,59525,2.94,128.85,6.09,198.53,252.75,5.14,21.32,17.44,0.93
600603,广汇物流,4.74,4.87,4.87,19235500.0,-0.13,-2.67,4.94,4.72,9273,1.64,31.74,4.52,55.74,55.74,0.77,5.36,4.38,0.73
600604,市北高新,4.47,4.46,4.48,23888900.0,0.01,0.22,4.64,4.46,10837,1.70,-23.76,4.04,62.91,83.74,1.39,4.91,4.01,0.40
600605,汇通能源,30.49,31.25,31.49,4513400.0,-0.76,-2.43,32.82,30.12,14135,2.19,271.04,8.64,62.90,62.90,4.43,34.38,28.13,0.95
600606,绿地控股,1.47,1.40,1.41,310405100.0,0.07,5.00,1.54,1.40,46813,2.21,-0.80,10.00,206.60,206.60,0.54,1.54,1.26,3.36
600607,上实医药,23.52,23.52,0.00,0.0,0.00,0.00,0.00,0.00,0,0.00,16.21,0.00,86.51,86.51,3.74,-1,-1,0.00
600608,*ST沪科,2.07,2.07,0.00,0.0,0.00,0.00,0.00,0.00,0,0.00,1568.37,0.00,6.59,6.81,16.52,2.17,1.97,0.00
600609,金杯汽车,3.61,3.62,3.59,15382200.0,-0.01,-0.28,3.67,3.59,5599,1.18,22.41,2.21,47.09,47.09,2.83,3.98,3.26,0.93
600610,中毅达,7.78,8.31,8.29,22234600.0,-0.53,-6.38,8.30,7.77,17670,3.14,150.32,6.38,55.14,83.35,59.94,9.14,7.48,0.92
600611,大众交通,4.73,4.84,4.84,148086500.0,-0.11,-2.27,5.04,4.70,71947,9.47,-193.63,7.02,73.94,111.82,1.17,5.32,4.36,0.70
600612,老凤祥,35.95,35.42,35.38,1554700.0,0.53,1.50,36.26,35.38,5586,0.49,11.13,2.48,114.00,188.06,1.37,38.96,31.88,1.29
600613,神奇制药,5.15,5.16,5.15,6413900.0,-0.01,-0.19,5.23,5.13,3319,1.34,76.12,1.94,24.68,27.50,1.18,5.68,4.64,1.07
600614,退市鹏起,0.26,0.26,0.00,0.0,0.00,0.00,0.00,0.00,0,0.00,-0.69,0.00,3.93,4.56,53.83,-1,-1,0.00
600615,鑫源智造,10.31,10.55,10.51,5663600.0,-0.24,-2.27,10.63,10.10,5813,2.51,-167.41,5.02,23.22,23.26,3.22,11.61,9.50,0.69
600616,金枫酒业,4.51,4.48,4.47,10838300.0,0.03,0.67,4.62,4.45,4922,1.62,7335.24,3.79,30.17,30.17,1.56,4.93,4.03,1.11
600617,国新能源,3.34,3.43,3.39,35551900.0,-0.09,-2.62,3.44,3.31,11991,2.00,-23.40,3.79,59.30,64.44,2.01,3.77,3.09,0.80
600618,氯碱化工,10.39,10.54,10.59,6888600.0,-0.15,-1.42,10.62,10.34,7210,0.92,14.36,2.66,77.91,120.15,1.26,11.59,9.49,0.77
600619,海立股份,15.27,16.33,16.29,33054600.0,-1.06,-6.49,16.33,15.18,51646,4.19,127.06,7.04,120.51,163.90,2.66,17.96,14.70,0.90
600620,天宸股份,4.78,4.88,4.87,6343300.0,-0.10,-2.05,4.96,4.76,3089,0.92,537.80,4.10,32.82,32.82,2.30,5.37,4.39,0.99
600621,华鑫股份,13.15,13.10,13.14,11454400.0,0.05,0.38,13.37,13.09,15158,1.08,21.35,2.14,139.51,139.51,1.49,14.41,11.79,1.00
600622,光大嘉宝,2.67,2.43,2.46,88476400.0,0.24,9.88,2.67,2.45,23373,5.90,-2.89,9.05,40.04,40.04,2.00,2.67,2.19,4.55
600623,华谊集团,8.74,8.77,8.80,12780900.0,-0.03,-0.34,8.87,8.67,11201,0.68,32.83,2.28,163.97,185.54,0.82,9.65,7.89,0.59
600624,ST复华,4.20,4.25,4.24,4531200.0,-0.05,-1.18,4.33,4.18,1924,0.67,-14.24,3.53,28.53,28.53,6.71,4.46,4.04,0.94
600625,PT水仙,4.80,4.80,0.00,0.0,0.00,0.00,0.00,0.00,0,0.00,-7.79,0.00,0.84,11.35,-18.10,-1,-1,0.00
600626,申达股份,3.68,3.80,3.79,19670800.0,-0.12,-3.16,3.81,3.64,7292,1.78,109.41,4.47,40.77,48.60,1.52,4.18,3.42,0.75
600627,上电股份,28.73,28.73,0.00,0.0,0.00,0.00,0.00,0.00,0,0.00,30.09,0.00,24.18,148.81,5.32,-1,-1,0.00
600628,新世界,6.42,6.30,6.29,11364200.0,0.12,1.90,6.53,6.27,7316,1.76,57.68,4.13,41.53,41.53,0.98,6.93,5.67,1.92
600629,华建集团,17.65,17.65,18.09,22729200.0,0.00,0.00,18.87,17.53,41471,2.37,1101.58,7.59,169.12,171.26,3.25,19.42,15.89,1.27
600630,龙头股份,7.71,7.62,7.60,5612100.0,0.09,1.18,7.75,7.60,4318,1.32,61.06,1.97,32.76,32.76,4.03,8.38,6.86,0.76
600631,百联股份(已合并),15.68,15.68,0.00,0.0,0.00,0.00,0.00,0.00,0,0.00,19.00,0.00,172.64,172.64,2.57,-1,-1,0.00
600632,华联商厦,9.53,9.53,0.00,0.0,0.00,0.00,0.00,0.00,0,0.00,68.60,0.00,11.86,40.27,2.39,-1,-1,0.00
600633,浙数文化,12.20,12.43,12.44,16857000.0,-0.23,-1.85,12.51,12.19,20757,1.33,26.27,2.57,154.71,154.71,1.49,13.67,11.19,0.75
600634,退市富控,0.28,0.28,0.00,0.0,0.00,0.00,0.00,0.00,0,0.00,-0.09,0.00,1.61,1.61,-0.04,-1,-1,0.00
600635,大众公用,5.25,5.47,5.41,96707700.0,-0.22,-4.02,5.45,5.25,51569,4.00,57.01,3.66,126.99,155.00,1.74,6.02,4.92,0.60
600636,*ST国化,4.51,4.51,0.00,0.0,0.00,0.00,0.00,0.00,0,0.00,-7.51,0.00,19.78,19.78,1.13,4.74,4.28,0.00
600637,东方明珠,9.73,9.91,9.91,69332100.0,-0.18,-1.82,10.17,9.69,68489,2.06,58.59,4.84,327.11,327.11,1.09,10.90,8.92,0.54
600638,新黄浦,5.65,5.82,5.80,19433100.0,-0.17,-2.92,6.05,5.65,11381,2.89,29.65,6.87,38.05,38.05,0.81,6.40,5.24,1.66
600639,浦东金桥,9.94,9.74,9.72,5451200.0,0.20,2.05,9.97,9.72,5389,0.64,10.70,2.57,84.51,111.57,0.74,10.71,8.77,1.42
600640,国脉文化,11.59,11.67,11.77,11746100.0,-0.08,-0.69,12.04,11.54,13800,1.48,391.17,4.28,92.22,92.22,2.32,12.84,10.50,0.66
600641,先导基电,26.90,28.00,28.40,42543200.0,-1.10,-3.93,28.56,26.71,116544,4.57,-207.06,6.61,250.34,254.71,3.07,30.80,25.20,0.76
600642,申能股份,10.32,9.83,9.80,74653000.0,0.49,4.98,10.45,9.73,76457,1.53,13.32,7.32,505.04,505.07,1.33,10.81,8.85,2.29
600643,爱建集团,4.29,4.27,4.32,14568500.0,0.02,0.47,4.43,4.27,6317,0.92,-3.41,3.75,68.23,68.35,0.70,4.70,3.84,0.87
600644,乐山电力,11.68,11.59,11.59,35523700.0,0.09,0.78,11.98,11.40,41696,6.60,296.88,5.00,62.89,67.55,3.27,12.75,10.43,1.97
600645,中源协和,19.90,19.87,20.06,13132600.0,0.03,0.15,20.58,19.80,26419,2.81,84.62,3.93,93.09,93.12,2.50,21.86,17.88,1.53
600646,ST国嘉,5.82,5.82,0.00,0.0,0.00,0.00,0.00,0.00,0,0.00,-1.77,0.00,1.77,10.46,-2.12,-1,-1,0.00
600647,退市同达,1.52,1.52,0.00,0.0,0.00,0.00,0.00,0.00,0,0.00,-117.64,0.00,2.11,2.11,0.52,-1,-1,0.00
600648,外高桥,9.66,9.52,9.54,2193300.0,0.14,1.47,9.72,9.54,2119,0.19,14.45,1.89,109.91,131.37,0.82,10.47,8.57,1.54
600649,城投控股,3.92,3.81,3.83,32294900.0,0.11,2.89,4.04,3.83,12747,1.29,35.97,5.51,98.18,98.18,0.47,4.19,3.43,1.97
600650,锦江在线,11.47,11.98,11.88,5670700.0,-0.51,-4.26,11.99,11.47,6619,1.45,44.37,4.34,44.80,63.27,1.49,13.18,10.78,0.53
600651,飞乐音响,6.41,6.29,6.30,38381900.0,0.12,1.91,6.66,6.15,24530,1.53,267.16,8.11,160.70,160.70,6.37,6.92,5.66,1.62
600652,退市游久,1.19,1.19,0.00,0.0,0.00,0.00,0.00,0.00,0,0.00,49.03,0.00,9.91,9.91,0.60,-1,-1,0.00
600653,申华控股,1.71,1.71,1.70,22347400.0,0.00,0.00,1.75,1.70,3848,1.15,-17.65,2.92,33.28,33.28,5.32,1.88,1.54,1.05
600654,中安科,3.28,3.41,3.42,74076400.0,-0.13,-3.81,3.43,3.26,24700,3.20,129.74,4.99,76.01,94.39,5.60,3.75,3.07,1.03
600655,豫园股份,4.74,4.58,4.56,20419800.0,0.16,3.49,4.78,4.56,9614,0.52,-3.85,4.80,184.38,184.44,0.62,5.04,4.12,1.67
600656,退市博元,4.49,4.49,0.00,0.0,0.00,0.00,0.00,0.00,0,0.00,-40.31,0.00,8.55,8.55,1.90,-1,-1,0.00
600657,信达地产,2.85,2.79,2.82,39789500.0,0.06,2.15,2.97,2.80,11555,1.40,-1.00,6.09,81.28,81.28,0.52,3.07,2.51,2.06
600658,电子城,4.71,4.81,4.83,25757900.0,-0.10,-2.08,5.08,4.68,12488,2.30,-2.77,8.32,52.69,52.69,1.30,5.29,4.33,1.41
600659,*ST花雕,1.41,1.41,0.00,0.0,0.00,0.00,0.00,0.00,0,0.00,22.72,0.00,0.63,2.45,1.60,-1,-1,0.00
600660,福耀玻璃,52.66,51.99,52.09,16511800.0,0.67,1.29,53.29,51.41,86903,0.82,15.28,3.62,1054.77,1374.29,3.82,57.19,46.79,1.14
600661,昂立教育,8.42,8.46,8.52,4600200.0,-0.04,-0.47,8.58,8.33,3885,1.61,24.66,2.96,24.13,24.13,9.47,9.31,7.61,0.90
600662,外服控股,4.48,4.46,4.47,16974000.0,0.02,0.45,4.56,4.45,7645,0.75,15.09,2.47,101.99,102.30,1.89,4.91,4.01,1.71
600663,陆家嘴,7.25,7.00,7.04,13993400.0,0.25,3.57,7.36,7.02,10098,0.44,45.95,4.86,228.79,365.05,1.45,7.70,6.30,1.43
600664,哈药股份,3.37,3.27,3.27,62006700.0,0.10,3.06,3.38,3.26,20644,2.46,27.40,3.67,84.87,84.87,1.45,3.60,2.94,1.45
600665,天地源,3.25,3.27,3.26,13734300.0,-0.02,-0.61,3.38,3.22,4534,1.59,-2.01,4.89,28.08,28.08,1.98,3.60,2.94,0.70
600666,奥瑞德,4.56,4.73,4.78,140571100.0,-0.17,-3.59,4.82,4.53,65328,5.62,89.60,6.13,114.10,125.47,11.44,5.20,4.26,0.76
600667,太极实业,12.86,13.63,13.73,294395600.0,-0.77,-5.65,14.30,12.67,393899,14.08,58.56,11.96,268.97,268.97,3.08,14.99,12.27,1.03
600668,尖峰集团,7.93,7.94,7.94,6619300.0,-0.01,-0.13,8.10,7.87,5286,1.60,-17.35,2.90,32.74,32.74,0.60,8.73,7.15,1.23
600669,*ST鞍成,2.19,2.19,0.00,0.0,0.00,0.00,0.00,0.00,0,0.00,-1.10,0.00,3.26,5.08,-0.40,-1,-1,0.00
600670,*ST斯达,2.87,2.87,0.00,0.0,0.00,0.00,0.00,0.00,0,0.00,-2.56,0.00,2.47,4.03,-2.69,-1,-1,0.00
600671,天目药业,17.46,17.87,17.75,1507700.0,-0.41,-2.29,17.97,17.36,2656,1.24,130.09,3.41,21.25,21.26,28.80,19.66,16.08,0.79
600672,*ST华圣,0.70,0.70,0.00,0.0,0.00,0.00,0.00,0.00,0,0.00,-1.11,0.00,1.79,3.09,-0.37,-1,-1,0.00
600673,东阳光,35.62,39.31,39.20,126715500.0,-3.69,-9.39,39.60,35.38,463371,4.22,918.57,10.74,1069.15,1072.00,10.80,43.24,35.38,1.27
600674,川投能源,15.50,15.06,15.00,69923800.0,0.44,2.92,15.50,14.92,107178,1.43,15.98,3.85,755.56,755.56,1.63,16.57,13.55,2.19
600675,中华企业,2.43,2.34,2.34,36672700.0,0.09,3.85,2.48,2.34,8884,0.61,-33.87,5.98,146.92,146.92,1.02,2.57,2.11,1.99
600676,交运股份,6.71,6.74,6.79,12127300.0,-0.03,-0.45,6.82,6.66,8137,1.18,-20.44,2.37,69.01,69.01,1.45,7.41,6.07,0.63
600677,*ST航通,3.01,3.01,0.00,0.0,0.00,0.00,0.00,0.00,0,0.00,-5.12,0.00,13.66,15.71,-7.36,-1,-1,0.00
600678,ST金顶,6.69,6.47,6.66,47498500.0,0.22,3.40,6.79,6.52,31847,13.61,-261.01,4.17,23.35,23.35,9.05,6.79,6.15,1.57
600679,上海凤凰,9.76,9.80,9.80,3119000.0,-0.04,-0.41,9.89,9.72,3054,0.91,57.07,1.73,33.54,50.29,2.36,10.78,8.82,0.98
600680,*ST上普,7.69,7.69,0.00,0.0,0.00,0.00,0.00,0.00,0,0.00,-15.12,0.00,19.80,29.39,20.76,-1,-1,0.00
600681,百川能源,3.74,3.71,3.70,17578300.0,0.03,0.81,3.82,3.69,6594,1.31,20.46,3.50,50.11,50.15,1.36,4.08,3.34,1.01
600682,南京新百,5.76,5.53,5.53,30270700.0,0.23,4.16,6.03,5.52,17471,2.60,-8.25,9.22,67.05,77.48,0.47,6.08,4.98,2.56
600683,京投发展,15.20,16.12,16.30,29240500.0,-0.92,-5.71,16.35,14.93,44923,3.95,-9.41,8.81,112.60,112.60,-8.95,17.73,14.51,0.78
600684,珠江股份,3.70,3.72,3.76,20035800.0,-0.02,-0.54,3.85,3.67,7541,2.35,65.99,4.84,31.58,40.92,3.25,4.09,3.35,1.29
600685,中船防务,28.23,28.92,28.92,10476400.0,-0.69,-2.39,29.10,28.12,29932,1.28,32.71,3.39,231.89,399.03,2.19,31.81,26.03,0.94
600686,金龙汽车,13.43,13.76,13.73,16492000.0,-0.33,-2.40,13.86,13.35,22247,2.30,16.85,3.71,96.30,96.30,2.65,15.14,12.38,0.86
600687,退市刚泰,0.30,0.30,0.00,0.0,0.00,0.00,0.00,0.00,0,0.00,-0.48,0.00,4.47,4.47,0.50,-1,-1,0.00
600688,上海石化,2.72,2.74,2.73,55594500.0,-0.02,-0.73,2.74,2.70,15122,0.76,-30.91,1.46,199.34,286.76,1.22,3.01,2.47,1.37
600689,上海三毛,11.61,12.04,12.09,3373700.0,-0.43,-3.57,12.09,11.60,3980,2.22,200.72,4.07,17.67,23.34,4.92,13.24,10.84,1.13
600690,海尔智家,20.88,20.11,20.09,83482300.0,0.77,3.83,21.16,20.06,173604,1.34,10.46,5.47,1305.63,1958.05,1.56,22.12,18.10,2.33
600691,潞化科技,2.70,2.75,2.77,33701600.0,-0.05,-1.82,2.81,2.68,9237,1.42,-8.74,4.73,64.14,64.15,2.06,3.03,2.48,1.08
600692,亚通股份,6.79,6.87,6.95,5865400.0,-0.08,-1.16,7.03,6.76,4041,2.30,89.13,3.93,17.32,23.88,2.46,7.56,6.18,0.83
600693,东百集团,10.08,9.16,9.05,83162000.0,0.92,10.04,10.08,8.86,81103,9.57,171.29,13.32,87.59,87.68,2.43,10.08,8.24,1.55
600694,DR大商股,15.06,14.68,14.61,7457000.0,0.38,2.59,15.32,14.56,11175,1.97,11.41,5.18,57.05,57.05,0.65,16.15,13.21,2.10
600695,退市绿庭,0.51,0.51,0.00,0.0,0.00,0.00,0.00,0.00,0,0.00,19.94,0.00,1.87,3.63,0.56,-1,-1,0.00
600696,*ST岩石,1.31,1.31,0.00,0.0,0.00,0.00,0.00,0.00,0,0.00,-1.56,0.00,4.38,4.38,4.39,1.38,1.24,0.00
600697,欧亚集团,11.52,11.31,11.31,4725900.0,0.21,1.86,11.71,11.31,5444,3.04,-35.51,3.54,17.90,18.33,0.82,12.44,10.18,1.42
600698,湖南天雁,6.78,6.90,6.85,6892400.0,-0.12,-1.74,6.92,6.76,4697,0.83,-238.76,2.32,56.30,72.45,9.81,7.59,6.21,0.76
600699,均胜电子,26.22,28.31,28.20,71170700.0,-2.09,-7.38,28.37,26.08,191892,5.25,29.10,8.09,355.30,406.61,2.32,31.14,25.48,0.76
600700,*ST数码,0.64,0.64,0.00,0.0,0.00,0.00,0.00,0.00,0,0.00,-0.92,0.00,1.00,1.86,-0.15,-1,-1,0.00
600701,退市工新,0.45,0.45,0.00,0.0,0.00,0.00,0.00,0.00,0,0.00,-12.43,0.00,3.75,4.66,-0.08,-1,-1,0.00
600702,舍得酒业,44.06,42.20,42.13,20715200.0,1.86,4.41,45.40,41.92,90955,6.23,135.21,8.25,146.55,146.61,2.08,46.42,37.98,1.94
600703,三安光电,15.64,16.85,17.00,358549700.0,-1.21,-7.18,17.17,15.50,577937,7.19,-156.80,9.91,780.28,780.28,2.24,18.54,15.17,1.33
600704,物产中大,4.97,5.00,4.99,53109800.0,-0.03,-0.60,5.03,4.94,26495,1.03,7.12,1.80,257.01,257.01,0.61,5.50,4.50,1.08
600705,中航产融,3.47,3.47,0.00,0.0,0.00,0.00,0.00,0.00,0,0.00,154.05,0.00,305.51,306.09,0.82,-1,-1,0.00
600706,曲江文旅,8.16,8.20,8.21,6493800.0,-0.04,-0.49,8.36,8.07,5339,2.56,-12.46,3.54,20.73,20.81,4.64,9.02,7.38,0.99
600707,彩虹股份,9.77,10.86,10.78,200234900.0,-1.09,-10.04,10.86,9.77,202761,5.58,610.11,10.04,350.52,350.59,1.61,11.95,9.77,0.77
600708,光明地产,3.29,3.27,3.28,28621400.0,0.02,0.61,3.40,3.27,9485,1.29,-1.99,3.98,73.21,73.32,1.23,3.60,2.94,1.19
600709,ST生态,3.02,3.02,0.00,0.0,0.00,0.00,0.00,0.00,0,0.00,107.87,0.00,6.03,13.47,8.89,-1,-1,0.00
600710,苏美达,11.70,11.48,11.48,15453500.0,0.22,1.92,11.88,11.48,18191,1.18,11.14,3.48,152.89,152.89,1.79,12.63,10.33,1.66
600711,盛屯矿业,12.20,12.33,12.48,78792700.0,-0.13,-1.05,12.60,11.96,96408,2.55,14.01,5.19,377.05,377.05,2.18,13.56,11.10,0.92
600712,南宁百货,5.89,5.84,5.84,9612800.0,0.05,0.86,6.04,5.83,5725,1.78,-100.34,3.60,31.73,32.08,4.23,6.42,5.26,1.29
600713,南京医药,5.01,4.93,4.94,10960100.0,0.08,1.62,5.04,4.93,5479,0.85,10.54,2.23,64.62,65.58,0.89,5.42,4.44,0.95
600714,金瑞矿业,29.36,30.05,29.26,21779900.0,-0.69,-2.30,30.86,28.40,64197,7.56,595.79,8.19,84.61,84.61,11.24,33.06,27.05,0.75
600715,文投控股,1.91,1.91,1.90,21211300.0,0.00,0.00,1.95,1.90,4079,0.74,-122.81,2.62,54.67,77.54,7.17,2.10,1.72,0.93
600716,凤凰股份,3.70,3.73,3.73,7905000.0,-0.03,-0.80,3.85,3.67,2969,0.84,-8.31,4.83,34.63,34.63,0.78,4.10,3.36,0.82
600717,天津港,4.49,4.38,4.39,36948300.0,0.11,2.51,4.52,4.38,16514,1.28,12.28,3.20,129.94,129.94,0.64,4.82,3.94,2.17
600718,东软集团,8.17,8.24,8.24,12808600.0,-0.07,-0.85,8.33,8.12,10536,1.07,-19.80,2.55,97.75,97.75,1.10,9.06,7.42,1.10
600719,大连热电,9.64,9.59,9.30,61364100.0,0.05,0.52,10.02,9.28,59777,15.17,-65.43,7.72,39.00,39.00,9.67,10.55,8.63,0.84
600720,中交设计,6.04,5.96,5.96,9237500.0,0.08,1.34,6.10,5.96,5582,0.92,9.67,2.35,60.95,138.59,0.87,6.56,5.36,1.42
600721,百花医药,7.30,7.33,7.34,7577500.0,-0.03,-0.41,7.38,7.24,5552,1.97,105.49,1.91,28.07,28.07,3.54,8.06,6.60,1.07
600722,金牛化工,10.33,10.57,10.58,21857700.0,-0.24,-2.27,10.58,10.18,22621,3.21,147.75,3.78,70.28,70.28,5.57,11.63,9.51,0.79
600723,首商股份,8.93,8.93,0.00,0.0,0.00,0.00,0.00,0.00,0,0.00,26.51,0.00,58.77,58.80,1.44,-1,-1,0.00
600724,宁波富达,6.93,6.91,6.95,12290700.0,0.02,0.29,7.15,6.90,8626,0.85,54.01,3.62,100.13,100.16,3.54,7.60,6.22,1.08
600725,云维股份,3.87,3.89,3.88,14688300.0,-0.02,-0.51,3.96,3.82,5711,1.19,-126.81,3.60,47.70,47.70,18.59,4.28,3.50,0.90
600726,华电能源,10.13,9.21,9.75,168755300.0,0.92,9.99,10.13,9.75,169475,2.26,246.69,4.13,757.25,801.01,16.08,10.13,8.29,1.01
600727,鲁北化工,8.04,8.19,8.16,19453500.0,-0.15,-1.83,8.20,7.96,15693,3.68,72.25,2.93,42.50,42.50,1.31,9.01,7.37,0.89
600728,佳都科技,4.83,4.97,5.00,33387400.0,-0.14,-2.82,5.03,4.82,16366,1.57,156.58,4.23,103.00,103.00,1.30,5.47,4.47,1.02
600729,重百集团,20.05,18.94,18.90,7249000.0,1.11,5.86,20.25,18.76,14249,3.77,10.40,7.87,38.59,88.31,1.09,20.83,17.05,3.05
600730,*ST高科,14.75,14.09,14.24,30632600.0,0.66,4.68,14.79,14.15,44558,5.22,-67.25,4.54,86.53,86.53,5.16,14.79,13.39,0.96
600731,湖南海利,5.64,5.70,5.70,9854000.0,-0.06,-1.05,5.73,5.51,5573,1.82,13.60,3.86,30.55,31.51,0.98,6.27,5.13,1.46
600732,爱旭股份,12.10,12.41,12.41,39426700.0,-0.31,-2.50,12.50,11.91,47763,1.88,-13.06,4.75,254.03,256.19,5.40,13.65,11.17,1.07
600733,北汽蓝谷,6.11,6.30,6.30,64443100.0,-0.19,-3.02,6.37,6.10,39946,1.16,-8.68,4.29,339.44,389.03,6.46,6.93,5.67,1.05
600734,*ST实达,2.12,2.12,2.11,65305500.0,0.00,0.00,2.21,2.10,14058,3.00,-32.84,5.19,46.17,46.18,20.15,2.23,2.01,0.99
600735,ST新华锦,7.20,7.02,7.06,13360200.0,0.18,2.56,7.37,6.93,9581,3.14,-23.74,6.27,30.63,30.87,2.89,7.37,6.67,1.10
600736,苏州高新,7.05,7.25,7.27,71258400.0,-0.20,-2.76,7.50,7.02,51749,6.19,37.60,6.62,81.17,81.17,1.09,7.98,6.53,1.70
600737,中粮糖业,12.90,12.72,12.74,24991200.0,0.18,1.42,13.12,12.72,32335,1.17,27.86,3.14,275.91,275.91,2.37,13.99,11.45,0.82
600738,丽尚国潮,4.38,4.31,4.30,13995700.0,0.07,1.62,4.45,4.29,6142,1.84,20.03,3.71,33.32,33.35,1.54,4.74,3.88,1.64
600739,辽宁成大,10.76,10.74,10.76,11109200.0,0.02,0.19,10.96,10.70,12017,0.73,17.51,2.42,164.60,164.60,0.56,11.81,9.67,1.14
600740,山西焦化,3.85,3.80,3.80,41754000.0,0.05,1.32,3.90,3.79,16110,1.63,72.97,2.89,98.64,98.64,0.65,4.18,3.42,1.03
600741,华域汽车,16.71,16.63,16.65,28173200.0,0.08,0.48,16.85,16.56,47096,0.89,7.34,1.74,526.82,526.82,0.77,18.29,14.97,1.17
600742,XD富维股,8.09,8.09,8.11,4298600.0,0.00,0.00,8.22,8.07,3504,0.58,13.42,1.85,60.11,60.11,0.71,8.90,7.28,0.67
600743,华远控股,2.46,2.45,2.44,107182000.0,0.01,0.41,2.65,2.42,26874,4.57,-56.83,9.39,57.71,57.71,10.42,2.70,2.21,2.27
600744,华银电力,9.06,8.76,8.78,300432200.0,0.30,3.42,9.19,8.53,269061,14.79,127.50,7.53,184.02,184.02,14.28,9.64,7.88,1.83
600745,*ST闻泰,20.67,19.69,20.67,6427700.0,0.98,4.98,20.67,20.67,13286,0.52,-2.80,0.00,257.27,257.27,1.13,20.67,18.71,0.11
600746,江苏索普,6.41,6.54,6.54,9269900.0,-0.13,-1.99,6.55,6.37,5974,0.79,114.47,2.75,74.86,74.86,1.37,7.19,5.89,0.88
600747,退市大控,0.26,0.26,0.00,0.0,0.00,0.00,0.00,0.00,0,0.00,-0.24,0.00,2.77,3.81,0.91,-1,-1,0.00
600748,上实发展,4.70,4.58,4.66,50056600.0,0.12,2.62,5.04,4.62,24229,2.71,-13.27,9.17,86.69,86.69,0.84,5.04,4.12,2.45
600749,西藏旅游,14.82,14.59,14.58,10489400.0,0.23,1.58,15.28,14.52,15631,4.62,271.30,5.21,33.64,33.64,3.23,16.05,13.13,1.77
600750,华润江中,25.05,23.71,23.77,8626100.0,1.34,5.65,25.14,23.67,21288,1.37,17.50,6.20,157.49,159.22,3.69,26.08,21.34,1.65
600751,海航科技,3.31,3.33,3.33,55778500.0,-0.02,-0.60,3.52,3.29,18856,2.17,131.61,6.91,85.17,95.97,1.27,3.66,3.00,1.30
600752,*ST哈慈,0.84,0.84,0.00,0.0,0.00,0.00,0.00,0.00,0,0.00,-0.63,0.00,1.35,2.84,-0.93,-1,-1,0.00
600753,*ST海钦,13.15,12.86,13.05,2900100.0,0.29,2.26,13.25,12.80,3793,1.26,50.48,3.50,30.29,30.29,34.48,13.50,12.22,0.95
600754,锦江酒店,20.41,19.79,19.79,21101900.0,0.62,3.13,20.77,19.71,43133,2.33,21.20,5.36,184.92,217.63,1.40,21.77,17.81,1.34
600755,厦门国贸,5.93,5.87,5.89,15790000.0,0.06,1.02,5.98,5.87,9367,0.74,37.08,1.87,126.44,126.76,0.66,6.46,5.28,1.06
600756,浪潮软件,14.06,14.63,14.70,8283000.0,-0.57,-3.90,14.82,14.00,11837,2.56,-18.58,5.60,45.57,49.16,2.20,16.09,13.17,0.93
600757,长江传媒,8.08,7.78,7.76,13986600.0,0.30,3.86,8.10,7.74,11159,1.15,10.34,4.63,98.05,98.06,0.95,8.56,7.00,1.85
600758,辽宁能源,4.69,4.57,4.58,177252400.0,0.12,2.63,4.84,4.45,82845,13.42,-12.81,8.53,61.94,62.00,1.16,5.03,4.11,1.10
600759,ST洲际,2.76,2.63,2.76,36748100.0,0.13,4.94,2.76,2.76,10142,0.89,53.88,0.00,114.37,114.51,1.26,2.76,2.50,0.14
600760,中航沈飞,42.98,42.83,42.75,17685400.0,0.15,0.35,43.35,41.98,75638,0.63,37.47,3.20,1216.14,1218.52,5.29,47.11,38.55,1.06
600761,安徽合力,17.80,17.70,17.70,15132300.0,0.10,0.56,18.28,17.69,27272,1.70,13.04,3.33,158.54,158.54,1.42,19.47,15.93,1.21
600762,S*ST金荔,0.77,0.77,0.00,0.0,0.00,0.00,0.00,0.00,0,0.00,2.82,0.00,0.33,0.81,-0.22,-1,-1,0.00
600763,通策医疗,37.41,36.42,36.27,9599200.0,0.99,2.72,38.15,36.27,35814,2.15,33.14,5.16,167.33,167.33,3.79,40.06,32.78,1.34
600764,中国海防,20.45,20.82,20.93,4130600.0,-0.37,-1.78,20.93,20.38,8498,0.58,126.21,2.64,145.32,145.32,1.77,22.90,18.74,0.98
600765,中航重机,14.26,14.57,14.63,17225400.0,-0.31,-2.13,14.63,14.23,24728,1.11,38.91,2.75,221.39,221.39,1.54,16.03,13.11,0.96
600766,退市园城,0.42,0.42,0.00,0.0,0.00,0.00,0.00,0.00,0,0.00,-26.16,0.00,0.94,0.94,1.41,-1,-1,0.00
600767,退市运盛,0.42,0.42,0.00,0.0,0.00,0.00,0.00,0.00,0,0.00,-3.90,0.00,1.43,1.43,0.73,-1,-1,0.00
600768,宁波富邦,16.29,16.80,16.85,5655900.0,-0.51,-3.04,17.60,16.12,9457,4.23,26.74,8.81,21.79,21.79,4.76,18.48,15.12,1.03
600769,祥龙电业,15.05,15.77,15.77,23422200.0,-0.72,-4.57,16.00,14.79,35905,6.25,293.34,7.67,56.43,56.43,44.53,17.35,14.19,0.61
600770,综艺股份,6.18,6.50,6.50,51201400.0,-0.32,-4.92,6.55,6.14,32246,3.94,61.46,6.31,80.34,80.34,2.36,7.15,5.85,1.03
600771,广誉远,15.23,14.73,14.73,9923400.0,0.50,3.39,15.32,14.73,14963,2.03,112.62,4.01,74.55,74.55,4.39,16.20,13.26,1.51
600772,S*ST龙昌,1.30,1.30,0.00,0.0,0.00,0.00,0.00,0.00,0,0.00,-2.33,0.00,1.18,3.74,0.71,-1,-1,0.00
600773,西藏城投,16.82,18.12,18.12,36362200.0,-1.30,-7.17,18.53,16.74,62982,3.82,-28.01,9.88,160.06,160.06,3.78,19.93,16.31,1.26
600774,汉商集团,7.48,7.56,7.59,4454400.0,-0.08,-1.06,7.71,7.46,3362,1.51,-12.06,3.31,22.06,22.07,1.49,8.32,6.80,1.02
600775,南京熊猫,10.78,11.30,11.33,18758000.0,-0.52,-4.60,11.34,10.70,20534,2.79,301.46,5.66,72.42,98.51,3.17,12.43,10.17,1.07
600776,东方通信,14.58,15.57,15.50,23926400.0,-0.99,-6.36,15.56,14.50,35635,2.50,40.04,6.81,139.38,183.12,4.79,17.13,14.01,1.17
600777,*ST新潮,5.38,5.35,5.31,19337100.0,0.03,0.56,5.47,5.19,10301,0.30,48.17,5.23,342.50,365.87,1.65,5.62,5.08,0.81
600778,友好集团,6.21,6.21,6.17,10573300.0,0.00,0.00,6.40,6.16,6620,3.40,140.47,3.86,19.33,19.34,7.65,6.83,5.59,1.61
600779,水井坊,35.80,34.79,34.08,23495900.0,1.01,2.90,36.96,34.08,83830,4.82,45.14,8.28,174.53,174.53,3.30,38.27,31.31,2.39
600780,通宝能源,7.72,7.66,7.46,76378200.0,0.06,0.78,7.87,7.42,58814,6.66,13.58,5.87,88.51,88.51,1.03,8.43,6.89,1.77
600781,退市辅仁,0.77,0.77,0.00,0.0,0.00,0.00,0.00,0.00,0,0.00,-0.18,0.00,2.88,4.83,-0.23,-1,-1,0.00
600782,新钢股份,2.81,2.79,2.80,46600600.0,0.02,0.72,2.86,2.79,13181,1.48,-12.81,2.51,88.39,89.47,0.35,3.07,2.51,1.00
600783,鲁信创投,21.08,22.39,22.47,28699300.0,-1.31,-5.85,22.57,20.90,61600,3.86,93.98,7.46,156.91,156.91,3.57,24.63,20.15,0.86
600784,鲁银投资,7.57,8.03,8.01,26720700.0,-0.46,-5.73,8.03,7.52,20510,3.95,35.07,6.35,51.15,51.15,1.54,8.83,7.23,0.77
600785,新华百货,16.31,16.40,16.27,9673500.0,-0.09,-0.55,16.98,16.13,15990,4.29,61.82,5.18,36.80,36.80,1.59,18.04,14.76,1.39
600786,东方锅炉,82.20,82.20,0.00,0.0,0.00,0.00,0.00,0.00,0,0.00,78.19,0.00,105.42,329.96,12.76,-1,-1,0.00
600787,中储股份,4.78,4.72,4.72,31556500.0,0.06,1.27,4.86,4.71,15140,1.45,19.17,3.18,103.73,103.73,0.74,5.19,4.25,1.79
600788,*ST达曼,0.91,0.91,0.00,0.0,0.00,0.00,0.00,0.00,0,0.00,-0.16,0.00,0.95,2.61,-0.23,-1,-1,0.00
600789,鲁抗医药,7.88,7.79,7.80,12906800.0,0.09,1.16,7.92,7.72,10107,1.44,94.71,2.57,70.82,82.36,1.59,8.57,7.01,1.19
600790,轻纺城,4.08,4.08,4.07,23422500.0,0.00,0.00,4.17,4.06,9629,1.60,19.71,2.70,59.80,59.80,1.01,4.49,3.67,0.82
600791,京能置业,15.38,15.66,15.85,12770600.0,-0.28,-1.79,16.13,15.19,19951,2.82,-6.14,6.00,69.57,69.65,-11.49,17.23,14.09,0.71
600792,云煤能源,4.06,3.97,3.91,34870600.0,0.09,2.27,4.18,3.91,14153,3.14,-9.17,6.80,45.06,45.06,1.85,4.37,3.57,1.49
600793,宜宾纸业,14.15,14.52,14.52,2913000.0,-0.37,-2.55,14.52,14.07,4157,1.65,-171.88,3.10,25.03,25.03,11.05,15.97,13.07,0.99
600794,保税科技,3.22,3.24,3.22,10451300.0,-0.02,-0.62,3.29,3.21,3401,0.87,-38.89,2.47,38.64,38.64,1.55,3.56,2.92,1.09
600795,国电电力,5.15,5.00,5.03,512827000.0,0.15,3.00,5.17,5.00,262750,2.88,13.61,3.40,918.53,918.53,1.50,5.50,4.50,2.21
600796,钱江生化,5.35,5.34,5.35,6408200.0,0.01,0.19,5.45,5.31,3447,2.06,26.89,2.62,16.66,46.36,1.33,5.87,4.81,1.03
600797,浙大网新,7.06,7.38,7.40,28937800.0,-0.32,-4.34,7.46,7.02,20779,2.82,-100.27,5.96,72.54,72.54,2.19,8.12,6.64,0.95
600798,宁波海运,3.46,3.53,3.53,19234300.0,-0.07,-1.98,3.54,3.44,6712,1.59,63.68,2.83,41.75,41.75,1.06,3.88,3.18,0.72
600799,*ST龙科,0.54,0.54,0.00,0.0,0.00,0.00,0.00,0.00,0,0.00,-0.33,0.00,0.96,2.11,-0.45,-1,-1,0.00
600800,渤海化学,3.90,4.21,4.21,43002100.0,-0.31,-7.36,4.22,3.87,17211,3.88,-6.98,8.31,43.28,43.29,4.42,4.63,3.79,1.66
600801,华新建材,18.64,18.51,18.82,10523800.0,0.13,0.70,18.95,18.60,19754,0.78,11.93,1.89,250.09,387.52,1.18,20.36,16.66,0.81
600802,福建水泥,5.07,5.13,5.10,8117500.0,-0.06,-1.17,5.22,5.02,4152,1.77,-15.57,3.90,23.23,23.23,2.54,5.64,4.62,1.33
600803,新奥股份,19.55,19.28,19.20,8501700.0,0.27,1.40,19.68,19.15,16532,0.28,13.88,2.75,600.52,605.23,2.50,21.21,17.35,1.45
600804,退市鹏博,0.14,0.14,0.00,0.0,0.00,0.00,0.00,0.00,0,0.00,-0.31,0.00,1.95,2.32,-2.44,-1,-1,0.00
600805,悦达投资,4.69,4.74,4.73,9423200.0,-0.05,-1.05,4.79,4.69,4473,1.11,111.50,2.11,39.88,39.91,0.93,5.21,4.27,1.11
600806,退市昆机,1.47,1.47,0.00,0.0,0.00,0.00,0.00,0.00,0,0.00,-2.49,0.00,5.74,7.81,-8.16,-1,-1,0.00
600807,济高发展,2.77,2.96,2.93,39689000.0,-0.19,-6.42,2.99,2.77,11452,5.04,-11.97,7.43,21.80,24.50,8.29,3.26,2.66,1.42
600808,马钢股份,2.95,2.99,3.00,56140200.0,-0.04,-1.34,3.03,2.94,16750,0.94,-1016.00,3.01,176.05,227.17,0.94,3.29,2.69,0.91
600809,山西汾酒,128.30,126.17,125.78,17265600.0,2.13,1.69,131.88,125.08,222478,1.42,14.25,5.39,1565.21,1565.21,3.48,138.79,113.55,1.68
600810,神马股份,5.95,6.06,6.07,17059200.0,-0.11,-1.82,6.12,5.91,10255,1.58,-37.16,3.47,64.30,64.89,0.94,6.67,5.45,1.27
600811,*ST东方,0.36,0.36,0.00,0.0,0.00,0.00,0.00,0.00,0,0.00,-0.10,0.00,13.17,13.17,0.08,-1,-1,0.00
600812,华北制药,4.54,4.48,4.49,17841300.0,0.06,1.34,4.57,4.47,8060,1.04,48.37,2.23,77.89,77.89,1.40,4.93,4.03,0.98
600813,ST鞍一工,3.83,3.83,0.00,0.0,0.00,0.00,0.00,0.00,0,0.00,-6.71,0.00,3.81,9.88,-0.37,-1,-1,0.00
600814,杭州解百,7.27,7.02,6.98,15664900.0,0.25,3.56,7.41,6.98,11380,2.13,23.43,6.13,53.44,53.44,1.40,7.72,6.32,3.12
600815,厦工股份,3.33,3.45,3.45,45627400.0,-0.12,-3.48,3.47,3.30,15431,2.57,-72.18,4.93,59.08,59.08,4.06,3.80,3.11,0.77
600816,建元信托,3.09,3.09,3.09,75907600.0,0.00,0.00,3.17,3.08,23766,1.39,27.43,2.91,169.00,304.19,1.99,3.40,2.78,0.95
600817,宇通重工,10.08,10.16,10.15,2941300.0,-0.08,-0.79,10.20,10.06,2977,0.56,17.81,1.38,53.35,53.87,2.06,11.18,9.14,0.80
600818,ST中路,6.00,6.00,6.01,7824400.0,0.00,0.00,6.18,5.93,4741,3.29,-26.69,4.17,14.28,19.29,3.86,6.30,5.70,0.87
600819,耀皮玻璃,6.78,7.11,7.08,14470600.0,-0.33,-4.64,7.16,6.76,9924,1.94,56.53,5.63,50.67,66.22,1.71,7.82,6.40,1.03
600820,隧道股份,5.75,5.61,5.66,27905800.0,0.14,2.50,5.80,5.65,16052,0.89,8.29,2.67,180.79,180.79,0.56,6.17,5.05,1.32
600821,金开新能,8.11,8.17,8.14,163149400.0,-0.06,-0.73,8.45,8.03,134131,8.29,-416.44,5.14,159.55,159.55,1.77,8.99,7.35,1.25
600822,上海物贸,8.80,8.82,8.77,3463800.0,-0.02,-0.23,8.96,8.77,3073,0.87,154.29,2.15,34.86,43.65,3.52,9.70,7.94,1.13
600823,*ST世茂,0.43,0.43,0.00,0.0,0.00,0.00,0.00,0.00,0,0.00,-0.16,0.00,16.13,16.13,0.15,-1,-1,0.00
600824,益民集团,3.82,3.76,3.76,13795200.0,0.06,1.60,3.89,3.73,5298,1.31,31.75,4.26,40.26,40.26,1.59,4.14,3.38,1.61
600825,新华传媒,5.17,5.18,5.20,5529200.0,-0.01,-0.19,5.26,5.13,2881,0.53,126.81,2.51,54.02,54.02,2.18,5.70,4.66,0.84
600826,兰生股份,8.65,8.54,8.47,5326800.0,0.11,1.29,8.76,8.47,4619,0.72,18.87,3.40,63.62,63.62,1.47,9.39,7.69,1.07
600827,百联股份,8.49,8.04,8.00,32897400.0,0.45,5.60,8.64,7.98,27610,2.05,12.31,8.21,136.22,151.48,0.74,8.84,7.24,2.80
600828,茂业商业,4.63,4.21,4.21,26597700.0,0.42,9.98,4.63,4.21,11976,1.54,-28.78,9.98,80.16,80.19,1.19,4.63,3.79,1.30
600829,人民同泰,8.71,8.60,8.61,6577400.0,0.11,1.28,8.83,8.50,5733,1.13,37.01,3.84,50.51,50.51,1.65,9.46,7.74,1.39
600830,香溢融通,8.32,8.41,8.38,8035800.0,-0.09,-1.07,8.51,8.28,6741,1.77,45.95,2.73,37.80,37.80,1.67,9.25,7.57,0.83
600831,广电网络,3.78,3.87,3.85,34224800.0,-0.09,-2.33,4.15,3.76,13151,4.81,-1.75,10.08,26.87,26.87,7.58,4.26,3.48,0.89
600832,东方明珠,23.18,23.18,0.00,0.0,0.00,0.00,0.00,0.00,0,0.00,57.69,0.00,738.59,738.59,7.39,-1,-1,0.00
600833,第一医药,10.57,10.52,10.53,3317300.0,0.05,0.48,10.68,10.45,3509,1.49,30.92,2.19,23.58,23.58,2.00,11.57,9.47,0.98
600834,申通地铁,7.67,7.65,7.69,3888800.0,0.02,0.26,7.72,7.61,2974,0.81,74.48,1.44,36.62,36.62,2.10,8.42,6.89,0.86
600835,上海机电,21.91,22.92,23.16,11075600.0,-1.01,-4.41,23.26,21.84,24738,1.37,29.20,6.20,176.71,224.08,1.58,25.21,20.63,0.87
600836,*ST易连,0.45,0.45,0.00,0.0,0.00,0.00,0.00,0.00,0,0.00,-7.79,0.00,2.99,3.01,0.27,-1,-1,0.00
600837,海通证券,10.41,10.41,0.00,0.0,0.00,0.00,0.00,0.00,0,0.00,-33.89,0.00,1005.05,1359.98,0.84,-1,-1,0.00
600838,上海九百,8.50,8.35,8.34,18205400.0,0.15,1.80,8.71,8.32,15622,4.54,79.51,4.67,34.07,34.07,2.21,9.19,7.52,2.28
600839,四川长虹,7.20,7.40,7.41,91219300.0,-0.20,-2.70,7.47,7.20,66662,1.98,44.80,3.65,332.28,332.37,2.16,8.14,6.66,1.02
600840,新湖创业,23.80,23.80,0.00,0.0,0.00,0.00,0.00,0.00,0,0.00,101.21,0.00,46.45,72.37,8.50,-1,-1,0.00
600841,动力新科,7.26,7.39,7.45,14156100.0,-0.13,-1.76,7.58,7.24,10422,1.36,3.23,4.60,75.72,100.76,1.57,8.13,6.65,0.90
600842,中西药业,13.96,13.96,0.00,0.0,0.00,0.00,0.00,0.00,0,0.00,88.03,0.00,30.09,30.10,8.15,-1,-1,0.00
600843,上工申贝,7.70,8.02,8.02,10356000.0,-0.32,-3.99,8.18,7.66,8120,2.21,-47.33,6.48,36.13,54.91,2.02,8.82,7.22,1.14
600844,金煤科技,2.98,3.07,3.03,20747200.0,-0.09,-2.93,3.06,2.95,6214,2.52,-21.02,3.58,24.52,30.29,57.81,3.38,2.76,0.86
600845,宝信软件,20.15,20.96,20.97,20955300.0,-0.81,-3.86,21.15,20.15,42867,0.98,46.59,4.77,430.01,578.46,5.38,23.06,18.86,0.80
600846,同济科技,10.97,11.30,11.30,4205800.0,-0.33,-2.92,11.38,10.95,4650,0.67,28.28,3.81,68.54,68.54,1.58,12.43,10.17,1.46
600847,万里股份,14.53,15.20,15.20,3736500.0,-0.67,-4.41,15.40,14.31,5526,2.44,-38.18,7.17,22.27,22.27,4.65,16.72,13.68,0.65
600848,上海临港,8.96,8.88,8.98,27581100.0,0.08,0.90,9.36,8.89,25141,1.15,24.52,5.29,214.49,226.01,1.35,9.77,7.99,1.92
600850,电科数字,24.33,24.30,23.80,38024900.0,0.03,0.12,24.39,23.08,90004,5.59,54.51,5.39,165.49,165.49,3.37,26.73,21.87,1.06
600851,海欣股份,8.16,7.95,7.91,18869500.0,0.21,2.64,8.34,7.90,15315,2.56,57.29,5.53,60.24,98.50,2.17,8.75,7.16,0.92
600852,*ST中川,0.72,0.72,0.00,0.0,0.00,0.00,0.00,0.00,0,0.00,-0.25,0.00,0.41,1.18,-0.12,-1,-1,0.00
600853,龙建股份,3.60,3.59,3.59,8762000.0,0.01,0.28,3.65,3.58,3173,0.86,9.39,1.95,36.49,36.49,1.02,3.95,3.23,0.91
600854,春兰股份,4.99,5.01,5.03,20455800.0,-0.02,-0.40,5.30,4.94,10356,3.94,20.55,7.19,25.92,25.92,1.05,5.51,4.51,1.51
600855,航天长峰,15.89,16.94,16.83,12993600.0,-1.05,-6.20,16.88,15.75,21089,2.78,-44.85,6.67,74.31,74.45,5.32,18.63,15.25,0.98
600856,退市中天,0.27,0.27,0.00,0.0,0.00,0.00,0.00,0.00,0,0.00,-0.05,0.00,3.68,3.69,-0.05,-1,-1,0.00
600857,宁波中百,15.51,14.10,14.35,27292900.0,1.41,10.00,15.51,13.90,41577,12.17,74.59,11.42,34.79,34.79,3.93,15.51,12.69,1.89
600858,银座股份,5.23,5.14,5.12,14383800.0,0.09,1.75,5.33,5.10,7551,2.78,46.94,4.47,27.07,27.20,0.99,5.65,4.63,1.94
600859,王府井,11.18,10.66,10.73,38675500.0,0.52,4.88,11.47,10.67,43303,3.44,-286.41,7.50,125.64,125.66,0.65,11.73,9.59,2.49
600860,京城股份,9.22,9.62,9.62,7877600.0,-0.40,-4.16,9.65,9.17,7366,1.77,-68.28,4.99,40.94,50.48,6.11,10.58,8.66,1.11
600861,北京人力,14.22,13.89,13.88,4210400.0,0.33,2.38,14.38,13.86,5972,1.15,9.56,3.74,52.13,80.50,1.06,15.28,12.50,1.69
600862,中航高科,17.82,18.30,18.30,15524900.0,-0.48,-2.62,18.30,17.80,27918,1.11,26.87,2.73,248.24,248.24,3.13,20.13,16.47,0.77
600863,华能蒙电,7.30,6.64,6.64,595284800.0,0.66,9.94,7.30,6.47,421451,9.12,25.24,12.50,476.46,571.97,2.74,7.30,5.98,1.37
600864,哈投股份,5.59,5.50,5.50,36281800.0,0.09,1.64,5.63,5.46,20249,1.74,37.69,3.09,116.30,116.30,0.90,6.05,4.95,1.31
600865,百大集团,10.87,9.88,9.88,12358000.0,0.99,10.02,10.87,9.84,13035,3.28,196.64,10.43,40.90,40.90,1.77,10.87,8.89,1.78
600866,星湖科技,5.01,5.13,5.12,22596500.0,-0.12,-2.34,5.13,5.00,11390,1.80,18.18,2.53,62.91,83.24,1.02,5.64,4.62,1.09
600867,通化东宝,8.41,8.14,8.18,35520300.0,0.27,3.32,8.44,8.17,29677,1.81,13.32,3.32,164.71,164.71,2.28,8.95,7.33,1.77
600868,梅雁吉祥,3.50,3.35,3.30,171515100.0,0.15,4.48,3.65,3.30,60137,9.04,-69.73,10.45,66.44,66.44,3.43,3.69,3.02,2.89
600869,远东股份,24.10,21.91,22.37,134110700.0,2.19,10.00,24.10,22.37,314683,6.04,488.15,7.90,534.86,534.86,12.43,24.10,19.72,1.31
600870,退市厦华,0.60,0.60,0.00,0.0,0.00,0.00,0.00,0.00,0,0.00,-63.46,0.00,3.14,3.14,34.92,-1,-1,0.00
600871,石化油服,2.32,2.36,2.34,108823500.0,-0.04,-1.69,2.38,2.30,25456,0.80,68.16,3.39,314.29,439.80,4.58,2.60,2.12,0.96
600872,中炬高新,19.63,19.20,19.13,16865300.0,0.43,2.24,19.90,19.10,32979,2.19,24.70,4.17,151.34,152.82,2.57,21.12,17.28,1.06
600873,梅花生物,9.42,9.68,9.66,22443800.0,-0.26,-2.69,9.66,9.40,21245,0.80,11.10,2.69,264.16,264.16,1.61,10.65,8.71,0.78
600874,创业环保,5.77,5.71,5.69,11276100.0,0.06,1.05,5.84,5.68,6526,0.92,10.25,2.80,71.00,90.61,0.86,6.28,5.14,1.39
600875,东方电气,35.23,36.92,36.86,59352200.0,-1.69,-4.58,36.86,35.00,211827,2.62,28.58,5.04,797.38,1218.38,2.60,40.61,33.23,1.01
600876,凯盛新能,8.77,9.22,9.25,7865700.0,-0.45,-4.88,9.25,8.68,6941,1.99,-4.96,6.18,34.70,56.63,2.06,10.14,8.30,1.34
600877,电科芯片,14.54,15.76,15.74,31613400.0,-1.22,-7.74,15.79,14.40,47164,2.67,576.57,8.82,172.16,172.16,6.88,17.34,14.18,1.29
600878,*ST北科,2.64,2.64,0.00,0.0,0.00,0.00,0.00,0.00,0,0.00,-23.81,0.00,2.34,7.51,-1.38,-1,-1,0.00
600879,航天电子,19.51,20.90,20.89,141382900.0,-1.39,-6.65,20.96,19.18,281752,4.29,281.66,8.52,643.69,643.69,3.08,22.99,18.81,1.28
600880,博瑞传播,4.33,4.41,4.39,19154300.0,-0.08,-1.81,4.48,4.31,8417,1.75,-346.64,3.85,47.33,47.34,1.58,4.85,3.97,0.90
600881,亚泰集团,1.50,1.48,1.48,68349400.0,0.02,1.35,1.56,1.47,10419,2.11,-2.70,6.08,48.48,48.48,11.27,1.63,1.33,1.94
600882,妙可蓝多,19.18,18.51,18.65,12040400.0,0.67,3.62,19.63,18.29,23018,2.36,87.62,7.24,97.83,97.83,2.10,20.36,16.66,1.44
600883,博闻科技,8.47,8.65,8.64,6025900.0,-0.18,-2.08,8.68,8.38,5152,2.55,71.07,3.47,20.00,20.00,2.04,9.52,7.79,1.22
600884,杉杉股份,14.65,15.25,15.40,91709200.0,-0.60,-3.93,15.43,14.62,136881,5.00,43.60,5.31,268.84,329.54,1.46,16.78,13.73,1.07
600885,宏发股份,33.84,35.97,35.80,29128300.0,-2.13,-5.92,36.30,33.81,101877,1.88,28.61,6.92,523.71,523.71,4.17,39.57,32.37,1.24
600886,国投电力,14.30,13.81,13.76,70854200.0,0.49,3.55,14.39,13.68,100811,0.95,15.40,5.14,1065.95,1144.64,1.66,15.19,12.43,1.82
600887,伊利股份,26.92,26.00,25.90,71526100.0,0.92,3.54,27.08,25.90,190659,1.14,14.09,4.54,1694.33,1702.79,2.86,28.60,23.40,1.28
600888,新疆众和,11.58,12.05,12.20,112096600.0,-0.47,-3.90,12.38,11.46,132240,7.22,25.50,7.63,179.85,179.85,1.40,13.26,10.85,0.69
600889,*ST京化,15.95,16.40,16.70,5984500.0,-0.45,-2.74,16.70,15.87,9647,1.63,-157.61,5.06,58.43,89.00,7.95,17.22,15.58,0.79
600890,退市中房,0.36,0.36,0.00,0.0,0.00,0.00,0.00,0.00,0,0.00,-6.89,0.00,2.09,2.09,0.99,-1,-1,0.00
600891,退市秋林,0.38,0.38,0.00,0.0,0.00,0.00,0.00,0.00,0,0.00,-3.09,0.00,1.46,2.35,-0.10,-1,-1,0.00
600892,*ST大晟,3.97,4.09,4.09,7076600.0,-0.12,-2.93,4.12,3.95,2840,1.27,-25.22,4.16,22.20,22.21,253.25,4.29,3.89,0.73
600893,航发动力,41.52,43.77,43.71,43225900.0,-2.25,-5.14,43.77,41.07,181549,1.62,175.85,6.17,1106.56,1106.75,2.75,48.15,39.39,1.46
600894,广日股份,8.62,8.53,8.55,7113300.0,0.09,1.06,8.78,8.53,6165,0.84,10.32,2.93,72.68,73.41,0.83,9.38,7.68,0.94
600895,张江高科,34.74,37.51,37.70,60033200.0,-2.77,-7.38,38.00,34.48,213146,3.88,69.41,9.38,538.01,538.01,3.94,41.26,33.76,0.76
600896,退市海医,1.12,1.12,0.00,0.0,0.00,0.00,0.00,0.00,0,0.00,-3.83,0.00,10.59,11.48,0.60,-1,-1,0.00
600897,厦门空港,14.43,14.14,14.20,2333400.0,0.29,2.05,14.48,14.18,3359,0.56,11.81,2.12,60.16,60.16,1.21,15.55,12.73,1.22
600898,*ST美讯,0.74,0.74,0.00,0.0,0.00,0.00,0.00,0.00,0,0.00,-2.23,0.00,1.87,2.11,-1.85,-1,-1,0.00
600899,*ST信联,1.13,1.13,0.00,0.0,0.00,0.00,0.00,0.00,0,0.00,-1.22,0.00,0.61,2.01,-0.99,-1,-1,0.00
600900,长江电力,27.75,27.22,27.20,213437100.0,0.53,1.95,27.76,27.08,588838,0.87,18.82,2.50,6789.93,6789.93,2.98,29.94,24.50,1.89
600901,江苏金租,6.25,6.24,6.24,27687700.0,0.01,0.16,6.30,6.20,17298,0.48,11.00,1.60,361.90,361.99,1.40,6.86,5.62,0.85
600903,贵州燃气,9.35,9.54,9.53,44438300.0,-0.19,-1.99,9.62,9.10,41651,3.86,139.66,5.45,107.53,107.53,3.51,10.49,8.59,0.54
600905,三峡能源,4.17,4.15,4.14,291847400.0,0.02,0.48,4.20,4.12,121869,1.02,51.66,1.93,1192.11,1192.11,1.33,4.57,3.74,2.11
600906,财达证券,6.67,6.61,6.59,63023900.0,0.06,0.91,6.77,6.59,42134,2.97,24.53,2.72,141.69,216.44,1.73,7.27,5.95,1.25
600908,无锡银行,5.45,5.37,5.37,13401400.0,0.08,1.49,5.47,5.36,7283,0.67,5.14,2.05,108.96,119.61,0.52,5.91,4.83,1.47
600909,华安证券,7.17,7.38,7.37,220683900.0,-0.21,-2.85,7.43,7.12,160267,4.39,17.86,4.20,360.24,360.24,1.37,8.12,6.64,0.78
600916,中国黄金,7.94,7.93,7.99,26466500.0,0.01,0.13,8.10,7.91,21146,1.58,43.79,2.40,133.39,133.39,1.83,8.72,7.14,0.97
600917,重庆燃气,5.12,5.09,5.09,5624600.0,0.03,0.59,5.14,5.07,2873,0.36,35.47,1.38,79.93,79.93,1.39,5.60,4.58,0.59
600918,中泰证券,5.44,5.45,5.45,50290300.0,-0.01,-0.18,5.52,5.43,27468,1.10,28.08,1.65,248.22,430.76,0.96,6.00,4.91,1.74
600919,江苏银行,11.29,11.15,11.11,124396100.0,0.14,1.26,11.38,11.10,140885,0.68,5.87,2.51,2071.86,2071.86,0.78,12.27,10.04,1.33
600925,苏能股份,4.70,4.60,4.60,23640900.0,0.10,2.17,4.72,4.58,11063,1.47,147.74,3.04,75.48,323.78,2.08,5.06,4.14,2.14
600926,杭州银行,16.01,15.82,15.84,60550800.0,0.19,1.20,16.22,15.79,97242,0.84,5.91,2.72,1160.57,1160.57,0.83,17.40,14.24,2.10
600927,永安期货,13.91,13.80,13.85,8261600.0,0.11,0.80,14.35,13.85,11688,0.57,24.88,3.62,202.47,202.47,1.51,15.18,12.42,1.19
600928,西安银行,3.51,3.44,3.44,25176500.0,0.07,2.03,3.52,3.43,8783,0.57,5.79,2.62,155.26,156.00,0.43,3.78,3.10,1.32
600929,雪天盐业,5.55,5.72,5.71,19876200.0,-0.17,-2.97,5.75,5.51,11131,1.21,155.60,4.20,91.03,91.03,1.20,6.29,5.15,0.89
600930,华电新能,6.43,6.40,6.37,321883200.0,0.03,0.47,6.56,6.28,207320,9.97,41.89,4.37,207.68,2682.23,2.43,7.04,5.76,2.14
600933,爱柯迪,15.96,16.56,16.62,22256400.0,-0.60,-3.62,16.85,15.79,35939,2.27,14.51,6.40,156.57,164.41,1.67,18.22,14.90,1.33
600935,华塑股份,2.43,2.47,2.48,25758500.0,-0.04,-1.62,2.48,2.42,6323,0.73,-76.76,2.43,85.23,87.35,1.47,2.72,2.22,1.09
600936,北投科技,5.31,5.44,5.39,105169800.0,-0.13,-2.39,5.48,5.18,56001,6.29,-43.94,5.51,88.73,88.73,8.93,5.98,4.90,0.63
600938,中国海油,34.40,34.46,34.06,39094700.0,-0.06,-0.17,34.56,33.63,133728,1.31,13.12,2.70,1028.56,16350.30,1.95,37.91,31.01,0.91
600939,重庆建工,2.80,2.77,2.78,18141700.0,0.03,1.08,2.88,2.76,5139,0.95,-4.48,4.33,53.27,53.27,0.76,3.05,2.49,1.51
600941,中国移动,99.10,98.18,98.18,7768900.0,0.92,0.94,99.48,97.99,76864,0.86,15.81,1.52,894.64,21474.19,1.51,108.00,88.36,0.94
600955,维远股份,16.17,16.64,16.52,4829500.0,-0.47,-2.82,16.65,16.00,7830,0.88,-11.74,3.91,88.94,88.94,1.16,18.30,14.98,0.98
600956,新天绿能,9.09,9.13,9.14,42890300.0,-0.04,-0.44,9.30,8.99,39240,1.83,25.84,3.40,213.44,410.20,1.66,10.04,8.22,1.75
600958,东方证券,9.31,9.23,9.23,64841400.0,0.08,0.87,9.38,9.22,60207,0.87,13.67,1.73,695.41,791.04,0.97,10.15,8.31,0.96
600959,江苏有线,3.53,3.57,3.57,42133300.0,-0.04,-1.12,3.60,3.52,15010,0.84,81.19,2.24,176.53,176.53,0.78,3.93,3.21,0.85
600960,渤海汽车,4.50,4.57,4.54,16128500.0,-0.07,-1.53,4.62,4.44,7282,1.70,26.72,3.94,42.77,42.77,1.21,5.03,4.11,1.15
600961,株冶集团,25.34,26.30,26.70,37046000.0,-0.96,-3.65,27.00,25.20,95392,4.93,13.65,6.84,190.51,271.87,5.38,28.93,23.67,0.82
600962,国投中鲁,25.18,25.68,25.62,5234700.0,-0.50,-1.95,25.99,24.90,13329,2.00,363.38,4.24,66.02,66.02,6.97,28.25,23.11,0.59
600963,岳阳林纸,4.06,4.11,4.10,21658800.0,-0.05,-1.22,4.14,4.03,8842,1.23,-26.34,2.68,71.36,71.36,0.94,4.52,3.70,1.01
600965,*ST福成,3.21,3.23,3.20,8133700.0,-0.02,-0.62,3.25,3.15,2612,0.99,48.24,3.10,26.28,26.28,1.19,3.39,3.07,0.62
600966,博汇纸业,5.91,6.04,6.01,11105300.0,-0.13,-2.15,6.10,5.89,6614,0.83,50.17,3.48,79.01,79.01,1.06,6.64,5.44,0.85
600967,内蒙一机,12.67,12.80,12.82,13790400.0,-0.13,-1.02,12.99,12.66,17698,0.81,75.17,2.58,215.62,215.62,1.80,14.08,11.52,0.90
600968,海油发展,3.92,3.92,3.89,35192800.0,0.00,0.00,3.93,3.88,13772,0.35,10.15,1.28,398.47,398.47,1.32,4.31,3.53,0.57
600969,郴电国际,11.83,12.07,12.09,22127300.0,-0.24,-1.99,12.32,11.81,26674,5.98,57.00,4.23,43.78,43.78,1.20,13.28,10.86,0.87
600970,中材国际,8.87,8.70,8.70,32085600.0,0.17,1.95,9.01,8.68,28521,1.22,8.76,3.79,232.55,232.55,0.99,9.57,7.83,1.66
600971,XD恒源煤,7.66,7.43,7.50,23440700.0,0.23,3.10,7.76,7.46,17850,1.95,-48.79,4.04,91.92,91.92,0.79,8.17,6.69,1.26
600973,宝胜股份,6.96,7.14,7.15,29342200.0,-0.18,-2.52,7.19,6.88,20611,2.14,-565.44,4.34,95.45,95.45,2.82,7.85,6.43,1.12
600975,新五丰,5.02,4.98,4.97,10719800.0,0.04,0.80,5.04,4.91,5334,0.86,-4.93,2.61,62.73,62.73,3.51,5.48,4.48,1.00
600976,健民集团,30.42,30.43,30.36,1499300.0,-0.01,-0.03,30.98,30.34,4590,0.98,13.83,2.10,46.63,46.66,1.79,33.47,27.39,1.20
600977,中国电影,14.48,14.40,14.38,34267300.0,0.08,0.56,14.68,14.26,49483,1.84,188.65,2.92,270.34,270.34,2.46,15.84,12.96,0.92
600978,*ST宜生,0.52,0.52,0.00,0.0,0.00,0.00,0.00,0.00,0,0.00,-0.78,0.00,7.71,7.71,0.11,-1,-1,0.00
600979,广安爱众,5.30,4.82,4.76,114925200.0,0.48,9.96,5.30,4.75,59342,9.26,-18.40,11.41,65.81,66.87,1.61,5.30,4.34,2.47
600980,北矿科技,20.82,22.33,22.30,4330700.0,-1.51,-6.76,22.35,20.66,9160,2.29,31.09,7.57,39.40,39.40,2.61,24.56,20.10,1.29
600981,苏豪汇鸿,2.47,2.49,2.50,22740700.0,-0.02,-0.80,2.55,2.45,5705,1.01,-1604.99,4.02,55.39,55.39,1.11,2.74,2.24,1.21
600982,宁波能源,6.59,6.60,6.63,157357600.0,-0.01,-0.15,6.90,6.56,105791,14.08,19.48,5.15,73.65,73.65,1.68,7.26,5.94,2.83
600983,惠而浦,8.65,8.60,8.67,2768200.0,0.05,0.58,8.78,8.58,2405,0.36,13.29,2.33,66.30,66.30,2.16,9.46,7.74,1.11
600984,建设机械,4.67,4.87,4.86,41730400.0,-0.20,-4.11,4.89,4.59,19763,3.32,-2.63,6.16,58.70,58.70,3.28,5.36,4.38,0.81
600985,淮北矿业,14.75,14.71,14.71,24900000.0,0.04,0.27,14.99,14.57,36746,0.92,30.43,2.86,397.26,397.26,0.95,16.18,13.24,0.65
600986,浙文互联,8.84,8.86,8.93,94273100.0,-0.02,-0.23,9.25,8.75,84925,6.34,-278.75,5.64,131.48,131.48,2.55,9.75,7.97,1.37
600987,航民股份,6.54,6.49,6.50,5434500.0,0.05,0.77,6.59,6.45,3554,0.53,9.05,2.16,66.76,66.76,1.01,7.14,5.84,0.86
600988,赤峰黄金,33.37,34.00,35.00,47883800.0,-0.63,-1.85,35.10,33.23,161650,2.88,17.68,5.50,555.25,634.17,4.64,37.40,30.60,0.98
600989,宝丰能源,24.00,24.92,24.60,69178700.0,-0.92,-3.69,24.70,24.00,168281,0.94,14.00,2.81,1760.01,1760.01,3.59,27.41,22.43,0.87
600990,四创电子,19.08,20.05,20.03,4743200.0,-0.97,-4.84,20.14,18.94,9188,1.76,-15.95,5.99,51.33,51.72,3.34,22.06,18.05,1.23
600991,广汽长丰,17.82,17.82,0.00,0.0,0.00,0.00,0.00,0.00,0,0.00,-84.43,0.00,92.82,92.82,3.99,-1,-1,0.00
600992,贵绳股份,13.20,13.00,12.94,23068600.0,0.20,1.54,13.50,12.70,30187,9.41,-1099.43,6.15,32.35,32.35,2.26,14.30,11.70,1.38
600993,马应龙,24.19,23.29,23.29,7811700.0,0.90,3.86,24.35,23.09,18651,1.82,17.66,5.41,104.09,104.27,2.27,25.62,20.96,1.95
600995,南网储能,15.62,14.30,14.36,107078500.0,1.32,9.23,15.73,14.31,165227,3.35,28.23,9.93,499.22,499.22,2.20,15.73,12.87,5.45
600996,贵广网络,9.25,9.41,9.38,43639200.0,-0.16,-1.70,9.46,9.08,40283,3.50,-8.75,4.04,115.33,115.33,7.35,10.35,8.47,0.78
600997,开滦股份,5.43,5.35,5.34,9250700.0,0.08,1.50,5.45,5.33,5009,0.58,-41.27,2.24,86.22,86.22,0.64,5.89,4.82,1.01
600998,九州通,4.80,4.68,4.68,35261300.0,0.12,2.56,4.85,4.67,16896,0.70,11.99,3.85,242.04,242.04,0.88,5.15,4.21,1.51
600999,招商证券,16.99,17.10,17.10,80510000.0,-0.11,-0.64,17.46,16.95,137912,1.08,11.10,2.98,1261.00,1477.54,1.19,18.81,15.39,0.83
601000,唐山港,4.39,4.38,4.39,50292000.0,0.01,0.23,4.44,4.34,22113,0.85,12.46,2.28,260.15,260.15,1.25,4.82,3.94,1.25
601001,晋控煤业,18.36,17.73,17.73,26324800.0,0.63,3.55,18.50,17.68,48015,1.57,18.54,4.62,307.29,307.29,1.57,19.50,15.96,1.16
601002,晋亿实业,5.13,5.23,5.23,22359200.0,-0.10,-1.91,5.30,5.10,11600,2.34,19.08,3.82,48.96,48.96,1.13,5.75,4.71,1.06
601003,柳钢股份,4.01,3.95,3.96,22271800.0,0.06,1.52,4.06,3.94,8960,0.87,24.33,3.04,102.77,105.63,1.12,4.35,3.56,1.17
601005,重庆钢铁,1.30,1.29,1.29,71953500.0,0.01,0.78,1.32,1.29,9394,0.87,-4.10,2.33,108.08,115.07,0.84,1.42,1.16,1.32
601006,大秦铁路,5.19,5.13,5.13,125814100.0,0.06,1.17,5.21,5.12,65062,0.62,18.30,1.75,1045.64,1045.64,0.63,5.64,4.62,1.01
601007,金陵饭店,6.82,6.79,6.83,6829300.0,0.03,0.44,6.91,6.75,4677,1.75,40.72,2.36,26.60,26.60,1.65,7.47,6.11,1.19
601008,连云港,4.39,4.42,4.44,7354900.0,-0.03,-0.68,4.45,4.39,3251,0.59,30.49,1.36,54.46,54.46,1.31,4.86,3.98,0.79
601009,南京银行,10.78,10.64,10.63,63540500.0,0.14,1.32,10.90,10.59,68622,0.51,5.98,2.91,1332.79,1332.79,0.71,11.70,9.58,1.61
601010,ST文峰,1.70,1.62,1.64,86135500.0,0.08,4.94,1.70,1.63,14511,4.66,-29.51,4.32,31.42,31.42,0.76,1.70,1.54,1.60
601011,宝泰隆,2.82,2.79,2.78,36434800.0,0.03,1.08,2.87,2.77,10334,1.90,-17.46,3.58,54.02,54.02,1.00,3.07,2.51,1.23
601012,隆基绿能,13.89,14.35,14.33,161446500.0,-0.46,-3.21,14.33,13.85,226528,2.13,-15.24,3.34,1052.59,1052.59,2.09,15.79,12.92,1.20
601015,陕西黑猫,3.60,3.60,3.60,47245700.0,0.00,0.00,3.68,3.55,17134,2.31,-5.99,3.61,73.53,73.53,1.53,3.96,3.24,0.95
601016,节能风电,5.04,4.87,4.82,609445200.0,0.17,3.49,5.12,4.80,307020,10.09,66.25,6.57,304.33,329.84,1.85,5.36,4.38,1.40
601018,宁波港,3.48,3.43,3.42,77425200.0,0.05,1.46,3.49,3.42,26782,0.40,13.11,2.04,677.01,677.01,0.84,3.77,3.09,1.34
601019,山东出版,7.19,7.08,7.09,9744200.0,0.11,1.55,7.27,7.07,7009,0.47,12.73,2.82,150.05,150.05,0.95,7.79,6.37,1.81
601020,华钰矿业,24.56,25.03,25.40,19034000.0,-0.47,-1.88,25.55,24.43,47407,2.32,23.54,4.47,201.38,201.38,4.68,27.53,22.53,0.79
601021,春秋航空,49.00,47.90,48.46,13643200.0,1.10,2.30,49.91,48.46,67274,1.39,18.28,3.03,479.38,479.38,2.57,52.69,43.11,1.30
601022,宁波远洋,8.21,8.26,8.24,4951400.0,-0.05,-0.61,8.27,8.17,4072,0.38,17.37,1.21,107.44,107.44,1.71,9.09,7.43,0.43
601026,道生天合,17.42,17.99,17.90,3428800.0,-0.57,-3.17,18.06,17.40,6048,3.09,56.73,3.67,19.35,114.87,4.36,19.79,16.19,0.72
601028,玉龙股份,12.83,12.83,0.00,0.0,0.00,0.00,0.00,0.00,0,0.00,27.25,0.00,100.46,100.46,2.91,-1,-1,0.00
601033,永兴股份,14.37,14.17,14.20,3646000.0,0.20,1.41,14.50,14.16,5231,1.52,14.35,2.40,34.49,129.33,1.23,15.59,12.75,0.98
601038,一拖股份,12.78,12.73,12.81,4246000.0,0.05,0.39,12.96,12.71,5440,0.58,16.99,1.96,93.51,143.60,1.75,14.00,11.46,0.79
601058,赛轮轮胎,12.63,12.56,12.60,34160200.0,0.07,0.56,12.87,12.51,43330,1.04,11.73,2.87,415.29,415.29,1.85,13.82,11.30,0.92
601059,信达证券,17.20,17.04,17.04,17017800.0,0.16,0.94,17.30,17.04,29290,0.52,26.05,1.53,557.80,557.80,2.51,18.74,15.34,1.36
601061,中信金属,13.16,13.44,13.58,13261400.0,-0.28,-2.08,13.59,13.13,17683,0.27,18.45,3.42,644.84,644.84,2.66,14.78,12.10,0.80
601065,江盐集团,7.68,7.66,7.66,2567000.0,0.02,0.26,7.73,7.62,1971,0.40,24.39,1.44,49.37,49.37,1.10,8.43,6.89,0.85
601066,中信建投,24.39,23.10,23.08,68299700.0,1.29,5.58,25.18,22.99,167440,1.05,16.80,9.48,1584.29,1891.86,2.19,25.41,20.79,2.00
601068,中铝国际,5.53,5.51,5.51,18924700.0,0.02,0.36,5.68,5.49,10536,0.74,61.76,3.45,141.55,165.23,5.37,6.06,4.96,0.95
601069,西部黄金,27.44,27.80,28.45,14617500.0,-0.36,-1.29,28.90,27.13,40521,1.65,25.75,6.37,243.44,249.98,4.76,30.58,25.02,0.71
601077,渝农商行,6.64,6.62,6.63,47626900.0,0.02,0.30,6.70,6.58,31623,0.54,6.12,1.81,586.86,754.10,0.55,7.28,5.96,1.20
601083,锦江航运,11.39,11.34,11.37,5439900.0,0.05,0.44,11.48,11.32,6199,2.80,9.97,1.41,22.11,147.40,1.52,12.47,10.21,0.76
601086,国芳集团,8.56,7.78,7.62,30819000.0,0.78,10.03,8.56,7.61,25576,4.63,58.96,12.21,57.01,57.01,3.50,8.56,7.00,2.18
601088,中国神华,46.92,46.15,46.01,58449500.0,0.77,1.67,47.89,45.90,275670,0.35,19.73,4.31,7737.60,10176.68,2.03,50.77,41.54,1.53
601089,福元医药,18.40,18.22,18.30,3221500.0,0.18,0.99,18.59,18.16,5915,0.67,20.34,2.36,88.32,88.32,2.28,20.04,16.40,1.02
601096,宏盛华源,5.05,5.16,5.17,24640200.0,-0.11,-2.13,5.17,5.04,12573,1.50,35.17,2.52,82.97,135.10,2.83,5.68,4.64,1.12
601098,中南传媒,10.89,10.90,10.93,8788100.0,-0.01,-0.09,11.02,10.80,9598,0.49,12.18,2.02,195.58,195.58,1.18,11.99,9.81,1.63
601099,太平洋,3.36,3.35,3.34,115551000.0,0.01,0.30,3.41,3.34,39026,1.70,137.16,2.09,229.03,229.03,2.31,3.69,3.02,1.03
601100,恒立液压,109.11,112.09,113.00,9370500.0,-2.98,-2.66,113.00,108.51,103195,0.70,52.84,4.01,1462.97,1462.97,8.18,123.30,100.88,0.85
601101,昊华能源,12.06,11.79,11.79,80407600.0,0.27,2.29,12.54,11.56,97623,5.58,31.25,8.31,173.66,173.66,1.41,12.97,10.61,2.51
601106,中国一重,3.73,3.85,3.85,64729600.0,-0.12,-3.12,3.87,3.71,24515,0.94,-113.21,4.16,255.80,255.80,4.95,4.24,3.47,1.02
601107,四川成渝,6.33,6.26,6.24,17130000.0,0.07,1.12,6.40,6.23,10816,0.79,13.05,2.72,136.90,193.58,1.12,6.89,5.63,1.83
601108,财通证券,7.85,7.79,7.80,54223000.0,0.06,0.77,8.08,7.80,42932,1.17,12.32,3.59,364.54,364.54,0.96,8.57,7.01,1.17
601111,中国国航,6.81,6.77,6.84,148457700.0,0.04,0.59,7.03,6.81,103048,1.28,59.78,3.25,792.56,1188.24,2.70,7.45,6.09,1.22
601112,振石股份,18.20,18.99,18.90,10866600.0,-0.79,-4.16,18.98,18.18,20085,6.13,42.08,4.21,32.26,316.75,4.82,20.89,17.09,1.21
601113,华鼎股份,4.05,4.13,4.12,11760300.0,-0.08,-1.94,4.14,4.03,4804,1.07,32.47,2.66,44.72,44.72,1.11,4.54,3.72,1.12
601116,三江购物,13.00,11.82,11.89,25004100.0,1.18,9.98,13.00,11.85,31551,4.57,40.28,9.73,71.20,71.20,2.13,13.00,10.64,2.04
601117,中国化学,7.72,7.70,7.70,92153600.0,0.02,0.26,7.84,7.66,71525,1.52,7.19,2.34,468.57,471.43,0.68,8.47,6.93,1.07
601118,海南橡胶,6.38,6.28,6.28,61563900.0,0.10,1.59,6.49,6.24,39242,1.44,-214.63,3.98,273.03,273.03,2.85,6.91,5.65,1.02
601121,宝地矿业,6.48,6.62,6.66,8390400.0,-0.14,-2.11,6.66,6.46,5499,1.05,40.56,3.02,51.84,63.78,1.46,7.28,5.96,0.82
601126,四方股份,77.90,82.02,82.03,36422800.0,-4.12,-5.02,83.92,77.00,292433,4.41,75.63,8.44,642.74,648.99,14.20,90.22,73.82,0.93
601127,赛力斯,81.46,82.98,82.73,28598700.0,-1.52,-1.83,83.64,80.52,233136,1.84,23.80,3.76,1268.50,1419.02,3.44,91.28,74.68,0.85
601128,常熟银行,7.09,6.98,6.97,55066700.0,0.11,1.58,7.16,6.96,39053,1.66,5.42,2.87,235.14,235.14,0.73,7.68,6.28,1.56
601133,柏诚股份,26.57,28.48,28.39,20725100.0,-1.91,-6.71,28.56,26.30,56205,3.95,73.05,7.94,139.33,140.29,4.63,31.33,25.63,0.62
601136,首创证券,14.56,14.64,14.69,17348300.0,-0.08,-0.55,14.88,14.56,25456,0.63,36.11,2.19,397.97,397.97,2.81,16.10,13.18,1.71
601137,博威合金,19.77,20.88,21.13,24349200.0,-1.11,-5.32,21.30,19.63,49072,2.65,-64.11,8.00,181.46,181.60,1.94,22.97,18.79,0.91
601138,工业富联,73.40,75.00,78.75,359358400.0,-1.60,-2.13,79.63,73.10,2738546,1.81,35.83,8.71,14565.56,14565.56,8.27,82.50,67.50,1.35
601139,深圳燃气,6.48,6.41,6.41,22335600.0,0.07,1.09,6.54,6.40,14495,0.78,12.93,2.18,186.41,186.41,1.13,7.05,5.77,1.06
601155,新城控股,13.12,12.57,12.70,32040100.0,0.55,4.38,13.70,12.69,42419,1.42,43.06,8.04,295.94,295.94,0.48,13.83,11.31,1.22
601156,东航物流,16.47,16.46,16.49,9716000.0,0.01,0.06,16.75,16.37,16081,1.03,9.61,2.31,155.57,261.47,1.29,18.11,14.81,1.27
601158,重庆水务,4.32,4.24,4.25,11333100.0,0.08,1.89,4.33,4.25,4875,0.24,24.84,1.89,207.36,207.36,1.18,4.66,3.82,1.83
601162,天风证券,3.35,3.35,3.35,104015800.0,0.00,0.00,3.41,3.34,35021,1.21,255.87,2.09,288.03,337.48,1.23,3.69,3.02,1.00
601163,三角轮胎,14.29,14.30,14.17,3822200.0,-0.01,-0.07,14.47,14.17,5488,0.48,11.73,2.10,114.32,114.32,0.81,15.73,12.87,0.82
601166,兴业银行,18.50,17.97,17.80,208708600.0,0.53,2.95,18.52,17.78,381849,0.99,5.05,4.12,3915.13,3915.13,0.47,19.77,16.17,2.01
601168,西部矿业,30.53,31.19,31.80,49473700.0,-0.66,-2.12,32.38,30.38,154470,2.08,16.46,6.41,727.53,727.53,3.65,34.31,28.07,0.92
601169,北京银行,5.09,5.01,5.01,158751800.0,0.08,1.60,5.11,4.98,80265,0.75,5.25,2.59,1076.18,1076.18,0.38,5.51,4.51,1.73
601177,杭齿前进,17.81,18.57,18.30,24993000.0,-0.76,-4.09,18.48,17.66,44938,6.25,27.65,4.42,71.25,72.61,2.49,20.43,16.71,1.04
601179,中国西电,16.57,16.55,16.39,134451900.0,0.02,0.12,16.64,16.09,219619,2.62,64.28,3.32,849.36,849.36,3.64,18.21,14.90,0.98
601186,中国铁建,6.40,6.23,6.24,90031100.0,0.17,2.73,6.45,6.24,57237,0.78,4.94,3.37,736.21,869.09,0.31,6.85,5.61,1.63
601187,厦门银行,7.12,6.97,6.97,11050100.0,0.15,2.15,7.15,6.94,7804,0.42,7.00,3.01,187.50,187.91,0.69,7.67,6.27,1.04
601188,龙江交通,3.14,3.13,3.12,11595600.0,0.01,0.32,3.18,3.11,3652,0.89,26.62,2.24,40.99,40.99,0.91,3.44,2.82,0.88
601198,东兴证券,13.37,13.17,13.19,31886400.0,0.20,1.52,13.48,13.19,42516,0.99,20.83,2.20,432.18,432.18,1.40,14.49,11.85,1.44
601199,江南水务,5.88,5.94,5.94,13058500.0,-0.06,-1.01,6.03,5.81,7726,1.40,15.24,3.70,54.99,54.99,1.17,6.53,5.35,0.67
601200,上海环境,7.65,7.52,7.52,7708600.0,0.13,1.73,7.68,7.52,5882,0.57,17.07,2.13,102.99,102.99,0.87,8.27,6.77,1.10
601206,海尔施,0.00,0.00,0.00,0.0,0.00,0.00,0.00,0.00,0,0,0.00,0.00,0,0.00,0.00,-1,-1,0.00
601208,东材科技,50.00,54.43,55.50,102804000.0,-4.43,-8.14,55.68,48.99,531297,10.18,132.78,12.29,505.09,505.09,8.30,59.87,48.99,1.27
601211,国泰海通,15.38,14.98,15.00,158560700.0,0.40,2.67,15.39,14.96,241909,1.17,12.35,2.87,2075.82,2711.33,0.83,16.48,13.48,1.57
601212,白银有色,6.27,6.37,6.49,90107600.0,-0.10,-1.57,6.55,6.22,57143,1.22,-82.73,5.18,464.28,464.28,2.92,7.01,5.73,0.83
601216,君正集团,5.12,5.13,5.13,44810900.0,-0.01,-0.19,5.18,5.10,23019,0.53,14.27,1.56,432.03,432.03,1.45,5.64,4.62,0.82
601218,吉鑫科技,5.33,5.44,5.43,27663000.0,-0.11,-2.02,5.47,5.29,14862,2.85,32.62,3.31,51.65,51.65,1.72,5.98,4.90,1.00
601222,林洋能源,6.60,6.48,6.48,82153300.0,0.12,1.85,6.62,6.38,53803,4.02,74.49,3.70,134.72,134.72,0.90,7.13,5.83,1.59
601225,陕西煤业,25.74,24.66,24.60,65088500.0,1.08,4.38,25.74,24.51,165253,0.67,15.43,4.99,2495.49,2495.49,2.44,27.13,22.19,1.16
601226,华电科工,7.86,8.08,8.08,12551600.0,-0.22,-2.72,8.16,7.85,10020,1.08,48.88,3.84,91.35,91.35,2.10,8.89,7.27,1.06
601228,广州港,3.08,3.05,3.06,27996000.0,0.03,0.98,3.11,3.05,8640,0.37,29.47,1.97,232.37,232.37,1.08,3.36,2.75,1.42
601229,上海银行,9.03,8.91,8.90,45159200.0,0.12,1.35,9.06,8.87,40606,0.32,5.29,2.13,1283.07,1283.07,0.51,9.80,8.02,1.34
601231,环旭电子,44.82,44.00,44.31,55855000.0,0.82,1.86,45.68,42.92,247161,2.34,55.32,6.27,1070.80,1070.80,4.63,48.40,39.60,0.95
601233,桐昆股份,19.08,19.53,19.48,35642200.0,-0.45,-2.30,19.85,18.93,69083,1.50,13.67,4.71,453.09,453.91,1.13,21.48,17.58,1.00
601236,红塔证券,6.86,6.82,6.79,12982900.0,0.04,0.59,6.91,6.79,8912,0.28,29.05,1.76,323.57,323.57,1.30,7.50,6.14,1.05
601238,广汽集团,6.07,6.07,6.07,32773800.0,0.00,0.00,6.21,6.05,20032,0.44,-7.11,2.64,448.19,618.96,0.59,6.68,5.46,1.72
601258,*ST庞大,0.40,0.40,0.00,0.0,0.00,0.00,0.00,0.00,0,0.00,-2.78,0.00,40.91,40.91,0.40,-1,-1,0.00
601268,*ST二重,2.35,2.35,0.00,0.0,0.00,0.00,0.00,0.00,0,0.00,35.35,0.00,169.52,169.52,1.14,-1,-1,0.00
601279,英利汽车,3.55,3.61,3.61,9774100.0,-0.06,-1.66,3.65,3.54,3514,0.62,-75.25,3.05,56.30,56.30,1.36,3.97,3.25,1.02
601288,农业银行,6.32,6.21,6.18,329105500.0,0.11,1.77,6.35,6.14,206509,0.10,7.52,3.38,20176.23,22118.93,0.80,6.83,5.59,1.27
601298,青岛港,9.13,8.85,8.87,16591600.0,0.28,3.16,9.29,8.83,15089,0.31,11.30,5.20,492.30,592.64,1.26,9.74,7.97,1.51
601299,中国北车,29.98,29.98,0.00,0.0,0.00,0.00,0.00,0.00,0,0.00,65.36,0.00,3035.80,3675.48,7.38,-1,-1,0.00
601311,骆驼股份,8.68,8.84,8.85,16091100.0,-0.16,-1.81,8.86,8.67,14072,1.37,13.39,2.15,101.83,101.83,0.99,9.72,7.96,0.89
601318,中国平安,53.50,52.47,52.59,100011300.0,1.03,1.96,53.68,52.51,532630,0.94,7.30,2.23,5703.13,9687.59,0.95,57.72,47.22,1.19
601319,中国人保,6.84,6.75,6.75,80387400.0,0.09,1.33,6.88,6.72,54814,0.23,7.10,2.37,2428.05,3024.92,0.95,7.43,6.08,1.44
601326,秦港股份,3.32,3.26,3.27,21952800.0,0.06,1.84,3.36,3.25,7278,0.46,11.50,3.37,157.95,185.50,0.89,3.59,2.93,1.25
601328,交通银行,6.66,6.54,6.53,219363200.0,0.12,1.83,6.69,6.50,144988,0.84,6.10,2.91,1736.42,5885.03,0.51,7.19,5.89,1.44
601330,绿色动力,9.17,9.33,9.23,40203300.0,-0.16,-1.71,9.49,9.10,37441,4.06,20.53,4.18,90.70,131.18,1.59,10.26,8.40,1.38
601333,广深铁路,3.09,3.02,3.02,98511200.0,0.07,2.32,3.13,3.02,30393,1.74,14.24,3.64,174.65,218.88,0.76,3.32,2.72,1.85
601336,新华保险,59.70,58.39,58.38,32849800.0,1.31,2.24,60.78,58.32,197148,1.58,5.05,4.21,1245.01,1862.37,1.51,64.23,52.55,1.53
601339,百隆东方,7.44,7.22,7.21,19507200.0,0.22,3.05,7.61,7.21,14518,1.30,15.38,5.54,111.57,111.57,1.19,7.94,6.50,1.39
601360,三六零,10.10,10.38,10.47,102714000.0,-0.28,-2.70,10.60,10.10,106393,1.47,109.53,4.82,706.96,706.96,2.42,11.42,9.34,1.18
601366,利群股份,3.84,3.75,3.74,17215900.0,0.09,2.40,3.89,3.74,6616,1.79,-11.51,4.00,36.85,36.85,0.84,4.13,3.38,2.01
601368,绿城水务,4.63,4.54,4.52,7805900.0,0.09,1.98,4.68,4.49,3607,0.88,34.55,4.19,40.88,40.88,0.85,4.99,4.09,1.48
601369,陕鼓动力,9.60,9.61,9.68,39256400.0,-0.01,-0.10,10.07,9.54,38476,2.30,23.91,5.52,163.80,165.45,1.82,10.57,8.65,3.43
601375,中原证券,4.04,3.93,3.92,68126800.0,0.11,2.80,4.07,3.92,27342,1.98,35.97,3.82,139.28,187.57,1.29,4.32,3.54,1.56
601377,兴业证券,5.75,5.71,5.70,87072700.0,0.04,0.70,5.82,5.69,50200,1.01,15.82,2.28,496.57,496.57,0.88,6.28,5.14,0.97
601388,怡球资源,3.46,3.54,3.53,41085600.0,-0.08,-2.26,3.57,3.45,14400,1.87,36.55,3.39,76.16,76.16,1.64,3.89,3.19,0.72
601390,中国中铁,4.77,4.67,4.67,160964100.0,0.10,2.14,4.82,4.67,76622,0.79,5.55,3.21,976.84,1177.53,0.37,5.14,4.20,1.38
601398,工商银行,7.22,7.04,7.03,389359400.0,0.18,2.56,7.22,6.99,277945,0.14,6.93,3.27,19466.00,25732.53,0.66,7.74,6.34,1.64
601399,国机重装,3.84,3.92,3.91,119555200.0,-0.08,-2.04,4.01,3.83,46885,1.66,57.77,4.59,277.00,277.00,1.86,4.31,3.53,1.50
601456,国联民生,8.69,8.60,8.59,40631400.0,0.09,1.05,8.79,8.58,35362,0.93,23.18,2.44,380.36,493.64,0.92,9.46,7.74,1.19
601500,通用股份,4.20,4.19,4.20,16846000.0,0.01,0.24,4.26,4.17,7086,1.06,29.63,2.15,66.49,66.75,1.09,4.61,3.77,1.15
601512,中新集团,8.70,8.74,8.70,6067300.0,-0.04,-0.46,8.95,8.67,5353,0.40,14.24,3.20,130.40,130.40,0.85,9.61,7.87,1.09
601515,衢州东峰,4.01,4.16,4.17,28770000.0,-0.15,-3.61,4.17,3.97,11617,1.49,-17.26,4.81,77.17,77.17,1.58,4.58,3.74,1.11
601518,吉林高速,3.04,2.92,2.92,35823100.0,0.12,4.11,3.07,2.91,10778,1.89,11.69,5.48,57.47,57.47,0.99,3.21,2.63,1.11
601519,大智慧,10.04,10.15,10.15,37249300.0,-0.11,-1.08,10.37,10.03,37897,1.87,-262.82,3.35,199.71,199.71,15.40,11.17,9.14,0.75
601528,瑞丰银行,4.76,4.69,4.68,16441600.0,0.07,1.49,4.76,4.66,7760,0.95,4.76,2.13,82.56,93.40,0.47,5.16,4.22,1.86
601555,东吴证券,7.84,7.79,7.80,44600000.0,0.05,0.64,7.89,7.77,34943,0.90,11.55,1.54,389.55,389.55,0.89,8.57,7.01,1.29
601558,退市锐电,0.25,0.25,0.00,0.0,0.00,0.00,0.00,0.00,0,0.00,-37.54,0.00,15.08,15.08,1.00,-1,-1,0.00
601566,九牧王,12.06,10.96,10.99,33908700.0,1.10,10.04,12.06,10.56,39913,5.90,40.26,13.69,69.30,69.30,1.70,12.06,9.86,1.06
601567,三星电气,16.35,16.69,16.70,21247300.0,-0.34,-2.04,16.75,16.26,35111,1.51,24.13,2.94,229.75,229.75,1.96,18.36,15.02,0.97
601568,北元化工,3.78,3.74,3.74,17855600.0,0.04,1.07,3.85,3.73,6760,0.45,366.29,3.21,150.15,150.15,1.32,4.11,3.37,1.48
601577,长沙银行,9.50,9.31,9.33,28181400.0,0.19,2.04,9.57,9.28,26690,0.70,4.64,3.11,381.96,382.05,0.52,10.24,8.38,1.62
601579,会稽山,17.09,16.62,16.57,11163900.0,0.47,2.83,17.69,16.51,19202,2.33,30.25,7.10,81.94,81.94,2.11,18.28,14.96,2.00
601588,北辰实业,2.11,2.06,1.99,191956000.0,0.05,2.43,2.16,1.99,40108,7.22,-2.50,8.25,56.13,71.04,1.08,2.27,1.85,2.54
601595,上海电影,21.32,21.19,21.00,4922200.0,0.13,0.61,21.68,20.98,10535,1.10,157.60,3.30,95.56,95.56,5.65,23.31,19.07,1.06
601598,中国外运,6.07,6.00,6.00,14642700.0,0.07,1.17,6.18,5.98,8913,0.28,10.73,3.33,313.06,435.45,1.04,6.60,5.40,0.70
601599,浙文影业,3.25,3.26,3.26,17346800.0,-0.01,-0.31,3.31,3.24,5683,1.49,33.85,2.15,37.72,37.72,2.46,3.59,2.93,1.07
601600,中国铝业,11.42,11.30,11.48,385428100.0,0.12,1.06,11.92,11.23,445096,2.93,13.36,6.11,1504.40,1959.10,2.43,12.43,10.17,1.07
601601,中国太保,32.18,32.02,32.05,53287300.0,0.16,0.50,32.59,31.99,172136,0.78,5.74,1.87,2202.73,3095.83,0.97,35.22,28.82,1.16
601606,长城军工,34.31,35.21,35.05,9873400.0,-0.90,-2.56,35.42,34.30,34298,1.36,3587.76,3.18,248.48,248.48,11.39,38.73,31.69,1.03
601607,上海医药,16.48,16.18,16.18,11967200.0,0.30,1.85,16.52,16.16,19641,0.43,10.52,2.22,459.66,611.14,0.79,17.80,14.56,1.55
601608,中信重工,5.56,5.79,5.78,68327900.0,-0.23,-3.97,5.86,5.55,38818,1.49,67.07,5.35,254.62,254.62,2.70,6.37,5.21,0.97
601609,金田股份,12.35,13.03,13.01,69716000.0,-0.68,-5.22,13.15,12.19,87233,4.03,27.66,7.37,213.49,213.49,2.11,14.33,11.73,0.80
601611,中国核建,12.03,12.54,12.20,53388800.0,-0.51,-4.07,12.34,11.95,64662,1.77,30.97,3.11,362.56,362.56,1.61,13.79,11.29,1.22
601615,明阳智能,16.53,17.60,17.43,152116300.0,-1.07,-6.08,17.77,16.49,258660,6.73,97.74,7.27,373.83,373.83,1.42,19.36,15.84,0.81
601616,广电电气,4.23,4.38,4.36,20468100.0,-0.15,-3.42,4.38,4.21,8771,2.40,-61.58,3.88,36.11,36.11,1.52,4.82,3.94,1.01
601618,中国中冶,2.83,2.79,2.79,122149100.0,0.04,1.43,2.86,2.79,34587,0.68,43.53,2.51,505.23,586.48,0.57,3.07,2.51,1.16
601619,嘉泽新能,5.52,5.42,5.42,73887800.0,0.10,1.85,5.65,5.36,40795,3.03,26.53,5.35,134.39,160.79,2.02,5.96,4.88,1.89
601628,中国人寿,33.83,33.39,33.29,42150500.0,0.44,1.32,34.07,33.29,141955,0.20,6.60,2.34,7044.60,9561.95,1.60,36.73,30.05,1.26
601633,长城汽车,16.89,16.87,16.86,31728100.0,0.02,0.12,17.00,16.75,53547,0.51,15.95,1.48,1048.74,1445.42,1.64,18.56,15.18,1.59
601636,旗滨集团,6.69,6.95,7.06,141850300.0,-0.26,-3.74,7.18,6.52,95403,4.79,122.12,9.50,197.93,197.93,1.32,7.65,6.26,0.98
601658,邮储银行,4.98,4.94,4.94,143026700.0,0.04,0.81,5.02,4.91,71207,0.20,6.81,2.23,3611.88,5980.73,0.58,5.43,4.45,1.32
601665,齐鲁银行,6.08,5.98,5.97,44944000.0,0.10,1.67,6.16,5.97,27374,0.73,6.34,3.18,374.15,374.15,0.74,6.58,5.38,1.25
601666,平煤股份,7.86,7.84,7.80,31428600.0,0.02,0.26,7.99,7.78,24798,1.27,97.21,2.68,194.09,194.09,0.89,8.62,7.06,0.57
601668,中国建筑,4.83,4.73,4.75,255196300.0,0.10,2.11,4.84,4.74,122490,0.62,5.26,2.11,1995.77,1995.77,0.40,5.20,4.26,1.67
601669,中国电建,5.34,5.25,5.25,214173400.0,0.09,1.71,5.39,5.24,114145,1.64,9.85,2.86,698.02,919.88,0.63,5.78,4.73,1.06
601677,明泰铝业,18.69,18.84,19.34,41531000.0,-0.15,-0.80,19.39,18.57,78558,3.34,10.46,4.35,232.37,232.41,1.17,20.72,16.96,0.67
601678,滨化股份,5.38,5.58,5.72,136704100.0,-0.20,-3.58,5.86,5.34,75921,6.69,40.13,9.32,109.93,110.66,0.95,6.14,5.02,0.88
601686,友发集团,5.22,5.18,5.17,5786600.0,0.04,0.77,5.33,5.16,3044,0.39,11.36,3.28,76.81,76.81,1.15,5.70,4.66,1.52
601688,华泰证券,18.18,18.04,18.11,116522000.0,0.14,0.78,18.53,18.05,213521,1.59,9.36,2.66,1328.37,1641.08,0.92,19.84,16.24,1.16
601689,拓普集团,62.40,65.82,65.81,44725900.0,-3.42,-5.20,66.48,62.00,284814,2.57,39.21,6.81,1084.41,1084.41,4.57,72.40,59.24,0.85
601696,中银证券,11.40,11.44,11.49,31583600.0,-0.04,-0.35,11.75,11.40,36520,1.14,28.11,3.06,316.69,316.69,1.64,12.58,10.30,0.92
601698,中国卫通,30.10,31.75,31.60,42616500.0,-1.65,-5.20,31.60,30.00,130386,1.01,319.78,5.04,1271.54,1271.54,7.96,34.93,28.58,1.17
601699,潞安环能,16.00,15.61,15.39,38571500.0,0.39,2.50,16.10,15.39,61350,1.29,40.67,4.55,478.63,478.63,1.03,17.17,14.05,1.01
601700,风范股份,5.35,5.52,5.57,21789000.0,-0.17,-3.08,5.57,5.32,11767,1.91,-19.27,4.53,60.92,60.92,2.83,6.07,4.97,1.25
601702,华峰铝业,20.57,18.70,18.61,31767800.0,1.87,10.00,20.57,18.53,63787,3.18,17.43,10.91,205.40,205.40,3.07,20.57,16.83,1.69
601717,中创智领,18.16,18.23,18.23,17139100.0,-0.07,-0.38,18.34,18.10,31198,1.11,7.91,1.32,280.06,324.23,1.29,20.05,16.41,0.52
601718,ST际华,2.08,2.05,2.06,42800900.0,0.03,1.46,2.14,2.05,8969,0.98,-21.43,4.39,90.71,90.71,0.75,2.15,1.95,1.17
601727,上海电气,8.06,8.44,8.40,200416700.0,-0.38,-4.50,8.44,8.02,163676,1.59,96.77,4.98,1016.82,1252.53,2.28,9.28,7.60,1.07
601728,中国电信,6.05,5.97,5.96,178950700.0,0.08,1.34,6.07,5.94,107740,0.23,17.48,2.18,4696.60,5536.18,1.18,6.57,5.37,0.85
601766,中国中车,5.77,5.73,5.73,303171700.0,0.04,0.70,5.82,5.71,174899,1.25,12.26,1.92,1403.71,1655.92,0.94,6.30,5.16,1.80
601777,千里科技,10.79,11.25,11.31,66852100.0,-0.46,-4.09,11.40,10.46,72087,1.48,432.73,8.36,487.83,487.83,4.71,12.38,10.13,1.10
601778,晶科科技,5.93,6.26,6.21,272984300.0,-0.33,-5.27,6.25,5.89,165437,7.30,93.96,5.75,221.64,221.64,1.41,6.89,5.63,1.11
601788,光大证券,14.27,14.10,14.05,41337100.0,0.17,1.21,14.49,14.03,59132,1.06,16.16,3.26,557.49,657.96,1.06,15.51,12.69,0.94
601789,宁波建工,5.00,5.06,5.07,54521000.0,-0.06,-1.19,5.14,4.97,27575,5.02,24.10,3.36,54.34,76.22,1.21,5.57,4.55,0.81
601798,蓝科高新,7.67,7.99,7.98,7021000.0,-0.32,-4.01,8.01,7.60,5455,1.98,49.94,5.13,27.19,27.19,2.10,8.79,7.19,1.11
601799,星宇股份,127.00,134.40,134.50,4721200.0,-7.40,-5.51,135.27,126.12,60875,1.65,21.89,6.81,362.81,362.81,3.28,147.84,120.96,0.92
601800,中国交建,6.45,6.27,6.31,111002400.0,0.18,2.87,6.49,6.27,71015,0.94,7.84,3.51,760.05,1049.71,0.36,6.90,5.64,2.04
601801,皖新传媒,5.68,5.47,5.47,12667200.0,0.21,3.84,5.68,5.46,7106,0.65,14.83,4.02,111.21,111.21,0.92,6.02,4.92,1.62
601808,中海油服,13.03,13.05,13.03,15713200.0,-0.02,-0.15,13.12,12.95,20494,0.53,16.32,1.30,385.75,621.74,1.31,14.36,11.75,1.04
601811,新华文轩,12.97,12.78,12.80,2374100.0,0.19,1.49,13.09,12.76,3083,0.30,10.22,2.58,102.71,160.03,1.03,14.06,11.50,1.47
601816,京沪高铁,5.02,4.92,4.92,239902600.0,0.10,2.03,5.02,4.90,119610,0.49,18.40,2.44,2456.07,2456.07,1.17,5.41,4.43,1.85
601818,光大银行,3.10,3.07,3.08,192550400.0,0.03,0.98,3.11,3.06,59555,0.41,4.84,1.63,1438.61,1831.65,0.36,3.38,2.76,1.77
601825,沪农商行,8.50,8.34,8.33,27548000.0,0.16,1.92,8.58,8.29,23357,0.29,6.64,3.48,796.83,819.78,0.62,9.17,7.51,1.82
601827,三峰环境,8.28,8.15,8.14,14660800.0,0.13,1.60,8.31,8.10,12103,0.88,11.06,2.58,138.44,138.44,1.11,8.97,7.34,1.95
601828,美凯龙,2.44,2.42,2.40,42849300.0,0.02,0.83,2.50,2.39,10556,1.19,-0.46,4.55,88.14,106.23,0.47,2.66,2.18,1.60
601838,成都银行,18.60,18.43,18.39,26461100.0,0.17,0.92,18.75,18.24,49138,0.62,5.87,2.77,788.35,788.35,0.86,20.27,16.59,1.45
601857,中国石油,10.87,10.80,10.80,189697000.0,0.07,0.65,10.94,10.66,205034,0.12,12.58,2.59,17600.93,19894.38,1.22,11.88,9.72,1.20
601858,中国科传,24.69,25.61,25.61,10418300.0,-0.92,-3.59,26.25,24.50,26328,1.32,40.10,6.83,195.17,195.17,3.42,28.17,23.05,0.90
601860,紫金银行,2.56,2.53,2.53,37809200.0,0.03,1.19,2.57,2.52,9640,1.06,7.49,1.98,90.92,93.72,0.46,2.78,2.28,1.62
601865,福莱特,11.66,11.95,11.95,19138500.0,-0.29,-2.43,12.01,11.59,22543,1.01,29.93,3.51,221.66,273.18,1.24,13.15,10.76,1.04
601866,中远海发,2.52,2.52,2.52,59280900.0,0.00,0.00,2.55,2.51,15033,0.61,21.57,1.59,245.75,332.58,1.07,2.77,2.27,0.76
601868,中国能建,2.89,2.90,2.90,667764800.0,-0.01,-0.34,2.93,2.86,193579,2.06,22.50,2.41,937.19,1278.54,1.07,3.19,2.61,1.14
601869,长飞光纤,402.81,370.55,369.97,25333700.0,32.26,8.71,407.00,365.00,989133,6.23,288.19,11.33,1636.77,3334.88,23.43,407.61,333.50,2.15
601872,招商轮船,15.86,16.09,16.00,108563400.0,-0.23,-1.43,16.30,15.56,172175,1.34,16.19,4.60,1280.62,1280.62,2.84,17.70,14.48,0.74
601877,正泰电器,29.14,29.74,29.96,36161600.0,-0.60,-2.02,29.97,28.85,105468,1.68,13.60,3.77,626.21,626.21,1.38,32.71,26.77,1.08
601878,浙商证券,9.44,9.31,9.33,36313000.0,0.13,1.40,9.48,9.32,34154,0.79,16.56,1.72,431.77,431.77,1.15,10.24,8.38,1.18
601880,辽港股份,1.61,1.60,1.60,103391600.0,0.01,0.63,1.62,1.59,16630,0.56,25.96,1.88,296.45,379.51,0.93,1.76,1.44,1.16
601881,中国银河,12.28,12.13,12.10,58851300.0,0.15,1.24,12.44,12.10,72384,0.81,10.47,2.80,889.49,1342.74,1.11,13.34,10.92,1.07
601882,海天精工,21.64,22.46,22.46,6202000.0,-0.82,-3.65,22.75,21.28,13465,1.19,25.59,6.54,112.96,112.96,3.89,24.71,20.21,0.94
601886,江河集团,8.99,8.88,8.86,6439600.0,0.11,1.24,9.08,8.78,5758,0.57,16.47,3.38,101.86,101.86,1.45,9.77,7.99,0.68
601888,中国中免,59.58,54.76,55.20,128034700.0,4.82,8.80,60.24,54.83,753153,6.56,30.97,9.88,1163.28,1237.95,2.14,60.24,49.28,3.77
601890,亚星锚链,9.02,9.34,9.31,23036100.0,-0.32,-3.43,9.32,9.00,21035,2.40,24.77,3.43,86.54,86.54,2.22,10.27,8.41,1.00
601898,中煤能源,15.68,15.47,15.44,59852700.0,0.21,1.36,15.76,15.33,93233,0.65,11.71,2.78,1435.03,2078.96,1.27,17.02,13.92,1.14
601899,紫金矿业,30.44,30.71,31.32,261025000.0,-0.27,-0.88,31.38,30.18,798425,1.27,13.12,3.91,6271.19,8094.21,4.10,33.78,27.64,0.83
601900,南方传媒,11.79,11.57,11.59,6002900.0,0.22,1.90,11.84,11.52,7052,0.68,10.16,2.77,103.98,103.98,1.14,12.73,10.41,1.15
601901,方正证券,6.89,6.85,6.84,87352400.0,0.04,0.58,6.94,6.83,60085,1.06,13.31,1.61,567.19,567.19,1.08,7.54,6.17,1.14
601908,京运通,3.72,3.67,3.66,71221600.0,0.05,1.36,3.78,3.56,26235,2.95,-5.84,5.99,89.82,89.82,1.21,4.04,3.30,1.42
601916,浙商银行,3.00,2.96,2.96,142190000.0,0.04,1.35,3.01,2.96,42513,0.66,6.35,1.69,646.33,823.94,0.45,3.26,2.66,2.01
601918,新集能源,10.25,9.55,9.48,107840900.0,0.70,7.33,10.44,9.45,108284,4.16,12.34,10.37,265.53,265.53,1.52,10.51,8.60,1.95
601919,中远海控,14.14,14.17,14.14,75375800.0,-0.03,-0.21,14.30,14.14,107099,0.60,8.64,1.13,1775.45,2165.22,0.92,15.59,12.75,0.90
601921,浙版传媒,7.47,7.37,7.42,9345000.0,0.10,1.36,7.53,7.36,6994,0.42,13.23,2.31,166.00,166.00,1.14,8.11,6.63,1.28
601928,凤凰传媒,8.95,8.78,8.75,8697300.0,0.17,1.94,8.97,8.74,7726,0.34,13.31,2.62,227.77,227.77,1.12,9.66,7.90,1.62
601929,吉视传媒,2.84,2.89,2.87,104306200.0,-0.05,-1.73,2.89,2.82,29624,3.03,-21.70,2.42,97.89,99.11,2.12,3.18,2.60,0.44
601933,永辉超市,3.70,3.58,3.54,296088800.0,0.12,3.35,3.79,3.51,109516,3.26,-13.92,7.82,335.78,335.78,15.69,3.94,3.22,1.47
601939,建设银行,9.96,10.09,10.01,118845400.0,-0.13,-1.29,10.21,9.90,119722,1.24,7.62,3.07,955.53,26055.40,0.73,11.10,9.08,1.07
601949,中国出版,5.13,5.09,5.09,13450900.0,0.04,0.79,5.18,5.05,6915,0.71,16.97,2.55,97.67,97.67,0.98,5.60,4.58,1.40
601952,苏垦农发,8.63,8.58,8.58,9407600.0,0.05,0.58,8.69,8.50,8106,0.68,23.11,2.21,118.92,118.92,1.68,9.44,7.72,0.97
601956,东贝集团,5.21,5.34,5.34,8145900.0,-0.13,-2.43,5.36,5.20,4284,1.31,232.04,3.00,32.39,32.39,1.31,5.87,4.81,1.25
601958,金钼股份,24.17,26.85,26.50,128572500.0,-2.68,-9.98,26.50,24.17,319013,3.98,23.08,8.68,779.87,779.87,3.94,29.54,24.17,1.49
601963,重庆银行,12.02,11.35,11.29,20485300.0,0.67,5.90,12.10,11.22,24083,1.01,7.48,7.75,244.49,435.82,0.75,12.49,10.22,1.65
601965,中国汽研,15.65,15.35,15.50,12504900.0,0.30,1.95,16.07,15.30,19628,1.25,14.95,5.02,156.25,156.98,1.96,16.89,13.82,1.01
601966,玲珑轮胎,12.01,11.86,11.90,7959800.0,0.15,1.26,12.10,11.88,9555,0.54,16.82,1.85,175.77,175.77,0.77,13.05,10.67,0.69
601968,宝钢包装,4.62,4.64,4.61,8061500.0,-0.02,-0.43,4.69,4.61,3746,0.63,30.11,1.72,58.94,58.94,1.30,5.10,4.18,0.88
601969,海南矿业,9.66,9.79,9.83,17746900.0,-0.13,-1.33,9.93,9.59,17311,0.90,40.83,3.47,190.54,192.42,2.82,10.77,8.81,0.95
601975,招商南油,4.86,4.88,4.89,393220500.0,-0.02,-0.41,5.22,4.80,194901,8.40,15.59,8.61,227.46,227.46,1.92,5.37,4.39,0.94
601985,中国核电,9.04,8.84,8.82,201135500.0,0.20,2.26,9.11,8.79,180850,1.07,22.59,3.62,1707.05,1859.35,1.55,9.72,7.96,1.84
601988,中国银行,5.86,5.81,5.80,340678300.0,0.05,0.86,5.91,5.76,199284,0.16,7.70,2.58,12350.86,18881.65,0.69,6.39,5.23,1.24
601989,中国重工,5.10,5.10,0.00,0.0,0.00,0.00,0.00,0.00,0,0.00,46.10,0.00,1162.90,1162.90,1.36,-1,-1,0.00
601990,南京证券,6.70,6.69,6.69,24044800.0,0.01,0.15,6.76,6.68,16164,0.65,26.94,1.20,246.99,294.78,1.25,7.36,6.02,1.14
601991,大唐发电,8.63,8.00,7.88,1118022000.0,0.63,7.88,8.79,7.75,934863,9.02,19.86,13.00,1069.78,1597.13,4.34,8.80,7.20,1.24
601992,金隅集团,1.59,1.58,1.58,112007200.0,0.01,0.63,1.67,1.58,18121,1.34,-11.69,5.70,132.51,169.78,0.44,1.74,1.42,0.80
601995,中金公司,33.79,33.42,33.46,28348000.0,0.37,1.11,34.29,33.46,96256,0.97,14.40,2.48,987.86,1631.13,1.59,36.76,30.08,1.46
601996,丰林集团,2.66,2.80,2.81,36821000.0,-0.14,-5.00,2.85,2.64,10086,3.28,-24.59,7.50,29.82,29.82,1.22,3.08,2.52,0.84
601997,贵阳银行,5.93,5.87,5.85,40058300.0,0.06,1.02,5.97,5.85,23739,1.10,4.10,2.04,216.81,216.81,0.33,6.46,5.28,1.24
601998,中信银行,7.42,7.37,7.36,84651000.0,0.05,0.68,7.43,7.30,62401,0.21,5.80,1.76,3024.61,4128.87,0.56,8.11,6.63,1.35
601999,出版传媒,6.01,6.06,6.07,5146500.0,-0.05,-0.83,6.13,5.97,3115,0.93,31.62,2.64,33.11,33.11,1.23,6.67,5.45,0.79
603000,人民网,17.53,17.56,17.63,18358700.0,-0.03,-0.17,18.03,17.46,32560,1.66,101.71,3.25,193.83,193.83,5.04,19.32,15.80,1.10
603001,奥康国际,10.11,10.27,10.30,21261400.0,-0.16,-1.56,10.53,9.97,21701,5.30,-23.63,5.45,40.54,40.54,1.71,11.30,9.24,0.61
603002,宏昌电子,16.58,17.42,17.30,116160900.0,-0.84,-4.82,18.56,16.20,201175,10.24,639.90,13.55,188.03,188.03,5.44,19.16,15.68,1.35
603003,退市龙宇,2.44,2.44,0.00,0.0,0.00,0.00,0.00,0.00,0,0.00,-2.71,0.00,9.18,9.18,0.28,-1,-1,0.00
603004,鼎龙科技,18.92,19.60,19.60,2734600.0,-0.68,-3.47,19.65,18.83,5238,4.64,31.40,4.18,11.14,44.56,2.14,21.56,17.64,0.71
603005,晶方科技,41.04,45.60,45.03,113962000.0,-4.56,-10.00,45.10,41.04,485388,17.47,72.40,8.90,267.65,267.65,5.84,50.16,41.04,0.74
603006,联明股份,13.81,14.33,14.86,14488900.0,-0.52,-3.63,14.86,13.80,20497,5.70,33.80,7.40,35.11,35.11,2.58,15.76,12.90,2.33
603007,顺景科技,5.96,6.17,6.25,52848400.0,-0.21,-3.40,6.29,5.91,31936,7.60,-23.57,6.16,41.43,52.72,22.49,6.79,5.55,0.89
603008,ST喜临门,8.84,8.58,8.46,17957400.0,0.26,3.03,8.97,8.45,15657,4.88,24.22,6.06,32.56,32.56,0.93,9.01,8.15,0.78
603009,XD北特科,48.26,52.30,52.63,12315200.0,-4.04,-7.72,52.80,47.90,61147,3.64,135.18,9.37,163.32,167.17,8.33,57.53,47.07,0.70
603010,万盛股份,14.82,15.37,15.38,14315600.0,-0.55,-3.58,15.41,14.60,21329,2.51,-9.07,5.27,84.59,86.70,3.41,16.91,13.83,0.66
603011,合锻智能,24.92,22.65,23.80,54796700.0,2.27,10.02,24.92,23.30,135209,11.08,-43.27,7.15,123.21,123.21,6.61,24.92,20.39,1.97
603012,创力集团,9.46,9.65,9.65,18815900.0,-0.19,-1.97,9.66,9.19,17677,2.91,66.72,4.87,61.16,61.16,1.59,10.62,8.69,0.66
603013,亚普股份,19.24,19.60,19.69,3189700.0,-0.36,-1.84,19.90,19.15,6162,0.63,17.43,3.83,97.78,97.78,2.19,21.56,17.64,0.91
603014,威高血净,35.41,36.77,36.00,2249700.0,-1.36,-3.70,36.14,35.02,7974,2.22,30.30,3.05,35.94,147.93,2.04,40.45,33.09,1.23
603015,弘讯科技,10.84,11.94,11.88,15266800.0,-1.10,-9.21,11.99,10.75,17156,3.78,165.66,10.39,43.82,43.82,3.15,13.13,10.75,1.57
603016,新宏泰,42.88,44.55,44.56,3671700.0,-1.67,-3.75,45.04,42.40,15837,2.48,115.65,5.93,63.53,63.53,7.51,49.01,40.10,0.95
603017,中衡设计,11.89,12.55,12.51,12763700.0,-0.66,-5.26,12.56,11.76,15443,4.62,67.52,6.37,32.84,32.84,2.20,13.81,11.30,1.26
603018,华设集团,7.03,7.04,7.04,4503300.0,-0.01,-0.14,7.11,6.99,3178,0.66,16.90,1.70,48.07,48.07,0.89,7.74,6.34,0.76
603019,中科曙光,88.22,91.25,93.30,53148500.0,-3.03,-3.32,94.00,87.89,481276,3.63,58.20,6.70,1290.40,1290.76,5.72,100.38,82.13,0.89
603020,爱普股份,9.77,9.95,9.87,4605400.0,-0.18,-1.81,9.98,9.72,4530,1.23,41.93,2.61,36.70,36.70,1.13,10.95,8.96,0.66
603021,*ST华鹏,7.38,7.44,7.50,6366400.0,-0.06,-0.81,7.55,7.22,4676,1.99,-10.08,4.44,23.61,23.61,-11.43,7.81,7.07,0.91
603022,新通联,10.08,10.35,10.25,4040700.0,-0.27,-2.61,10.43,9.95,4107,2.02,33.95,4.64,20.16,20.16,2.36,11.39,9.32,0.87
603023,威帝股份,4.49,4.70,4.70,13454900.0,-0.21,-4.47,4.77,4.43,6138,2.41,23616.66,7.23,25.06,25.06,3.25,5.17,4.23,0.64
603025,大豪科技,15.47,15.80,15.96,13677000.0,-0.33,-2.09,16.19,15.46,21557,1.23,22.16,4.62,171.59,172.75,7.02,17.38,14.22,0.90
603026,石大胜华,87.69,90.06,90.22,9860500.0,-2.37,-2.63,90.99,87.02,87264,4.24,62.59,4.41,204.06,204.06,3.93,99.07,81.05,0.84
603027,千禾味业,7.68,7.56,7.56,23990200.0,0.12,1.59,7.88,7.52,18567,1.92,30.55,4.76,95.97,102.38,2.91,8.32,6.80,1.41
603028,赛福天,8.06,8.43,8.55,5386400.0,-0.37,-4.39,8.55,7.98,4401,1.90,-45.54,6.76,22.91,23.14,4.98,9.27,7.59,0.79
603029,天鹅股份,16.78,17.19,17.19,2237900.0,-0.41,-2.39,17.34,16.72,3808,1.84,27.27,3.61,20.36,20.36,2.12,18.91,15.47,0.87
603030,全筑股份,2.56,2.63,2.63,29051900.0,-0.07,-2.66,2.67,2.54,7568,2.21,-12.55,4.94,33.71,33.71,4.82,2.89,2.37,0.89
603031,安孚科技,60.10,58.04,59.40,33982100.0,2.06,3.55,62.50,58.99,205799,10.81,77.89,6.05,188.95,224.68,7.98,63.84,52.24,1.55
603032,德新科技,25.38,27.69,27.42,46540300.0,-2.31,-8.34,28.22,25.07,122775,20.08,86.11,11.38,58.83,59.19,5.06,30.46,24.92,3.00
603033,三维股份,10.31,10.46,10.39,10928900.0,-0.15,-1.43,10.83,10.11,11336,1.08,-20.44,6.88,104.39,106.31,4.21,11.51,9.41,1.30
603035,常熟汽饰,12.12,12.18,12.25,2878600.0,-0.06,-0.49,12.25,12.09,3499,0.79,13.45,1.31,44.40,44.40,0.82,13.40,10.96,0.64
603036,如通股份,13.20,13.37,13.35,5652700.0,-0.17,-1.27,13.65,13.14,7567,2.74,27.28,3.81,27.19,27.19,1.99,14.71,12.03,1.09
603037,凯众股份,13.17,13.73,13.78,8257800.0,-0.56,-4.08,14.07,12.98,11000,3.10,49.73,7.94,35.05,35.10,3.54,15.10,12.36,0.76
603038,华立股份,15.32,15.72,15.72,4476100.0,-0.40,-2.54,15.90,15.23,6930,1.67,49.45,4.26,41.16,41.16,2.87,17.29,14.15,0.78
603039,泛微网络,36.64,37.09,37.31,5583000.0,-0.45,-1.21,37.74,36.19,20505,1.81,34.71,4.18,112.72,112.72,4.29,40.80,33.38,0.68
603040,新坐标,85.55,89.22,88.85,3623400.0,-3.67,-4.11,89.03,84.08,31041,2.67,43.86,5.55,116.13,116.74,7.51,98.14,80.30,0.73
603041,美思德,12.44,12.93,12.93,2565400.0,-0.49,-3.79,13.02,12.29,3226,1.40,38.74,5.65,22.78,22.78,1.49,14.22,11.64,0.73
603042,华脉科技,19.52,19.57,19.58,13136000.0,-0.05,-0.26,20.30,19.12,25854,8.18,-56.19,6.03,31.35,31.35,3.76,21.53,17.61,1.31
603043,XD广州酒,14.03,13.64,13.71,4949700.0,0.39,2.86,14.09,13.66,6892,0.88,16.29,3.15,79.12,79.80,2.12,15.00,12.28,1.73
603045,福达合金,62.20,68.77,68.00,21438500.0,-6.57,-9.55,68.60,61.89,136169,15.83,28.63,9.76,84.25,84.25,6.72,75.65,61.89,1.51
603048,浙江黎明,20.03,20.84,20.95,1437800.0,-0.81,-3.89,21.00,19.95,2918,0.98,87.58,5.04,29.42,29.42,2.30,22.92,18.76,0.84
603049,中策橡胶,46.50,46.58,46.66,1346000.0,-0.08,-0.17,46.98,46.43,6281,1.54,9.65,1.18,40.66,406.64,1.59,51.24,41.92,0.76
603050,科林电气,24.97,24.89,25.52,36183000.0,0.08,0.32,27.38,24.79,94248,8.97,44.24,10.41,100.71,100.71,5.48,27.38,22.40,3.75
603051,鹿山新材,21.57,23.65,23.99,10480600.0,-2.08,-8.79,23.99,21.30,23204,6.48,-51.70,11.37,34.86,34.86,2.05,26.02,21.29,1.63
603052,可川科技,95.14,92.85,94.85,8861000.0,2.29,2.47,101.11,90.80,84710,4.72,-2709.28,11.10,178.77,178.77,16.78,102.14,83.57,1.26
603053,成都燃气,9.37,9.28,9.30,2468700.0,0.09,0.97,9.41,9.26,2310,0.28,17.77,1.62,83.29,83.29,1.65,10.21,8.35,0.75
603055,台华新材,8.74,8.52,8.60,10569800.0,0.22,2.58,8.85,8.49,9200,1.19,15.57,4.23,77.53,77.81,1.44,9.37,7.67,1.37
603056,德邦股份,18.85,18.85,0.00,0.0,0.00,0.00,0.00,0.00,0,0.00,-36.73,0.00,190.68,190.68,2.40,-1,-1,0.00
603057,紫燕食品,26.66,26.76,26.77,2461400.0,-0.10,-0.37,27.00,26.38,6574,0.60,36.11,2.32,109.84,109.84,5.15,29.44,24.08,0.88
603058,永吉股份,9.93,10.35,10.36,7485900.0,-0.42,-4.06,10.43,9.85,7514,1.81,131.54,5.60,41.18,41.18,3.48,11.39,9.32,0.87
603059,倍加洁,27.60,27.81,27.81,946600.0,-0.21,-0.76,27.96,27.42,2624,0.94,22.73,1.94,27.72,27.72,2.48,30.59,25.03,0.83
603060,国检集团,6.96,6.33,6.50,21703300.0,0.63,9.95,6.96,6.45,14859,2.70,45.35,8.06,55.96,55.96,2.77,6.96,5.70,1.47
603061,金海通,295.00,300.21,302.02,2619200.0,-5.21,-1.74,306.66,291.00,78031,3.01,109.98,5.22,256.65,256.65,15.23,330.23,270.19,0.75
603062,麦加芯彩,43.73,45.65,45.30,1070700.0,-1.92,-4.21,45.62,43.52,4743,2.89,27.76,4.60,16.21,47.23,2.37,50.22,41.09,1.09
603063,禾望电气,55.66,60.29,60.29,40173000.0,-4.63,-7.68,60.75,54.47,229286,8.74,53.65,10.42,255.78,255.78,4.96,66.32,54.26,1.07
603065,宿迁联盛,7.51,7.77,7.78,4444800.0,-0.26,-3.35,7.86,7.48,3374,1.06,-206.15,4.89,31.46,31.46,1.58,8.55,6.99,1.09
603066,音飞储存,10.95,11.24,11.32,5100500.0,-0.29,-2.58,11.34,10.91,5641,1.73,25.70,3.83,32.21,32.21,2.11,12.36,10.12,0.88
603067,振华股份,35.06,38.96,38.53,38142700.0,-3.90,-10.01,38.99,35.06,137639,5.05,39.94,10.09,264.89,264.89,6.88,42.86,35.06,0.91
603068,博通集成,35.23,37.69,37.50,6381800.0,-2.46,-6.53,37.96,34.96,23003,4.20,243.31,7.96,53.47,53.47,3.05,41.46,33.92,1.09
603069,海汽集团,16.16,16.47,16.00,8070800.0,-0.31,-1.88,16.95,15.52,13156,2.55,-82.19,8.68,51.07,51.07,6.61,18.12,14.82,0.79
603070,万控智造,17.23,17.13,16.78,11276000.0,0.10,0.58,17.41,16.51,19156,2.81,113.70,5.25,69.09,69.09,3.19,18.84,15.42,0.98
603071,物产环能,14.00,13.15,13.09,7402700.0,0.85,6.46,14.11,13.09,10229,1.33,11.90,7.76,78.11,78.11,1.36,14.47,11.84,3.21
603072,天和磁材,35.89,38.08,38.09,4978400.0,-2.19,-5.75,38.25,35.69,18169,3.94,54.78,6.72,45.30,94.85,4.25,41.89,34.27,1.46
603073,彩蝶实业,17.82,18.37,18.54,1756100.0,-0.55,-2.99,18.65,17.72,3183,3.45,34.48,5.06,9.07,20.67,1.49,20.21,16.53,0.82
603075,热威股份,28.17,26.45,25.94,10569700.0,1.72,6.50,28.30,25.94,29109,25.63,34.80,8.92,11.62,113.38,5.79,29.10,23.81,1.65
603076,乐惠国际,26.35,26.36,26.17,6426800.0,-0.01,-0.04,27.20,26.00,17043,5.32,123.66,4.55,31.80,31.80,2.46,29.00,23.72,1.32
603077,和邦生物,2.46,2.53,2.53,151986600.0,-0.07,-2.77,2.53,2.45,37841,1.72,-57.88,3.16,217.26,217.26,1.22,2.78,2.28,1.08
603078,江化微,34.70,33.60,34.00,55833400.0,1.10,3.27,36.96,34.00,198904,14.48,125.33,8.81,133.82,133.82,6.71,36.96,30.24,1.49
603079,圣达生物,13.87,13.95,14.05,2148400.0,-0.08,-0.57,14.10,13.76,2996,1.14,48.90,2.44,26.22,26.22,1.64,15.35,12.56,0.77
603080,XD新疆火,22.24,23.36,23.55,4823000.0,-1.12,-4.79,23.68,22.20,11036,3.41,14.95,6.34,31.47,31.47,2.03,25.70,21.02,0.97
603081,大丰实业,10.36,10.59,10.60,3249300.0,-0.23,-2.17,10.64,10.33,3393,0.77,74.38,2.93,43.77,43.77,1.37,11.65,9.53,0.91
603082,北自科技,35.66,38.05,38.05,7281900.0,-2.39,-6.28,38.09,35.08,26559,17.95,38.79,7.91,14.46,57.85,3.47,41.86,34.25,0.63
603083,剑桥科技,207.70,203.04,201.96,38350500.0,4.66,2.30,219.00,199.20,802905,13.92,209.05,9.75,572.40,732.45,9.81,223.34,182.74,1.22
603085,天成自控,13.37,13.82,13.88,11022300.0,-0.45,-3.26,14.03,13.22,14917,2.78,59.59,5.86,53.09,53.09,5.49,15.20,12.44,1.10
603086,先达股份,6.11,6.25,6.27,6691900.0,-0.14,-2.24,6.29,6.07,4135,1.54,19.39,3.52,26.57,26.57,1.25,6.88,5.63,1.08
603087,XD甘李药,52.28,52.05,52.29,6607100.0,0.23,0.44,53.00,51.51,34528,1.18,30.49,2.86,291.65,312.27,2.78,57.26,46.85,1.23
603088,宁波精达,10.50,11.20,11.09,16281500.0,-0.70,-6.25,11.19,10.37,17408,3.72,57.49,7.32,45.98,52.75,4.59,12.32,10.08,0.95
603089,正裕工业,10.27,10.69,10.78,2788700.0,-0.42,-3.93,10.78,10.18,2888,1.16,49.38,5.61,24.65,28.32,1.50,11.76,9.62,0.91
603090,宏盛股份,59.80,65.18,65.94,6694200.0,-5.38,-8.25,66.30,59.55,41488,6.69,78.53,10.36,59.80,59.80,9.62,71.70,58.66,0.94
603091,众鑫股份,72.88,73.99,73.71,683400.0,-1.11,-1.50,74.66,71.00,4961,2.17,25.88,4.95,22.91,74.51,3.26,81.39,66.59,0.88
603092,德力佳,67.44,68.56,68.10,1675300.0,-1.12,-1.63,69.09,67.06,11414,4.85,30.07,2.96,23.32,269.76,4.70,75.42,61.70,0.72
603093,南华期货,22.00,20.66,21.41,27180500.0,1.34,6.49,22.73,21.40,60845,4.46,26.09,6.44,134.21,157.90,2.74,22.73,18.59,1.92
603095,越剑智能,19.91,19.92,20.02,5081100.0,-0.01,-0.05,20.57,19.66,10217,1.97,77.63,4.57,51.42,51.42,2.20,21.91,17.93,0.80
603096,新经典,16.33,16.42,16.42,1577900.0,-0.09,-0.55,16.64,16.23,2594,1.02,34.43,2.50,25.19,25.19,1.34,18.06,14.78,0.83
603097,江苏华辰,28.64,29.70,29.78,4817500.0,-1.06,-3.57,29.78,28.23,13884,3.00,94.89,5.22,45.96,47.30,4.38,32.67,26.73,0.88
603098,森特股份,12.61,12.65,12.55,8837200.0,-0.04,-0.32,13.22,12.55,11420,1.64,75.19,5.30,67.94,68.06,2.38,13.92,11.39,0.98
603099,长白山,38.95,37.95,37.80,13506500.0,1.00,2.64,39.46,37.75,52580,4.96,79.73,4.51,106.08,106.08,7.04,41.75,34.16,1.63
603100,川仪股份,18.91,19.20,19.25,4722200.0,-0.29,-1.51,19.60,18.88,8998,0.92,15.13,3.75,96.73,97.04,2.07,21.12,17.28,0.89
603101,汇嘉时代,7.46,7.42,7.39,14210200.0,0.04,0.54,7.69,7.37,10729,3.02,41.55,4.31,35.09,35.09,2.45,8.16,6.68,1.46
603102,百合股份,36.86,36.71,36.73,492200.0,0.15,0.41,36.98,36.36,1810,0.77,19.32,1.69,23.59,23.59,1.40,40.38,33.04,0.86
603103,横店影视,22.92,21.54,21.54,23814600.0,1.38,6.41,23.55,21.45,53412,3.76,-101.30,9.75,145.36,145.36,11.37,23.69,19.39,1.53
603105,芯能科技,9.09,9.15,9.14,12835700.0,-0.06,-0.66,9.33,9.06,11790,2.57,25.90,2.95,45.45,45.45,2.11,10.07,8.24,1.22
603106,恒银科技,7.63,7.89,7.95,6160700.0,-0.26,-3.30,7.96,7.60,4766,1.18,138.56,4.56,39.72,39.72,3.00,8.68,7.10,1.00
603107,上海汽配,13.30,13.45,13.38,2490700.0,-0.15,-1.12,13.54,13.26,3330,1.14,28.87,2.08,29.02,44.87,2.06,14.80,12.11,0.85
603108,润达医疗,12.55,13.15,13.15,34631100.0,-0.60,-4.56,13.66,12.45,44327,5.74,-14.22,9.20,75.76,75.76,2.06,14.47,11.84,1.04
603109,神驰机电,19.16,19.58,19.60,2336200.0,-0.42,-2.15,19.68,19.00,4498,1.12,45.77,3.47,40.02,40.02,2.03,21.54,17.62,1.06
603110,东方材料,22.12,23.41,23.81,17081000.0,-1.29,-5.51,23.82,22.10,38974,8.49,4004.37,7.35,44.51,44.51,6.39,25.75,21.07,1.22
603111,康尼机电,6.24,6.30,6.34,5908200.0,-0.06,-0.95,6.43,6.22,3722,0.69,15.10,3.33,53.22,53.79,1.31,6.93,5.67,1.01
603112,华翔股份,20.24,20.85,20.90,11561800.0,-0.61,-2.93,20.91,20.06,23574,2.16,19.12,4.08,108.20,109.29,2.48,22.94,18.77,0.96
603113,金能科技,5.14,5.19,5.23,5327000.0,-0.05,-0.96,5.23,5.13,2755,0.63,-6.77,1.93,43.61,43.61,0.60,5.71,4.67,0.62
603115,海星股份,106.84,110.40,110.00,12545000.0,-3.56,-3.22,116.00,105.06,137538,5.19,115.79,9.91,258.44,258.44,11.94,121.44,99.36,0.95
603116,红蜻蜓,7.25,7.31,7.40,11767900.0,-0.06,-0.82,7.43,7.19,8577,2.04,-30.93,3.28,41.77,41.77,1.65,8.04,6.58,0.63
603117,万林物流,4.48,4.74,4.70,19589700.0,-0.26,-5.49,4.75,4.43,8964,3.27,365.21,6.75,26.84,26.84,2.62,5.21,4.27,1.42
603118,共进股份,12.79,13.39,13.59,40460200.0,-0.60,-4.48,13.67,12.62,52897,5.14,125.97,7.84,100.69,100.69,1.98,14.73,12.05,0.83
603119,浙江荣泰,65.85,69.97,69.97,23658800.0,-4.12,-5.89,70.66,65.01,158537,8.93,107.13,8.07,174.53,311.38,15.37,76.97,62.97,0.84
603120,肯特催化,47.57,51.32,51.01,2531200.0,-3.75,-7.31,51.46,46.60,12216,6.68,51.05,9.47,18.03,43.00,3.61,56.45,46.19,0.79
603121,华培动力,16.33,16.58,16.90,5677300.0,-0.25,-1.51,16.92,16.17,9295,1.68,-90.50,4.52,55.28,55.28,5.04,18.24,14.92,0.60
603122,合富中国,12.76,12.66,12.67,10415200.0,0.10,0.79,12.95,12.66,13340,2.62,-141.37,2.29,50.79,50.79,4.87,13.93,11.39,0.95
603123,翠微股份,10.09,10.30,10.26,12029300.0,-0.21,-2.04,10.35,10.06,12296,1.84,-18.78,2.82,65.81,80.59,4.95,11.33,9.27,0.68
603124,江南新材,137.46,137.15,139.00,3928700.0,0.31,0.23,147.44,135.57,55289,5.06,76.84,8.65,106.68,200.34,10.39,150.87,123.44,1.31
603125,常青科技,24.18,25.21,25.28,9890600.0,-1.03,-4.09,25.40,24.00,24383,2.44,47.97,5.55,97.89,97.89,3.89,27.73,22.69,1.04
603126,中材节能,7.70,7.86,7.86,9198700.0,-0.16,-2.04,7.93,7.65,7145,1.51,143.47,3.56,47.01,47.01,2.29,8.65,7.07,0.66
603127,昭衍新药,35.17,36.46,36.29,28680200.0,-1.29,-3.54,37.19,35.09,102584,4.55,53.23,5.76,221.70,263.55,3.08,40.11,32.81,0.66
603128,华贸物流,5.36,5.30,5.28,8340800.0,0.06,1.13,5.37,5.28,4458,0.64,15.16,1.70,70.16,70.16,1.11,5.83,4.77,0.94
603129,春风动力,224.00,232.10,233.62,2114300.0,-8.10,-3.49,234.99,223.11,48077,1.38,20.43,5.12,343.80,343.80,4.67,255.31,208.89,1.46
603130,云中马,42.40,44.05,44.01,1516200.0,-1.65,-3.75,44.41,42.00,6495,1.10,53.69,5.47,58.31,58.31,4.16,48.46,39.65,0.81
603131,上海沪工,18.81,20.04,20.00,11313900.0,-1.23,-6.14,20.15,18.70,21761,3.36,-426.57,7.24,63.37,63.37,3.84,22.04,18.04,1.18
603132,金徽股份,17.24,17.24,17.32,5168600.0,0.00,0.00,17.60,17.05,8933,0.53,25.81,3.19,168.61,168.61,5.29,18.96,15.52,0.86
603133,退市碳元,0.29,0.29,0.00,0.0,0.00,0.00,0.00,0.00,0,0.00,-0.93,0.00,0.61,0.61,0.30,-1,-1,0.00
603135,中重科技,10.25,10.49,10.50,5243800.0,-0.24,-2.29,10.65,10.20,5436,0.83,-376.96,4.29,64.53,65.01,2.20,11.54,9.44,1.01
603136,天目湖,9.54,9.45,9.45,3527000.0,0.09,0.95,9.69,9.45,3381,1.31,28.03,2.54,25.77,25.77,1.87,10.40,8.51,1.43
603137,恒尚节能,12.66,13.03,13.00,1902200.0,-0.37,-2.84,13.03,12.45,2415,1.04,-49.94,4.45,23.16,23.16,1.93,14.33,11.73,0.84
603138,海量数据,16.08,16.65,16.80,12226700.0,-0.57,-3.42,17.34,15.90,20286,4.24,-66.26,8.65,46.37,47.25,5.84,18.32,14.99,1.15
603139,康惠股份,36.49,37.03,36.60,3145700.0,-0.54,-1.46,37.40,35.75,11466,3.15,-12.34,4.46,36.45,36.45,6.68,40.73,33.33,0.72
603150,万朗磁塑,68.20,71.63,72.62,2242500.0,-3.43,-4.79,72.92,68.00,15747,2.62,57.95,6.87,58.30,58.30,3.35,78.79,64.47,0.99
603151,邦基科技,13.32,13.54,13.79,2163900.0,-0.22,-1.62,13.80,13.26,2916,1.26,26.23,3.99,22.79,22.79,1.65,14.89,12.19,0.97
603153,上海建科,14.65,14.23,14.38,2421600.0,0.42,2.95,14.96,14.35,3548,0.60,16.17,4.29,59.15,60.04,1.55,15.65,12.81,1.55
603155,新亚强,17.85,19.26,19.14,7423300.0,-1.41,-7.32,19.50,17.79,13500,2.35,66.31,8.88,56.37,56.37,2.55,21.19,17.33,0.94
603156,养元饮品,42.74,43.73,43.89,12197000.0,-0.99,-2.26,43.89,42.36,52305,0.97,37.79,3.50,538.64,538.64,5.43,48.10,39.36,0.76
603157,退市拉夏,0.59,0.59,0.00,0.0,0.00,0.00,0.00,0.00,0,0.00,-0.39,0.00,1.96,3.23,-0.21,-1,-1,0.00
603158,腾龙股份,14.60,15.09,15.02,29033300.0,-0.49,-3.25,15.12,14.40,42561,5.92,119.99,4.77,71.65,71.65,3.15,16.60,13.58,0.58
603159,上海亚虹,26.26,27.76,27.70,3150600.0,-1.50,-5.40,27.98,26.05,8434,2.25,-360.77,6.95,36.76,36.76,7.41,30.54,24.98,0.76
603160,汇顶科技,61.01,66.09,66.55,13686200.0,-5.08,-7.69,66.98,61.01,86904,2.94,37.45,9.03,284.24,284.24,3.09,72.70,59.48,1.63
603161,科华控股,12.68,13.16,13.20,3588800.0,-0.48,-3.65,13.25,12.62,4620,1.88,28.14,4.79,24.19,24.65,1.61,14.48,11.84,1.13
603162,海通发展,11.63,11.41,11.68,17201700.0,0.22,1.93,11.98,11.22,20015,4.16,26.28,6.66,48.10,159.70,3.48,12.55,10.27,0.98
603163,圣晖集成,103.66,112.45,113.85,3313800.0,-8.79,-7.82,114.00,103.25,35741,3.31,63.10,9.56,103.66,103.66,8.67,123.70,101.21,0.88
603165,荣晟环保,16.48,16.99,17.00,6941500.0,-0.51,-3.00,17.03,16.36,11545,2.22,22.51,3.94,51.54,51.54,1.99,18.69,15.29,0.76
603166,福达股份,12.62,13.19,13.23,7169600.0,-0.57,-4.32,13.39,12.57,9216,1.12,24.95,6.22,80.86,81.48,3.13,14.51,11.87,0.95
603167,渤海轮渡,9.11,9.04,9.03,4643900.0,0.07,0.77,9.13,9.01,4224,0.99,17.17,1.33,42.74,42.74,1.21,9.94,8.14,1.27
603168,莎普爱思,5.78,5.86,5.86,6670700.0,-0.08,-1.37,5.94,5.73,3883,1.79,-7.90,3.58,21.53,21.62,1.63,6.45,5.27,1.03
603169,兰石重装,7.85,8.17,8.19,17672800.0,-0.32,-3.92,8.21,7.80,14069,1.35,-16.95,5.02,102.54,102.54,3.86,8.99,7.35,1.17
603170,宝立食品,13.00,12.45,12.42,6948900.0,0.55,4.42,13.18,12.38,8981,1.74,19.26,6.43,52.00,52.00,3.36,13.70,11.21,2.81
603171,税友股份,47.80,49.70,50.60,6947100.0,-1.90,-3.82,51.20,47.60,34120,1.71,136.04,7.24,194.02,194.23,7.54,54.67,44.73,1.21
603172,万丰股份,19.73,20.13,20.18,2774800.0,-0.40,-1.99,20.55,19.55,5562,2.08,50.76,4.97,26.32,26.32,2.37,22.14,18.12,0.98
603173,福斯达,34.72,35.38,35.14,940600.0,-0.66,-1.87,35.86,34.51,3300,0.59,13.96,3.82,55.55,55.55,2.67,38.92,31.84,0.75
603175,超颖电子,90.61,94.79,94.92,4776400.0,-4.18,-4.41,95.07,89.16,43997,10.50,617.23,6.23,41.20,395.99,14.46,104.27,85.31,0.86
603176,汇通集团,5.12,5.25,5.25,5351500.0,-0.13,-2.48,5.32,5.09,2777,1.16,116.05,4.38,23.64,24.33,2.28,5.78,4.73,1.04
603177,德创环保,10.29,10.72,10.72,3308300.0,-0.43,-4.01,10.83,10.18,3465,1.62,-39.68,6.06,21.01,21.01,6.51,11.79,9.65,0.60
603178,圣龙股份,17.57,18.20,18.21,8787500.0,-0.63,-3.46,18.51,17.41,15685,3.72,-25.71,6.04,41.54,41.54,3.63,20.02,16.38,0.59
603179,新泉股份,52.09,54.19,54.55,30669000.0,-2.10,-3.88,55.09,51.50,161795,4.29,46.20,6.62,372.03,372.03,5.02,59.61,48.77,0.67
603180,金牌家居,17.04,17.19,17.23,1136900.0,-0.15,-0.87,17.53,16.93,1958,0.74,-96.69,3.49,26.29,26.29,0.97,18.91,15.47,0.99
603181,皇马科技,13.70,14.21,14.22,6691700.0,-0.51,-3.59,14.31,13.63,9247,1.14,18.03,4.79,80.65,80.65,2.23,15.63,12.79,0.91
603182,嘉华股份,13.20,13.33,13.33,2247600.0,-0.13,-0.98,13.42,13.06,2985,1.37,25.17,2.70,21.72,21.72,1.92,14.66,12.00,0.91
603183,XD建研院,4.11,4.16,4.19,13322500.0,-0.05,-1.20,4.25,4.08,5547,2.68,178.74,4.09,20.43,20.43,1.28,4.58,3.74,0.97
603185,弘元绿能,18.48,19.53,19.50,16127700.0,-1.05,-5.38,19.50,18.35,30247,2.38,-299.71,5.89,125.48,126.23,1.07,21.48,17.58,0.97
603186,华正新材,132.10,132.12,131.40,16060300.0,-0.02,-0.02,138.95,129.18,214553,10.24,71.61,7.39,207.12,207.12,8.92,145.33,118.91,0.85
603187,海容冷链,12.99,13.03,13.03,4018800.0,-0.04,-0.31,13.21,12.92,5246,1.05,12.90,2.23,49.67,50.20,1.17,14.33,11.73,0.89
603188,亚邦股份,4.52,4.61,4.61,10640800.0,-0.09,-1.95,4.64,4.50,4865,1.87,-57.56,3.04,25.77,25.77,3.66,5.07,4.15,0.91
603189,*ST网达,11.80,12.29,12.56,4569300.0,-0.49,-3.99,12.66,11.71,5579,1.70,-1138.33,7.73,31.81,31.81,2.16,12.90,11.68,0.82
603190,亚通精工,26.03,26.66,26.64,1693900.0,-0.63,-2.36,27.13,25.89,4461,4.12,25.87,4.65,10.70,32.42,1.44,29.33,23.99,0.55
603191,望变电气,21.87,20.65,20.70,39575600.0,1.22,5.91,22.72,20.35,87661,11.99,107.65,11.48,72.16,72.16,2.88,22.72,18.59,2.37
603192,汇得科技,19.76,20.38,20.38,1427000.0,-0.62,-3.04,20.39,19.61,2839,1.02,42.85,3.83,27.55,33.04,1.51,22.42,18.34,1.24
603193,XD润本股,22.11,21.52,21.66,3847600.0,0.59,2.74,22.45,21.42,8452,3.72,27.70,4.79,22.85,89.46,4.13,23.67,19.37,1.47
603194,中力股份,33.50,34.56,34.53,1716800.0,-1.06,-3.07,34.67,33.33,5795,1.09,15.82,3.88,52.94,134.34,2.43,38.02,31.10,0.79
603195,公牛集团,41.58,42.15,42.06,11393700.0,-0.57,-1.35,43.16,41.58,47939,0.63,18.10,3.75,748.72,751.73,4.22,46.37,37.94,1.86
603196,璞源材料,24.08,25.26,25.28,4643700.0,-1.18,-4.67,25.50,23.91,11322,1.96,295.29,6.29,57.07,100.82,5.06,27.79,22.73,1.22
603197,保隆科技,31.56,32.91,32.63,5204400.0,-1.35,-4.10,33.23,31.36,16584,2.46,35.74,5.68,66.64,67.55,2.10,36.20,29.62,1.33
603198,迎驾贡酒,36.95,35.39,35.07,14153400.0,1.56,4.41,37.80,34.95,51996,1.77,14.84,8.05,295.60,295.60,2.58,38.93,31.85,1.43
603199,九华旅游,32.75,32.28,32.11,1687600.0,0.47,1.46,33.29,32.11,5545,1.52,16.96,3.66,36.25,36.25,2.21,35.51,29.05,0.85
603200,上海洗霸,47.99,50.10,50.44,4112300.0,-2.11,-4.21,50.68,47.74,20067,2.34,102.71,5.87,84.21,84.21,7.66,55.11,45.09,0.80
603201,常润股份,15.98,15.96,16.20,2759600.0,0.02,0.13,16.23,15.70,4410,1.47,15.44,3.32,30.10,30.36,1.70,17.56,14.36,0.85
603202,天有为,64.23,65.20,65.20,1121600.0,-0.97,-1.49,65.39,64.17,7242,2.23,12.71,1.87,32.25,102.77,1.49,71.72,58.68,1.05
603203,快克智能,67.50,75.00,74.00,14842500.0,-7.50,-10.00,75.60,67.50,106949,5.96,114.92,10.80,168.18,171.36,11.42,82.50,67.50,0.86
603205,健尔康,24.19,24.78,24.64,688600.0,-0.59,-2.38,24.93,24.19,1686,1.67,34.27,2.99,10.00,37.74,2.48,27.26,22.30,0.86
603206,嘉环科技,16.92,17.99,18.00,15199900.0,-1.07,-5.95,18.29,16.70,26393,4.98,108.64,8.84,51.64,51.64,2.26,19.79,16.19,0.69
603207,小方制药,23.40,23.23,23.05,1193500.0,0.17,0.73,23.66,23.05,2793,2.19,18.48,2.63,12.73,37.63,3.27,25.55,20.91,1.02
603208,江山欧派,13.14,13.09,13.06,4014400.0,0.05,0.38,13.27,12.60,5249,2.28,-9.84,5.12,23.11,23.11,2.28,14.40,11.78,1.71
603209,兴通股份,13.50,13.64,13.63,3073700.0,-0.14,-1.03,13.69,13.39,4148,0.96,14.26,2.20,43.40,43.88,1.26,15.00,12.28,0.71
603210,泰鸿万立,13.95,14.06,14.00,2844800.0,-0.11,-0.78,14.18,13.91,3995,1.22,22.32,1.92,32.46,47.49,2.45,15.47,12.65,0.84
603211,晋拓股份,27.20,28.00,28.40,5889000.0,-0.80,-2.86,28.52,26.92,16277,2.17,118.21,5.71,73.93,73.93,5.90,30.80,25.20,0.58
603212,赛伍技术,14.47,15.12,15.32,27182200.0,-0.65,-4.30,15.60,14.31,39886,6.21,-25.70,8.53,63.30,63.30,2.65,16.63,13.61,1.00
603213,镇洋发展,14.70,14.41,14.56,9204500.0,0.29,2.01,15.04,14.43,13526,2.08,86.38,4.23,64.97,64.97,3.59,15.85,12.97,0.95
603214,爱婴室,14.68,14.81,14.82,3006800.0,-0.13,-0.88,15.05,14.63,4469,2.17,24.41,2.84,20.34,20.34,1.76,16.29,13.33,1.19
603215,比依股份,15.73,16.13,16.30,2204600.0,-0.40,-2.48,16.30,15.64,3505,1.18,67.80,4.09,29.45,33.87,1.99,17.74,14.52,0.85
603216,梦天家居,24.50,25.00,25.30,2234200.0,-0.50,-2.00,25.30,24.23,5486,1.00,85.34,4.28,54.56,54.56,3.02,27.50,22.50,0.39
603217,元利科技,26.80,28.66,28.66,4412200.0,-1.86,-6.49,28.78,26.51,12102,2.12,26.91,7.92,55.77,55.77,1.61,31.53,25.79,1.19
603218,日月股份,11.79,12.01,11.92,8630700.0,-0.22,-1.83,12.06,11.77,10242,0.84,23.48,2.41,121.31,121.48,1.16,13.21,10.81,0.91
603219,富佳股份,16.01,16.74,16.74,6048900.0,-0.73,-4.36,16.87,15.86,9819,1.08,163.57,6.03,89.88,89.88,5.56,18.41,15.07,0.77
603220,中贝通信,23.34,24.75,24.80,32782900.0,-1.41,-5.70,24.80,23.02,77674,7.55,200.13,7.19,101.36,125.18,3.25,27.23,22.28,0.76
603221,爱丽家居,12.29,12.84,12.85,3705400.0,-0.55,-4.28,12.91,12.15,4598,1.53,-151.62,5.92,29.77,30.05,1.91,14.12,11.56,0.69
603222,济民健康,8.78,9.02,9.02,13785000.0,-0.24,-2.66,9.28,8.71,12358,2.63,-17.88,6.32,46.10,46.10,4.14,9.92,8.12,0.90
603223,恒通股份,9.91,10.32,10.40,17168300.0,-0.41,-3.97,10.46,9.82,17238,2.43,22.08,6.20,69.95,69.95,1.71,11.35,9.29,0.53
603225,新凤鸣,16.98,17.42,17.36,21723600.0,-0.44,-2.53,17.64,16.64,37212,1.30,26.37,5.74,283.32,284.84,1.35,19.16,15.68,1.25
603226,菲林格尔,48.40,52.99,53.97,9238400.0,-4.59,-8.66,53.97,47.76,45235,2.60,-220.05,11.72,172.06,172.06,20.20,58.29,47.69,1.26
603227,雪峰科技,8.74,8.97,8.99,17717700.0,-0.23,-2.56,9.14,8.71,15756,1.65,19.29,4.79,93.67,93.67,1.85,9.87,8.07,0.95
603228,景旺电子,79.18,81.22,81.74,39403900.0,-2.04,-2.51,84.24,77.50,317914,4.04,68.47,8.30,772.63,779.81,6.11,89.34,73.10,0.75
603229,奥翔药业,9.51,9.86,9.92,14137600.0,-0.35,-3.55,9.92,9.32,13468,1.70,73.09,6.09,78.96,78.96,3.34,10.85,8.87,0.92
603230,内蒙新华,9.76,9.74,9.78,1623900.0,0.02,0.21,9.88,9.70,1589,0.46,41.85,1.85,34.50,34.50,1.22,10.71,8.77,0.96
603231,索宝蛋白,16.19,16.05,16.09,2424000.0,0.14,0.87,16.37,15.94,3906,2.28,17.51,2.68,17.20,31.00,1.53,17.66,14.45,1.20
603232,格尔软件,20.87,20.35,20.65,22132100.0,0.52,2.56,21.38,20.01,45885,9.57,-77.40,6.73,48.27,48.85,3.76,22.39,18.32,0.94
603233,大参林,16.50,16.25,16.25,4862900.0,0.25,1.54,16.68,16.23,8018,0.43,14.61,2.77,187.91,187.91,2.45,17.88,14.63,1.01
603235,天新药业,24.20,24.18,24.10,509700.0,0.02,0.08,24.56,24.10,1240,0.12,20.37,1.90,105.94,105.94,2.09,26.60,21.76,1.30
603236,移远通信,75.10,77.77,77.60,7244900.0,-2.67,-3.43,77.82,74.56,54881,2.77,28.20,4.19,196.50,216.16,3.09,85.55,69.99,0.81
603237,五芳斋,16.13,16.03,15.90,2375000.0,0.10,0.62,16.14,15.75,3794,1.25,29.01,2.43,30.62,31.79,1.96,17.63,14.43,1.33
603238,诺邦股份,13.42,13.61,13.58,2819100.0,-0.19,-1.40,14.19,13.31,3809,1.59,20.20,6.47,23.82,23.82,1.59,14.97,12.25,1.00
603239,浙江仙通,19.97,20.45,20.42,4925700.0,-0.48,-2.35,20.46,19.66,9849,1.82,26.46,3.91,54.06,54.06,3.93,22.50,18.41,0.84
603248,锡华科技,26.21,27.64,27.08,7470500.0,-1.43,-5.17,27.80,26.14,19922,10.78,61.60,6.01,18.17,120.57,5.16,30.40,24.88,0.89
603255,鼎际得,32.20,33.08,33.27,2900500.0,-0.88,-2.66,33.27,31.40,9290,4.78,166.88,5.65,19.54,43.34,2.73,36.39,29.77,1.25
603256,宏和科技,202.15,197.91,208.00,21982200.0,4.24,2.14,208.00,194.92,444144,2.50,587.47,6.61,1778.37,1828.62,65.98,217.70,178.12,1.09
603257,中国瑞林,61.52,59.09,59.10,2637300.0,2.43,4.11,62.22,58.00,15891,10.59,37.10,7.14,15.32,73.82,2.88,65.00,53.18,1.94
603258,电魂网络,13.77,13.93,13.93,2611300.0,-0.16,-1.15,14.06,13.68,3615,1.08,-14.09,2.73,33.23,33.58,1.72,15.32,12.54,0.97
603259,XD药明康,101.60,99.22,100.80,57078100.0,2.38,2.40,103.46,99.44,580710,2.31,15.06,4.05,2512.85,3031.50,3.81,109.14,89.30,1.64
603260,合盛硅业,38.07,40.02,39.78,12219200.0,-1.95,-4.87,39.88,37.87,47004,1.03,-14.18,5.02,450.07,450.07,1.53,44.02,36.02,1.38
603261,*ST立航,34.68,36.51,36.69,708400.0,-1.83,-5.01,36.69,34.68,2518,0.91,-12.48,5.51,26.88,26.88,5.38,38.34,34.68,1.39
603262,技源集团,26.83,26.85,26.81,1546900.0,-0.02,-0.07,27.30,26.50,4148,3.87,94.13,2.98,10.73,107.32,6.83,29.54,24.17,0.54
603266,天龙股份,18.55,19.65,19.80,4398600.0,-1.10,-5.60,19.80,18.46,8311,2.21,33.44,6.82,36.89,36.89,2.27,21.62,17.69,0.76
603267,鸿远电子,69.26,70.06,73.02,30463800.0,-0.80,-1.14,74.56,68.87,218122,13.18,55.96,8.12,160.05,160.05,3.59,77.07,63.05,1.33
603268,松发股份,137.40,140.49,141.09,7146200.0,-3.09,-2.20,141.41,134.50,98229,3.06,38.18,4.92,320.49,1333.85,12.65,154.54,126.44,1.16
603269,海鸥股份,21.57,22.46,21.97,30007000.0,-0.89,-3.96,22.94,21.01,65550,9.72,55.90,8.59,66.60,66.60,6.45,24.71,20.21,1.08
603270,金帝股份,27.60,29.50,29.50,6054900.0,-1.90,-6.44,29.74,27.30,17082,8.56,40.22,8.27,19.52,60.47,2.63,32.45,26.55,1.13
603271,永杰新材,45.95,47.01,47.01,2665800.0,-1.06,-2.25,47.70,45.65,12384,2.82,19.70,4.36,43.46,90.39,2.97,51.71,42.31,0.75
603272,*ST联翔,42.03,40.03,40.89,4877200.0,2.00,5.00,42.03,40.04,20258,4.71,-251.59,4.97,43.55,43.55,8.08,42.03,38.03,1.54
603273,天元智能,14.98,15.45,15.52,1939000.0,-0.47,-3.04,15.59,14.91,2944,3.46,115.87,4.40,8.40,32.10,3.62,17.00,13.91,0.81
603275,众辰科技,42.00,44.34,44.47,2747200.0,-2.34,-5.28,44.47,41.84,11754,6.61,34.47,5.93,17.45,62.48,2.07,48.77,39.91,0.90
603276,恒兴新材,16.03,16.86,16.86,2799600.0,-0.83,-4.92,16.89,15.93,4546,3.70,45.55,5.69,12.13,33.29,1.85,18.55,15.17,1.15
603277,银都股份,11.96,12.00,12.05,1643400.0,-0.04,-0.33,12.06,11.86,1962,0.27,22.35,1.67,72.93,73.40,2.57,13.20,10.80,1.10
603278,大业股份,12.19,12.80,12.83,25401800.0,-0.61,-4.77,12.90,12.15,31588,7.43,-96.98,5.86,41.66,41.66,2.15,14.08,11.52,0.51
603279,景津装备,15.25,15.52,15.47,9007100.0,-0.27,-1.74,15.72,15.15,13780,1.56,18.42,3.67,87.90,87.90,1.89,17.07,13.97,0.98
603280,南方路机,29.03,29.18,29.14,1277600.0,-0.15,-0.51,29.65,29.00,3746,1.18,33.08,2.23,31.47,31.47,2.27,32.10,26.26,1.12
603281,江瀚新材,35.30,36.26,36.36,3475100.0,-0.96,-2.65,36.61,35.01,12371,0.93,31.01,4.41,131.79,131.79,2.69,39.89,32.63,0.82
603282,亚光股份,15.99,16.46,16.42,1660700.0,-0.47,-2.86,16.57,15.89,2688,1.24,32.35,4.13,21.40,21.40,1.62,18.11,14.81,0.69
603283,赛腾股份,63.18,67.68,68.35,23703600.0,-4.50,-6.65,68.99,62.28,153480,8.74,33.74,9.91,171.33,171.33,4.81,74.45,60.91,1.16
603284,林平发展,41.58,42.26,42.18,1145200.0,-0.68,-1.61,42.82,41.00,4824,6.20,17.40,4.31,7.68,31.36,1.42,46.49,38.03,0.83
603285,键邦股份,47.86,51.60,52.20,3553800.0,-3.74,-7.25,52.40,47.20,17404,5.70,58.46,10.08,29.82,76.58,4.45,56.76,46.44,0.70
603286,日盈电子,55.36,61.51,61.54,5190700.0,-6.15,-10.00,62.08,55.36,29993,4.49,-128.71,10.93,64.01,65.11,8.01,67.66,55.36,0.99
603288,海天味业,35.92,35.29,35.29,31138000.0,0.63,1.79,36.35,35.00,111670,0.56,28.87,3.83,1997.37,2101.98,5.00,38.82,31.76,1.65
603289,泰瑞机器,10.55,11.29,11.29,12014900.0,-0.74,-6.55,11.36,10.40,12926,4.10,39.47,8.50,30.95,30.95,2.08,12.42,10.16,0.87
603290,斯达半导,128.70,143.00,142.61,17588300.0,-14.30,-10.00,143.00,128.70,236767,7.34,93.92,10.00,308.20,308.20,4.43,157.30,128.70,0.99
603291,联合水务,10.24,10.41,10.40,4924100.0,-0.17,-1.63,10.56,10.21,5121,1.16,41.79,3.36,43.34,43.34,2.37,11.45,9.37,0.54
603293,埃泰克,44.24,46.79,46.55,3112100.0,-2.55,-5.45,46.59,43.97,14070,8.87,31.40,5.60,15.53,79.23,2.72,51.47,42.11,0.60
603296,华勤技术,106.40,106.00,113.48,25461800.0,0.40,0.38,115.87,103.70,274949,4.46,26.97,11.48,607.00,1152.38,4.30,116.60,95.40,1.73
603297,永新光学,130.98,140.32,141.97,2367200.0,-9.34,-6.66,141.97,129.44,31615,2.14,69.08,8.93,145.03,145.30,6.91,154.35,126.29,1.16
603298,XD杭叉集,25.48,25.49,25.49,4579400.0,-0.01,-0.04,25.92,25.39,11750,0.35,14.96,2.08,333.74,333.74,2.90,28.04,22.94,0.81
603299,苏盐井神,10.27,10.14,10.18,7886200.0,0.13,1.28,10.32,10.10,8077,1.01,20.87,2.17,80.16,98.05,1.20,11.15,9.13,1.30
603300,海南华铁,5.58,5.65,5.68,42281700.0,-0.07,-1.24,5.70,5.56,23819,2.12,24.98,2.48,111.30,111.30,1.67,6.22,5.09,0.97
603301,振德医疗,83.49,84.74,84.80,2113900.0,-1.25,-1.48,85.94,82.94,17680,0.80,83.44,3.54,220.31,220.31,3.88,93.21,76.27,0.63
603302,鑫广绿环,7.79,7.79,0.00,0.0,0.00,0.00,0.00,0.00,0,0,14.28,0.00,0,28.07,3.52,-1,-1,0.00
603303,得邦照明,28.78,26.16,26.31,12728600.0,2.62,10.02,28.78,26.31,36222,2.67,55.63,9.44,137.26,137.26,4.26,28.78,23.54,1.44
603305,旭升集团,14.97,15.95,15.98,38768900.0,-0.98,-6.14,16.05,14.84,59429,3.35,43.84,7.59,173.01,173.01,1.85,17.55,14.36,0.87
603306,华懋科技,109.48,116.76,116.78,18501100.0,-7.28,-6.24,120.03,107.08,208710,5.61,252.19,11.09,360.73,360.73,11.22,128.44,105.08,1.23
603307,扬州金泉,39.27,40.01,40.19,624300.0,-0.74,-1.85,40.71,39.15,2476,0.93,23.92,3.90,26.31,26.73,1.85,44.01,36.01,0.75
603308,应流股份,64.67,70.26,71.00,29700800.0,-5.59,-7.96,71.12,63.83,196104,4.37,116.56,10.38,439.14,439.14,8.64,77.29,63.23,1.49
603309,维力医疗,12.44,12.49,12.54,2814900.0,-0.05,-0.40,12.59,12.41,3516,0.96,46.94,1.44,36.31,36.31,2.09,13.74,11.24,0.58
603310,巍华新材,16.11,16.52,16.55,3914200.0,-0.41,-2.48,16.68,16.09,6364,2.02,31.45,3.57,31.26,55.63,1.37,18.17,14.87,0.75
603311,金海高科,30.16,30.50,30.29,15301700.0,-0.34,-1.11,32.18,29.60,47343,6.49,101.35,8.46,71.14,71.14,5.28,33.55,27.45,0.75
603312,西典新能,39.53,38.90,40.48,3508800.0,0.63,1.62,42.30,38.79,13981,6.89,25.42,9.02,20.13,63.25,3.43,42.79,35.01,2.31
603313,梦百合,5.70,5.63,5.64,15204300.0,0.07,1.24,5.93,5.61,8784,2.66,-30.49,5.68,32.52,32.52,0.96,6.19,5.07,1.87
603315,福鞍股份,16.54,16.44,16.72,24389100.0,0.10,0.61,17.38,16.23,40942,7.61,128.31,7.00,52.99,52.99,3.05,18.08,14.80,1.64
603316,诚邦股份,21.56,20.18,20.95,76371400.0,1.38,6.84,22.20,20.70,166710,28.90,-57.51,7.43,56.98,56.98,10.31,22.20,18.16,1.42
603317,天味食品,14.81,14.70,14.70,9964000.0,0.11,0.75,15.01,14.51,14719,0.94,21.16,3.40,157.68,157.68,3.78,16.17,13.23,0.97
603318,水发燃气,8.90,9.08,9.12,22367200.0,-0.18,-1.98,9.14,8.81,20033,4.87,-53.35,3.63,40.86,49.37,2.63,9.99,8.17,0.79
603319,美湖股份,36.21,33.75,33.40,36937500.0,2.46,7.29,36.66,33.40,130206,10.89,171.41,9.66,122.81,122.81,4.99,37.13,30.38,1.88
603320,迪贝电气,23.10,24.45,24.32,3323500.0,-1.35,-5.52,25.10,23.03,7935,2.23,46.01,8.47,34.45,34.45,2.94,26.90,22.01,0.87
603321,梅轮电梯,6.56,6.71,6.73,4459500.0,-0.15,-2.24,6.82,6.52,2969,1.29,66.24,4.47,22.60,22.89,1.58,7.38,6.04,0.89
603322,超讯通信,31.17,33.35,33.02,7645000.0,-2.18,-6.54,33.63,30.96,24365,4.85,-111.44,8.01,49.12,49.12,18.67,36.69,30.02,0.89
603323,苏农银行,4.74,4.67,4.67,23574200.0,0.07,1.50,4.75,4.64,11105,1.17,4.63,2.36,95.68,95.68,0.49,5.14,4.20,1.38
603324,盛剑科技,34.29,31.17,32.36,14973100.0,3.12,10.01,34.29,32.28,50665,10.14,-79.32,6.45,50.64,50.64,3.11,34.29,28.05,1.10
603325,博隆技术,54.31,55.25,55.45,557500.0,-0.94,-1.70,55.46,54.12,3046,1.63,12.83,2.43,18.56,43.45,1.57,60.78,49.73,0.93
603326,我乐家居,7.34,7.52,7.52,4626200.0,-0.18,-2.39,8.15,7.25,3442,1.45,16.36,11.97,23.43,23.43,2.11,8.27,6.77,1.27
603327,福蓉科技,10.18,10.49,10.45,23640400.0,-0.31,-2.96,10.64,10.10,24349,2.26,72.89,5.15,106.43,106.43,4.25,11.54,9.44,0.99
603328,依顿电子,12.63,12.97,12.97,55545800.0,-0.34,-2.62,13.31,12.48,71815,5.56,32.58,6.40,126.10,126.10,2.91,14.27,11.67,1.36
603329,上海雅仕,10.72,10.87,10.80,3147000.0,-0.15,-1.38,11.00,10.66,3413,1.52,39.13,3.13,22.12,26.81,1.82,11.96,9.78,1.05
603330,天洋新材,6.42,6.80,6.75,16269000.0,-0.38,-5.59,6.81,6.36,10605,3.76,-11.66,6.62,27.78,27.78,2.13,7.48,6.12,0.83
603331,百达精工,12.54,13.08,13.08,6153800.0,-0.54,-4.13,13.25,12.43,7814,3.04,-10.28,6.27,25.35,25.35,2.43,14.39,11.77,0.64
603332,苏州龙杰,11.93,12.14,12.15,5974900.0,-0.21,-1.73,12.29,11.88,7201,2.76,31.15,3.38,25.81,25.81,1.95,13.35,10.93,1.00
603333,尚纬股份,8.71,8.59,8.59,26512000.0,0.12,1.40,9.00,8.47,23219,4.27,-167.86,6.17,54.14,54.14,2.65,9.45,7.73,0.91
603334,丰倍生物,44.01,44.25,44.25,2029700.0,-0.24,-0.54,46.52,43.90,9176,6.38,43.63,5.92,14.00,63.15,3.63,48.68,39.83,1.21
603335,迪生力,7.35,7.38,7.49,39645200.0,-0.03,-0.41,8.08,7.28,30331,9.26,61.36,10.84,31.47,31.47,11.15,8.12,6.64,1.89
603336,宏辉果蔬,9.79,10.49,10.42,30472100.0,-0.70,-6.67,10.49,9.70,30350,5.01,365.22,7.53,59.59,59.59,4.15,11.54,9.44,1.26
603337,杰克科技,39.85,41.85,41.84,4968600.0,-2.00,-4.78,42.17,39.54,20072,1.05,21.90,6.28,188.78,189.85,3.53,46.04,37.67,0.68
603338,浙江鼎力,51.13,52.10,52.68,4775300.0,-0.97,-1.86,52.68,51.00,24665,0.94,13.46,3.22,258.90,258.90,2.19,57.31,46.89,0.84
603339,四方科技,12.69,12.92,12.95,3320800.0,-0.23,-1.78,13.07,12.61,4247,1.07,26.56,3.56,39.27,39.27,1.45,14.21,11.63,0.94
603341,龙旗科技,34.46,36.90,37.06,13055700.0,-2.44,-6.61,37.36,34.17,46068,4.90,40.34,8.64,91.74,180.08,2.49,40.59,33.21,1.60
603344,星德胜,28.93,30.50,30.49,3932200.0,-1.57,-5.15,30.78,28.68,11597,7.28,33.98,6.89,15.63,56.28,2.59,33.55,27.45,0.69
603345,安井食品,99.65,97.33,97.28,7160000.0,2.32,2.38,101.53,96.78,71312,2.44,21.74,4.88,292.27,332.12,2.07,107.06,87.60,1.45
603348,文灿股份,16.07,16.23,16.25,2441500.0,-0.16,-0.99,16.40,16.05,3954,0.78,-11.71,2.16,50.54,50.54,1.30,17.85,14.61,0.95
603350,安乃达,30.53,31.95,31.85,965300.0,-1.42,-4.44,31.99,30.45,2987,2.19,32.14,4.82,13.47,35.57,2.67,35.15,28.76,0.89
603351,威尔药业,25.57,26.02,26.02,923100.0,-0.45,-1.73,26.17,25.40,2366,0.68,22.78,2.96,34.63,34.63,1.89,28.62,23.42,0.91
603352,至信股份,30.12,30.51,30.61,1435700.0,-0.39,-1.28,30.69,30.00,4360,3.23,33.29,2.26,13.38,68.27,2.31,33.56,27.46,0.85
603353,和顺石油,51.10,56.78,56.98,12283400.0,-5.68,-10.00,58.69,51.10,66547,7.21,-723.78,13.37,87.08,87.84,5.47,62.46,51.10,1.21
603355,莱克电气,27.40,28.32,28.30,2954300.0,-0.92,-3.25,28.34,26.88,8097,0.52,26.69,5.16,157.11,157.11,2.78,31.15,25.49,0.93
603356,华菱精工,18.04,19.30,19.18,4519000.0,-1.26,-6.53,19.29,18.00,8372,3.39,-17.43,6.68,24.05,24.05,7.96,21.23,17.37,0.63
603357,设计总院,6.91,6.84,6.88,4178800.0,0.07,1.02,7.02,6.86,2901,0.75,12.90,2.34,38.73,38.73,0.97,7.52,6.16,1.23
603358,华达科技,38.99,38.94,39.50,16628700.0,0.05,0.13,40.17,38.02,65116,3.65,140.02,5.52,177.47,183.15,5.17,42.83,35.05,1.09
603359,*ST东珠,2.84,2.79,2.78,18229500.0,0.05,1.79,2.92,2.76,5194,4.09,-1.16,5.73,12.67,12.67,0.90,2.93,2.65,1.23
603360,百傲化学,21.45,22.96,23.05,20390700.0,-1.51,-6.58,23.25,21.34,44861,2.89,87.82,8.32,151.48,151.48,10.74,25.26,20.66,0.67
603361,浙江国祥,68.07,68.07,0.00,0.0,0.00,0.00,0.00,0.00,0,0,25.05,0.00,0,71.52,8.38,-1,-1,0.00
603363,傲农生物,3.23,3.37,3.35,40633300.0,-0.14,-4.15,3.35,3.21,13341,1.89,-54.59,4.15,69.27,84.08,2.71,3.71,3.03,0.96
603365,水星家纺,18.21,17.98,18.00,1805900.0,0.23,1.28,18.48,17.98,3302,0.70,11.32,2.78,47.31,47.80,1.48,19.78,16.18,1.01
603366,日出东方,7.69,7.63,7.60,9047600.0,0.06,0.79,7.83,7.57,6973,1.11,34.40,3.41,62.52,62.52,1.46,8.39,6.87,0.59
603367,辰欣药业,13.96,13.71,13.71,7551200.0,0.25,1.82,14.16,13.70,10526,1.67,15.47,3.36,63.20,63.20,1.00,15.08,12.34,1.35
603368,柳药集团,16.03,15.77,15.73,3301100.0,0.26,1.65,16.11,15.70,5270,0.83,9.70,2.60,63.67,63.67,0.80,17.35,14.19,1.24
603369,今世缘,30.30,29.19,29.10,36101500.0,1.11,3.80,31.63,29.08,110805,2.90,16.11,8.74,377.78,377.78,2.10,32.11,26.27,2.02
603370,华新精科,42.49,42.20,42.28,978200.0,0.29,0.69,42.88,41.72,4130,2.80,49.71,2.75,14.87,74.34,3.78,46.42,37.98,0.55
603373,安邦护卫,43.79,48.65,48.71,3227200.0,-4.86,-9.99,48.90,43.79,14669,7.10,36.59,10.50,19.89,47.09,2.52,53.52,43.79,0.80
603375,盛景微,48.80,52.86,52.27,5007700.0,-4.06,-7.68,53.00,48.30,25257,7.85,583.47,8.89,31.13,49.13,3.17,58.15,47.57,0.83
603376,大明电子,28.90,29.60,29.70,1131500.0,-0.70,-2.36,29.88,28.90,3302,3.54,57.60,3.31,9.25,115.60,6.59,32.56,26.64,0.61
603377,ST东时,3.52,3.62,3.50,6936400.0,-0.10,-2.76,3.63,3.50,2446,0.97,-3.29,3.59,25.18,25.18,-1738.44,3.80,3.44,0.89
603378,*ST亚士,5.40,5.18,5.18,16109900.0,0.22,4.25,5.44,5.14,8607,3.76,-1.67,5.79,23.14,23.14,-13.92,5.44,4.92,0.78
603379,三美股份,57.51,59.15,59.30,8029900.0,-1.64,-2.77,59.35,57.28,46662,1.32,16.21,3.50,351.09,351.09,4.07,65.07,53.24,0.60
603380,易德龙,36.51,39.79,40.83,4807000.0,-3.28,-8.24,40.83,36.26,18141,3.00,27.77,11.49,58.58,58.58,3.63,43.77,35.81,0.89
603381,永臻股份,19.85,21.14,20.96,6372500.0,-1.29,-6.10,21.17,19.70,12844,4.48,-21.07,6.95,28.21,47.10,1.41,23.25,19.03,1.30
603382,海阳科技,21.48,22.14,22.35,1124900.0,-0.66,-2.98,22.35,21.35,2439,3.10,39.35,4.52,7.79,38.93,2.20,24.35,19.93,0.82
603383,顶点软件,31.78,31.94,31.90,5760600.0,-0.16,-0.50,32.85,31.50,18491,2.80,32.10,4.23,65.27,65.27,4.58,35.13,28.75,0.85
603385,惠达卫浴,5.75,5.79,5.82,5052900.0,-0.04,-0.69,5.87,5.70,2925,1.33,-9.47,2.94,21.89,21.89,0.62,6.37,5.21,1.12
603386,骏亚科技,15.61,16.03,16.00,13504500.0,-0.42,-2.62,16.45,15.43,21488,4.14,-120.05,6.36,50.94,50.94,3.89,17.63,14.43,0.97
603387,基蛋生物,8.91,8.82,8.81,8721900.0,0.09,1.02,8.96,8.78,7746,1.72,19.42,2.04,45.19,45.19,1.60,9.70,7.94,1.11
603388,*ST元成,0.58,0.58,0.00,0.0,0.00,0.00,0.00,0.00,0,0.00,-0.49,0.00,1.89,1.89,0.27,-1,-1,0.00
603389,*ST亚振,59.10,59.01,59.44,1452300.0,0.09,0.15,60.39,57.65,8584,0.55,-294.10,4.64,155.29,155.29,77.44,61.96,56.06,0.95
603390,通达电气,12.60,13.36,13.50,15083500.0,-0.76,-5.69,13.65,12.49,19411,4.30,33.99,8.68,44.16,44.31,2.59,14.70,12.02,0.82
603391,力聚热能,60.53,67.25,67.90,2481700.0,-6.72,-9.99,67.90,60.53,16082,10.91,28.10,10.96,13.77,55.08,2.58,73.98,60.53,1.27
603392,万泰生物,34.66,33.21,33.80,5995100.0,1.45,4.37,34.66,33.60,20483,0.47,-112.81,3.19,438.24,438.24,3.71,36.53,29.89,1.26
603393,新天然气,26.59,26.99,26.80,7857700.0,-0.40,-1.48,27.10,26.30,20976,1.86,19.62,2.96,112.53,112.72,1.20,29.69,24.29,0.86
603395,红四方,23.85,24.10,24.10,2238100.0,-0.25,-1.04,24.19,23.71,5360,3.44,121.86,1.99,15.50,62.01,4.35,26.51,21.69,1.15
603396,金辰股份,31.52,33.28,33.30,4426700.0,-1.76,-5.29,33.50,31.32,14151,3.20,80.55,6.55,43.66,43.66,1.67,36.61,29.95,1.26
603398,*ST沐邦,14.40,13.71,13.67,13443700.0,0.69,5.03,14.40,13.33,18535,3.10,-7.89,7.80,62.44,62.44,87.30,14.40,13.02,1.30
603399,永杉锂业,17.91,17.14,17.30,104405600.0,0.77,4.49,18.85,16.80,186959,20.38,-53.55,11.96,91.75,91.75,5.67,18.85,15.43,2.07
603400,华之杰,68.61,70.88,71.00,1318300.0,-2.27,-3.20,71.96,68.49,9247,6.59,61.71,4.90,13.72,68.61,5.59,77.97,63.79,0.74
603402,陕西旅游,93.57,92.20,92.86,1087000.0,1.37,1.49,96.65,92.20,10211,5.62,20.61,4.83,18.09,72.36,2.46,101.42,82.98,1.40
603406,天富龙,29.45,29.55,29.80,832900.0,-0.10,-0.34,29.85,29.33,2459,2.27,27.34,1.76,10.80,117.80,2.52,32.51,26.60,0.86
603407,长裕集团,54.20,58.01,58.90,5219100.0,-3.81,-6.57,59.00,53.81,28891,14.53,87.35,8.95,19.46,221.07,10.72,63.81,52.21,0.88
603408,建霖家居,10.79,10.70,10.66,2326500.0,0.09,0.84,10.90,10.66,2508,0.52,11.73,2.24,48.29,48.29,1.38,11.77,9.63,1.04
603409,汇通控股,39.02,40.99,40.90,1530700.0,-1.97,-4.81,41.48,38.70,6090,4.23,30.75,6.78,14.11,49.18,3.17,45.09,36.89,0.63
603416,信捷电气,53.58,57.79,57.74,3771200.0,-4.21,-7.28,58.50,53.11,20683,2.71,32.07,9.33,74.61,84.19,3.06,63.57,52.01,0.75
603418,友升股份,51.45,51.36,50.63,1225400.0,0.09,0.18,52.11,50.63,6301,2.96,19.67,2.88,21.28,99.33,2.15,56.50,46.22,0.73
603421,鼎信通讯,7.23,7.52,7.48,10364800.0,-0.29,-3.86,7.58,7.18,7592,1.59,-7.97,5.32,47.15,47.15,1.96,8.27,6.77,0.94
603429,*ST集友,8.76,8.78,8.78,2537900.0,-0.02,-0.23,9.04,8.65,2238,0.48,-192.64,4.44,45.94,45.94,3.64,9.22,8.34,0.75
603435,嘉德利,80.40,73.09,72.17,12264600.0,7.31,10.00,80.40,72.17,97169,34.37,151.60,11.26,28.69,369.17,17.33,80.40,65.78,0.61
603439,三力制药,16.28,14.80,14.60,46098500.0,1.48,10.00,16.28,14.60,73720,11.42,136.65,11.35,65.75,66.57,4.46,16.28,13.32,1.37
603444,吉比特,331.95,330.99,330.89,1329000.0,0.96,0.29,336.40,328.20,44142,1.84,11.79,2.48,239.14,239.14,4.35,364.09,297.89,0.82
603456,九洲药业,12.64,12.48,12.51,13485100.0,0.16,1.28,12.75,12.48,17003,1.52,17.24,2.16,112.43,112.43,1.26,13.73,11.23,1.03
603458,勘设股份,12.89,14.00,14.07,38460000.0,-1.11,-7.93,14.09,12.88,51652,12.56,-10.32,8.64,39.46,39.46,1.53,15.40,12.60,1.51
603459,红板科技,101.89,103.53,104.00,17626800.0,-1.64,-1.58,108.00,98.60,182264,22.30,138.28,9.08,80.55,768.00,18.85,113.88,93.18,0.65
603466,风语筑,10.62,11.06,11.06,52736900.0,-0.44,-3.98,11.28,10.44,57563,8.87,-393.79,7.59,63.17,63.17,3.04,12.17,9.95,0.99
603477,巨星农牧,15.86,15.76,15.76,12009900.0,0.10,0.63,16.16,15.57,19051,2.35,-18.20,3.74,80.90,82.94,3.02,17.34,14.18,1.01
603486,科沃斯,58.72,62.34,62.00,9228500.0,-3.62,-5.81,62.34,58.60,55543,1.61,20.13,6.00,336.67,339.94,3.66,68.57,56.11,1.09
603488,展鹏科技,11.25,11.94,11.95,14940900.0,-0.69,-5.78,12.15,11.09,17229,5.12,-19.11,8.88,32.85,32.85,4.24,13.13,10.75,0.85
603489,八方股份,35.50,35.12,34.90,3946200.0,0.38,1.08,36.08,34.88,14036,1.68,66.25,3.42,83.29,83.29,3.01,38.63,31.61,0.92
603496,恒为科技,23.15,24.50,24.70,15711900.0,-1.35,-5.51,24.93,23.01,37145,4.91,152.36,7.84,74.13,74.13,5.32,26.95,22.05,0.73
603499,翔港科技,18.96,20.10,20.21,3986300.0,-1.14,-5.67,20.28,18.90,7708,1.32,54.28,6.87,57.37,57.37,6.20,22.11,18.09,0.87
603500,祥和实业,10.43,10.06,10.40,16087800.0,0.37,3.68,10.94,10.17,16922,4.84,25.10,7.65,34.69,34.71,3.22,11.07,9.05,1.25
603501,豪威集团,95.00,101.90,101.90,37496200.0,-6.90,-6.77,102.39,95.00,367584,3.10,32.54,7.25,1150.06,1198.26,3.65,112.09,91.71,0.89
603505,金石资源,18.25,19.62,19.57,29078500.0,-1.37,-6.98,19.66,18.08,54507,3.45,47.98,8.05,153.60,153.60,8.10,21.58,17.66,0.74
603506,南都物业,11.47,11.84,11.85,3575200.0,-0.37,-3.13,12.12,11.44,4205,1.90,18.33,5.74,21.54,21.54,1.74,13.02,10.66,1.09
603507,振江股份,38.92,40.39,40.33,5610200.0,-1.47,-3.64,40.51,38.83,22178,3.09,35.64,4.16,70.75,71.73,2.76,44.43,36.35,0.68
603508,思维列控,22.26,22.44,22.67,3699800.0,-0.18,-0.80,22.67,22.13,8268,0.97,14.39,2.41,84.87,84.87,2.14,24.68,20.20,0.83
603511,爱慕股份,13.43,13.47,13.41,1426300.0,-0.04,-0.30,13.62,13.38,1921,0.35,33.86,1.78,53.97,54.26,1.21,14.82,12.12,0.79
603515,欧普照明,19.28,19.13,19.01,1158900.0,0.15,0.78,19.62,19.01,2248,0.16,15.74,3.19,141.96,143.29,2.01,21.04,17.22,0.89
603516,淳中科技,112.01,116.80,118.00,6104600.0,-4.79,-4.10,118.50,111.00,69560,3.00,76.96,6.42,227.68,227.68,13.36,128.48,105.12,1.03
603517,ST绝味,13.00,13.12,13.10,11838400.0,-0.12,-0.91,13.22,12.78,15349,1.95,-32.87,3.35,78.78,78.78,1.31,13.78,12.46,0.80
603518,锦泓集团,8.93,8.61,8.54,8987200.0,0.32,3.72,9.07,8.54,7957,2.61,12.43,6.16,30.73,30.84,0.80,9.47,7.75,2.03
603519,立霸股份,12.39,12.50,12.47,2792500.0,-0.11,-0.88,12.58,12.36,3476,1.05,21.19,1.76,33.00,33.00,2.62,13.75,11.25,0.77
603520,司太立,10.30,10.70,10.79,22576100.0,-0.40,-3.74,10.83,10.18,23538,5.15,268.18,6.07,45.16,45.16,1.75,11.77,9.63,0.62
603527,众源新材,13.61,14.49,14.97,34754700.0,-0.88,-6.07,15.00,13.54,48768,10.96,146.61,10.08,43.14,43.14,2.03,15.94,13.04,1.51
603528,多伦科技,7.04,7.48,7.48,12986100.0,-0.44,-5.88,7.58,7.00,9350,1.84,-94.12,7.75,49.70,49.70,2.64,8.23,6.73,1.04
603529,爱玛科技,21.55,20.52,21.00,13864400.0,1.03,5.02,21.64,20.92,29640,1.64,11.50,3.51,182.65,187.03,1.99,22.57,18.47,2.01
603530,神马电力,57.50,56.91,56.95,4950900.0,0.59,1.04,59.24,56.51,28660,1.16,53.76,4.80,245.79,248.22,13.05,62.60,51.22,1.65
603533,掌阅科技,24.04,24.73,25.03,26805600.0,-0.69,-2.79,25.14,23.92,65655,6.11,-77.64,4.93,105.51,105.51,4.60,27.20,22.26,1.13
603535,嘉诚国际,7.28,7.42,7.45,4541600.0,-0.14,-1.89,7.45,7.24,3331,0.89,337.78,2.83,37.19,37.19,1.50,8.16,6.68,0.91
603536,惠发食品,9.39,9.30,9.30,5386300.0,0.09,0.97,9.61,9.29,5099,2.24,-44.79,3.44,22.59,22.76,6.50,10.23,8.37,1.36
603538,美诺华,45.08,45.50,45.93,28553400.0,-0.42,-0.92,47.80,44.50,132102,11.97,97.58,7.25,107.54,109.46,4.74,50.05,40.95,0.74
603551,奥普科技,10.88,10.66,10.65,2016300.0,0.22,2.06,10.94,10.60,2178,0.53,14.55,3.19,41.33,41.86,2.89,11.73,9.59,0.98
603555,ST贵人,0.67,0.67,0.00,0.0,0.00,0.00,0.00,0.00,0,0.00,-11.93,0.00,10.53,10.53,0.64,-1,-1,0.00
603556,海兴电力,26.89,27.13,27.09,4383300.0,-0.24,-0.88,27.25,26.78,11815,0.90,19.26,1.73,130.76,130.76,1.75,29.84,24.42,1.08
603557,*ST起步,4.73,4.68,4.83,11071600.0,0.05,1.07,4.85,4.68,5284,1.78,-17.98,3.63,29.49,29.49,52.70,4.91,4.45,1.11
603558,健盛集团,11.62,11.26,11.27,5245200.0,0.36,3.20,11.75,11.20,6035,1.53,9.13,4.88,39.81,39.81,1.78,12.39,10.13,1.28
603559,ST通脉,9.34,9.40,9.51,3974300.0,-0.06,-0.64,9.58,9.27,3742,0.99,-25.21,3.30,37.48,37.48,4.79,9.87,8.93,0.70
603565,中谷物流,10.40,10.33,10.27,8354300.0,0.07,0.68,10.47,10.26,8661,0.40,11.02,2.03,218.41,218.41,2.09,11.36,9.30,0.84
603566,普莱柯,10.62,10.57,10.53,2961600.0,0.05,0.47,10.75,10.50,3147,0.86,21.27,2.37,36.75,36.75,1.39,11.63,9.51,1.02
603567,珍宝岛,7.15,7.38,7.37,13192600.0,-0.23,-3.12,7.42,7.12,9534,1.40,-4.15,4.07,67.17,67.27,1.10,8.12,6.64,0.64
603568,伟明环保,15.07,15.00,15.08,7375600.0,0.07,0.47,15.36,15.00,11187,0.36,15.97,2.40,308.70,309.26,2.16,16.50,13.50,0.96
603569,长久物流,6.02,6.07,6.08,3838500.0,-0.05,-0.82,6.15,6.01,2333,0.64,-40.19,2.31,36.33,36.33,1.37,6.68,5.46,0.91
603577,汇金通,10.40,11.08,11.08,9116100.0,-0.68,-6.14,11.08,10.37,9727,2.69,34.68,6.41,35.27,35.27,1.81,12.19,9.97,1.23
603578,三星新材,15.12,16.09,16.01,10259400.0,-0.97,-6.03,16.20,14.96,15735,5.69,-19.34,7.71,27.27,35.39,2.50,17.70,14.48,1.13
603579,荣泰健康,19.02,19.09,19.05,4710700.0,-0.07,-0.37,19.46,18.66,8985,2.34,21.67,4.19,38.24,38.24,1.33,21.00,17.18,1.12
603580,*ST艾艾,24.95,25.02,25.60,2651900.0,-0.07,-0.28,26.27,24.22,6735,2.03,79.10,8.19,32.60,32.60,7.16,26.27,23.77,1.34
603583,捷昌驱动,25.23,26.20,26.19,6613700.0,-0.97,-3.70,26.45,25.07,16871,1.73,29.04,5.27,96.44,97.33,2.07,28.82,23.58,0.91
603585,苏利股份,15.96,16.32,16.26,3430400.0,-0.36,-2.21,16.39,15.88,5528,1.77,17.44,3.12,30.87,31.42,1.20,17.95,14.69,0.96
603586,金麒麟,17.16,17.15,17.10,2467800.0,0.01,0.06,17.34,16.88,4223,1.26,48.19,2.68,33.64,33.64,1.51,18.87,15.44,1.08
603587,地素时尚,12.67,12.59,12.56,1988000.0,0.08,0.64,12.79,12.56,2524,0.42,21.57,1.83,60.07,60.07,1.61,13.85,11.33,0.88
603588,高能环境,12.31,12.38,12.47,35998000.0,-0.07,-0.57,12.61,12.27,44660,2.36,15.42,2.75,187.51,187.51,1.86,13.62,11.14,1.03
603589,口子窖,22.27,21.38,21.30,13545400.0,0.89,4.16,22.67,21.24,29886,2.26,34.02,6.69,133.20,133.20,1.24,23.52,19.24,1.60
603590,康辰药业,34.45,35.00,35.23,4982700.0,-0.55,-1.57,36.22,34.10,17390,3.15,32.47,6.06,54.51,54.78,1.70,38.50,31.50,0.82
603595,ST东尼,24.32,24.97,25.05,4823600.0,-0.65,-2.60,25.49,24.10,11878,2.08,-111.10,5.57,56.53,56.53,3.72,26.22,23.72,0.92
603596,伯特利,32.09,33.97,34.68,35299100.0,-1.88,-5.53,34.89,31.92,115906,3.93,22.03,8.74,288.05,288.05,3.68,37.37,30.57,0.84
603598,引力传媒,22.03,20.70,20.88,38139000.0,1.33,6.43,22.77,20.88,85395,14.16,297.50,9.13,59.35,59.41,26.59,22.77,18.63,2.03
603599,广信股份,11.19,11.09,11.08,14490100.0,0.10,0.90,11.46,10.97,16228,1.59,15.59,4.42,101.86,101.86,1.00,12.20,9.98,1.31
603600,永艺股份,10.66,10.73,10.70,4598600.0,-0.07,-0.65,10.84,10.62,4944,1.53,14.25,2.05,31.98,35.22,1.50,11.80,9.66,0.89
603601,再升科技,21.18,23.53,21.18,92125700.0,-2.35,-9.99,22.00,21.18,196230,8.06,656.30,3.48,241.95,241.95,8.94,25.88,21.18,0.36
603602,纵横通信,12.93,13.67,13.75,6720000.0,-0.74,-5.41,13.98,12.78,8866,2.91,-18.50,8.78,29.88,29.88,3.35,15.04,12.30,1.24
603603,退市博天,0.39,0.39,0.00,0.0,0.00,0.00,0.00,0.00,0,0.00,-8.51,0.00,3.19,3.78,0.22,-1,-1,0.00
603605,珀莱雅,61.81,57.75,57.30,12609300.0,4.06,7.03,62.50,57.30,76409,3.18,16.60,9.00,244.75,244.75,3.85,63.53,51.98,2.16
603606,东方电缆,44.70,43.61,43.98,21993200.0,1.09,2.50,45.49,43.23,97909,2.67,27.07,5.18,368.69,368.69,4.54,47.97,39.25,1.77
603607,京华激光,21.53,22.87,22.81,5655700.0,-1.34,-5.86,22.94,21.28,12329,3.17,35.91,7.26,38.43,38.43,3.59,25.16,20.58,1.13
603608,天创时尚,18.82,18.24,18.45,28404500.0,0.58,3.18,19.52,18.41,53789,6.77,277.33,6.09,78.99,78.99,7.22,20.06,16.42,0.89
603609,禾丰股份,6.46,6.40,6.40,2677500.0,0.06,0.94,6.49,6.37,1726,0.29,-103.37,1.88,58.68,58.68,0.92,7.04,5.76,1.06
603610,麒盛科技,17.46,18.27,18.07,8788800.0,-0.81,-4.43,18.24,17.20,15505,2.49,65.44,5.69,61.63,61.63,2.01,20.10,16.44,0.93
603611,诺力股份,17.84,17.90,17.97,2444900.0,-0.06,-0.34,17.99,17.75,4369,0.95,12.06,1.34,45.96,45.96,1.52,19.69,16.11,0.95
603612,索通发展,20.80,21.41,21.53,12826700.0,-0.61,-2.85,21.57,20.70,26880,2.58,14.62,4.06,103.61,103.61,1.75,23.55,19.27,0.96
603613,国联股份,23.50,23.78,23.95,8629500.0,-0.28,-1.18,24.12,23.45,20440,1.20,12.77,2.82,169.33,169.33,1.81,26.16,21.40,0.73
603615,茶花股份,18.85,20.26,20.35,6044300.0,-1.41,-6.96,20.35,18.85,11764,2.50,353.43,7.40,45.58,45.58,3.97,22.29,18.23,1.01
603616,韩建河山,6.12,5.56,5.62,23726500.0,0.56,10.07,6.12,5.61,14312,6.17,-99.69,9.17,23.52,23.70,11.73,6.12,5.00,0.72
603617,君禾股份,7.19,7.32,7.33,13216500.0,-0.13,-1.78,7.42,6.94,9431,3.42,58.93,6.56,27.81,28.03,1.80,8.05,6.59,1.42
603618,杭电股份,42.71,38.83,38.00,139133800.0,3.88,9.99,42.71,36.99,570783,20.12,-123.48,14.73,295.29,295.29,10.91,42.71,34.95,1.58
603619,中曼石油,25.95,26.21,25.85,14920000.0,-0.26,-0.99,26.34,25.54,38616,3.23,38.53,3.05,119.98,119.98,2.75,28.83,23.59,0.81
603626,科森科技,24.00,25.81,25.99,42637800.0,-1.81,-7.01,26.10,23.82,105108,7.68,104.21,8.83,133.17,133.17,5.85,28.39,23.23,0.93
603628,清源股份,10.76,11.08,11.00,4399100.0,-0.32,-2.89,11.08,10.72,4785,1.62,98.13,3.25,29.29,29.39,2.24,12.19,9.97,0.91
603629,利通电子,240.73,220.03,230.00,28908800.0,20.70,9.41,240.88,227.89,676354,11.20,118.16,5.90,621.16,631.48,28.13,242.03,198.03,0.95
603630,拉芳家化,14.17,14.00,14.12,4870000.0,0.17,1.21,14.64,13.80,6899,2.16,-140.32,6.00,31.91,31.91,1.69,15.40,12.60,1.42
603633,徕木股份,8.93,8.88,8.84,44301400.0,0.05,0.56,9.32,8.84,40247,10.38,-18.76,5.41,38.11,38.11,2.19,9.77,7.99,1.40
603636,南威软件,9.29,9.62,9.82,20390100.0,-0.33,-3.43,9.96,9.23,19497,3.51,-11.68,7.59,53.92,53.92,2.91,10.58,8.66,0.70
603637,镇海股份,20.79,20.40,20.11,16445600.0,0.39,1.91,21.49,20.11,34403,6.89,85.10,6.76,49.62,49.62,4.75,22.44,18.36,1.02
603638,艾迪精密,21.89,22.92,23.14,11176900.0,-1.03,-4.49,23.18,21.74,24734,1.34,41.06,6.28,181.93,181.93,4.99,25.21,20.63,0.97
603639,海利尔,11.04,11.14,11.16,2099900.0,-0.10,-0.90,11.18,10.98,2325,0.62,25.34,1.80,37.52,38.60,1.10,12.25,10.03,1.17
603648,畅联股份,8.96,9.04,9.08,3340000.0,-0.08,-0.88,9.12,8.90,3010,0.92,26.03,2.43,32.47,32.47,1.71,9.94,8.14,0.99
603650,彤程新材,52.68,57.23,56.56,18356900.0,-4.55,-7.95,56.87,52.31,99768,2.99,55.51,7.97,323.70,324.55,7.51,62.95,51.51,0.87
603655,朗博科技,35.99,37.79,37.51,1450100.0,-1.80,-4.76,38.19,35.87,5317,1.37,88.37,6.14,38.15,38.15,6.63,41.57,34.01,0.68
603656,泰禾智能,17.90,18.32,18.36,3489500.0,-0.42,-2.29,18.49,17.78,6302,1.91,100.30,3.88,32.75,32.75,2.47,20.15,16.49,1.29
603657,春光科技,26.68,27.95,28.50,2983100.0,-1.27,-4.54,28.63,26.61,8142,2.21,-73.94,7.23,36.07,36.07,4.13,30.75,25.16,0.57
603658,安图生物,33.52,32.56,32.56,3948000.0,0.96,2.95,33.64,32.50,13132,0.69,18.51,3.50,191.54,191.54,2.09,35.82,29.30,1.62
603659,璞泰来,30.63,30.67,30.62,37243700.0,-0.04,-0.13,30.88,29.89,112733,1.74,25.41,3.23,654.38,654.38,3.19,33.74,27.60,0.88
603660,苏州科达,11.88,12.60,12.60,31834700.0,-0.72,-5.71,12.65,11.75,38576,5.57,-11.51,7.14,67.89,67.89,9.73,13.86,11.34,1.01
603661,恒林股份,31.24,32.95,33.55,9000800.0,-1.71,-5.19,34.58,30.95,29141,6.47,25.41,11.02,43.44,43.44,1.18,36.25,29.66,1.32
603662,柯力传感,60.55,63.73,64.08,9013800.0,-3.18,-4.99,64.43,59.70,55574,3.21,55.57,7.42,170.04,170.04,6.10,70.10,57.36,0.81
603663,三祥新材,58.87,63.70,64.77,33593500.0,-4.83,-7.58,64.78,58.45,204238,7.95,176.82,9.94,248.91,249.20,17.93,70.07,57.33,1.13
603665,康隆达,27.00,28.45,28.50,3737500.0,-1.45,-5.10,28.50,26.70,10177,2.33,-233.17,6.33,43.25,43.25,6.74,31.30,25.61,1.24
603666,亿嘉和,29.65,30.78,30.74,5636800.0,-1.13,-3.67,31.14,29.03,16765,2.74,-61.04,6.86,60.94,60.94,2.88,33.86,27.70,0.73
603667,五洲新春,71.76,74.74,74.80,31218300.0,-2.98,-3.99,76.39,70.55,227578,8.52,325.99,7.81,262.79,274.95,6.89,82.21,67.27,0.67
603668,天马科技,11.30,11.54,11.60,3993000.0,-0.24,-2.08,11.60,11.24,4541,0.79,-30.08,3.12,57.16,57.16,2.70,12.69,10.39,0.67
603669,灵康药业,4.12,4.17,4.19,8127000.0,-0.05,-1.20,4.19,4.09,3362,1.14,-17.10,2.40,29.35,29.35,5.84,4.59,3.75,0.84
603676,卫信康,9.23,9.22,9.20,1744100.0,0.01,0.11,9.31,9.11,1608,0.40,18.54,2.17,40.17,40.17,2.60,10.14,8.30,1.08
603677,奇精机械,17.07,15.96,15.95,7615500.0,1.11,6.95,17.56,15.51,12532,3.95,79.39,12.84,32.88,32.88,2.92,17.56,14.36,1.06
603678,火炬电子,48.44,47.31,49.00,85305600.0,1.13,2.39,51.44,48.00,422754,17.94,91.14,7.27,230.36,230.36,3.74,52.04,42.58,1.79
603679,华体科技,17.07,17.85,17.88,7304100.0,-0.78,-4.37,18.12,16.90,12760,4.11,-22.05,6.83,30.33,30.33,3.44,19.64,16.07,0.87
603680,今创集团,11.88,12.52,12.55,6002600.0,-0.64,-5.11,12.56,11.83,7256,0.77,14.98,5.83,93.11,93.11,1.59,13.77,11.27,1.11
603681,永冠新材,25.50,24.00,24.00,27553100.0,1.50,6.25,25.53,23.41,66911,11.59,44.02,8.83,60.62,60.62,2.03,26.40,21.60,1.78
603682,锦和商管,8.92,9.11,9.11,32411900.0,-0.19,-2.09,9.20,8.70,29047,6.86,-25.76,5.49,42.15,42.15,6.48,10.02,8.20,2.33
603683,晶华新材,27.40,28.26,28.30,11471700.0,-0.86,-3.04,28.55,27.06,31827,3.98,83.02,5.27,78.96,79.78,4.72,31.09,25.43,1.10
603685,晨丰科技,33.14,34.88,35.00,5397500.0,-1.74,-4.99,35.38,32.50,18197,2.68,227.30,8.26,66.77,83.83,4.14,38.37,31.39,0.82
603686,福龙马,15.47,16.01,16.08,10326500.0,-0.54,-3.37,16.13,15.38,16155,2.49,40.94,4.68,64.27,64.27,1.84,17.61,14.41,0.85
603687,大胜达,15.61,15.95,15.80,33945300.0,-0.34,-2.13,16.66,15.40,54114,6.17,123.74,7.90,85.86,85.86,2.62,17.55,14.36,0.90
603688,石英股份,67.22,71.28,71.99,28441300.0,-4.06,-5.70,71.99,66.00,193354,5.25,265.09,8.40,364.12,364.12,6.22,78.41,64.15,0.84
603689,XD皖天然,7.94,7.89,7.88,4826700.0,0.05,0.63,8.07,7.88,3849,0.92,12.34,2.41,41.56,41.75,1.15,8.68,7.10,1.14
603690,至纯科技,24.92,27.69,27.53,30267900.0,-2.77,-10.00,27.53,24.92,78190,7.90,-11.47,9.43,95.43,95.43,2.75,30.46,24.92,0.96
603693,江苏新能,17.77,18.02,17.48,38414400.0,-0.25,-1.39,18.68,17.20,69267,4.31,34.95,8.21,158.42,158.42,2.21,19.82,16.22,0.78
603696,安记食品,13.78,13.48,13.59,9894900.0,0.30,2.23,14.32,13.51,13833,4.21,97.82,6.01,32.41,32.41,5.60,14.83,12.13,2.18
603697,有友食品,10.99,10.65,10.80,18250600.0,0.34,3.19,11.40,10.73,20319,4.27,23.38,6.29,47.00,47.00,2.68,11.72,9.59,1.87
603698,XD航天工,32.60,34.93,35.00,17899400.0,-2.33,-6.67,35.20,32.48,59387,3.34,78.14,7.79,174.73,174.73,5.02,38.42,31.44,1.00
603699,纽威股份,57.45,58.35,59.51,4806200.0,-0.90,-1.54,59.51,57.21,27966,0.63,26.46,3.94,435.55,445.40,8.91,64.19,52.52,0.99
603700,宁水集团,11.30,11.67,11.66,7274400.0,-0.37,-3.17,11.76,11.22,8371,3.64,29.76,4.63,22.60,22.60,1.38,12.84,10.50,1.74
603701,XD德宏股,25.18,25.99,26.20,6371600.0,-0.81,-3.12,26.20,24.66,16147,2.44,433.81,5.93,65.81,65.81,8.22,28.59,23.39,1.14
603703,盛洋科技,12.51,13.50,13.45,13348600.0,-0.99,-7.33,13.60,12.40,17168,3.22,-220.70,8.89,51.91,51.91,6.28,14.85,12.15,1.13
603706,东方环宇,22.28,22.48,22.44,1496900.0,-0.20,-0.89,22.63,21.96,3333,0.79,17.76,2.98,42.19,42.19,2.29,24.73,20.23,0.61
603707,健友股份,8.08,7.98,7.95,8946100.0,0.10,1.25,8.18,7.93,7211,0.55,22.28,3.13,130.54,130.54,1.88,8.78,7.18,1.04
603708,家家悦,9.88,9.59,9.55,8582500.0,0.29,3.02,10.10,9.53,8503,1.34,29.95,5.94,63.07,63.07,2.62,10.55,8.63,1.66
603709,中源家居,16.15,16.46,16.48,2204800.0,-0.31,-1.88,16.75,16.01,3610,1.76,-71.36,4.50,20.21,20.36,4.00,18.11,14.81,0.81
603711,香飘飘,14.61,14.56,14.55,5264900.0,0.05,0.34,14.85,14.04,7662,1.28,29.08,5.56,60.32,60.32,1.68,16.02,13.10,1.01
603712,七一二,14.70,15.41,15.30,14375800.0,-0.71,-4.61,15.41,14.62,21368,1.86,-22.55,5.13,113.48,113.48,2.97,16.95,13.87,1.05
603713,密尔克卫,55.42,56.03,55.92,6623200.0,-0.61,-1.09,57.81,54.80,37255,4.19,13.72,5.37,87.63,87.63,1.84,61.63,50.43,1.38
603716,塞力医疗,17.03,17.38,17.60,12030200.0,-0.35,-2.01,18.00,16.90,20941,5.33,-18.27,6.33,38.45,38.45,3.81,19.12,15.64,1.38
603717,天域生物,6.59,6.68,6.76,10600500.0,-0.09,-1.35,6.76,6.49,7010,3.65,-14.57,4.04,19.12,19.12,5.00,7.35,6.01,0.97
603718,*ST海利,3.56,3.41,3.58,23419900.0,0.15,4.40,3.58,3.53,8370,3.61,-7.34,1.47,23.10,23.21,2.62,3.58,3.24,1.61
603719,良品铺子,10.63,10.44,10.41,5594500.0,0.19,1.82,10.78,10.41,5943,1.40,-66.81,3.54,42.63,42.63,2.09,11.48,9.40,1.40
603721,*ST天择,24.95,25.25,25.14,1777000.0,-0.30,-1.19,25.56,24.52,4429,1.37,119.20,4.12,32.44,32.44,6.76,26.51,23.99,0.78
603722,阿科力,34.92,37.45,37.45,2306400.0,-2.53,-6.76,37.70,34.53,8173,2.41,-78.68,8.46,33.42,34.12,3.85,41.20,33.71,1.27
603725,天安新材,11.10,11.74,11.60,23330900.0,-0.64,-5.45,11.88,10.93,26533,8.14,29.23,8.09,31.82,33.84,3.93,12.91,10.57,0.77
603726,朗迪集团,27.20,28.48,28.56,7118100.0,-1.28,-4.49,28.91,26.99,19716,3.85,22.21,6.74,50.24,50.50,3.38,31.33,25.63,0.65
603727,博迈科,15.03,15.70,15.65,3780900.0,-0.67,-4.27,15.66,14.90,5729,1.34,-468.41,4.84,42.34,42.34,1.37,17.27,14.13,0.66
603728,鸣志电器,61.32,64.74,64.67,10964100.0,-3.42,-5.28,66.38,60.75,68824,2.62,379.09,8.70,256.86,256.86,8.64,71.21,58.27,0.79
603729,ST龙韵,13.06,13.37,13.32,2373900.0,-0.31,-2.32,13.54,13.00,3161,2.58,-11.71,4.04,12.04,12.04,4.63,14.04,12.70,1.30
603730,岱美股份,12.88,13.37,13.59,26454900.0,-0.49,-3.66,13.65,12.75,34501,1.23,43.43,6.73,276.74,276.74,5.56,14.71,12.03,0.59
603733,仙鹤股份,22.85,23.62,23.67,9340900.0,-0.77,-3.26,23.88,22.81,21638,1.32,15.74,4.53,161.71,161.71,1.85,25.98,21.26,1.02
603737,三棵树,36.29,36.00,36.14,4873300.0,0.29,0.81,37.55,35.97,17935,0.66,34.49,4.39,267.75,267.75,8.92,39.60,32.40,0.90
603738,泰晶科技,43.42,47.40,49.70,56652800.0,-3.98,-8.40,50.57,43.00,258696,14.68,251.66,15.97,167.55,167.55,9.21,52.14,42.66,1.25
603739,XD蔚蓝生,12.80,12.82,12.90,3683500.0,-0.02,-0.16,13.04,12.69,4738,1.46,41.47,2.73,32.39,32.39,1.83,14.10,11.54,0.81
603755,日辰股份,25.26,26.03,25.99,1808300.0,-0.77,-2.96,26.18,25.05,4626,1.83,29.39,4.34,24.91,24.91,3.28,28.63,23.43,1.13
603757,大元泵业,54.78,58.30,58.50,14709000.0,-3.52,-6.04,59.18,54.45,83161,7.88,87.37,8.11,102.19,102.19,4.82,64.13,52.47,1.07
603758,秦安股份,10.90,11.22,11.28,3444900.0,-0.32,-2.85,11.33,10.84,3791,0.79,34.15,4.37,47.83,47.83,1.84,12.34,10.10,0.64
603759,海天股份,8.04,8.07,8.10,3495700.0,-0.03,-0.37,8.23,8.02,2844,0.76,28.39,2.60,37.13,37.13,1.27,8.88,7.26,0.91
603766,隆鑫通用,13.05,13.38,13.49,12178800.0,-0.33,-2.47,13.49,12.99,16083,0.59,16.62,3.74,267.99,267.99,3.11,14.72,12.04,0.61
603767,中马传动,17.92,19.18,19.09,15082700.0,-1.26,-6.57,19.10,17.81,27755,4.89,-957.09,6.73,55.31,55.31,4.05,21.10,17.26,0.54
603768,常青股份,11.68,10.94,10.86,13671600.0,0.74,6.76,12.02,10.59,15421,5.75,-13.60,13.07,27.79,27.79,1.27,12.03,9.85,3.36
603773,沃格光电,104.08,109.99,112.00,43096300.0,-5.91,-5.37,114.90,98.99,458880,19.18,-126.16,14.46,233.82,233.91,22.15,120.99,98.99,1.48
603776,永安行,19.25,20.37,20.41,3738700.0,-1.12,-5.50,20.58,19.15,7344,1.33,-25.98,7.02,54.05,54.05,1.58,22.41,18.33,0.94
603777,来伊份,18.00,18.52,18.55,10537300.0,-0.52,-2.81,18.86,17.74,19312,3.15,-32.11,6.05,60.20,60.20,3.86,20.37,16.67,0.79
603778,国晟科技,16.72,17.10,17.43,52737300.0,-0.38,-2.22,17.65,16.61,90875,8.20,-19.50,6.08,107.49,110.36,39.09,18.81,15.39,0.89
603779,威龙股份,9.81,10.90,11.00,58994200.0,-1.09,-10.00,11.00,9.81,60453,17.76,-41.09,10.92,32.58,32.58,6.65,11.99,9.81,0.73
603786,科博达,48.57,51.12,51.15,5139800.0,-2.55,-4.99,51.46,48.22,25358,1.27,24.96,6.34,196.15,196.15,3.40,56.23,46.01,0.76
603787,新日股份,10.28,10.42,10.47,4037200.0,-0.14,-1.34,10.52,10.21,4169,1.75,51.60,2.98,23.66,23.66,1.53,11.46,9.38,1.00
603788,宁波高发,15.65,16.24,16.21,4097600.0,-0.59,-3.63,16.30,15.59,6489,1.84,16.10,4.37,34.91,34.91,1.61,17.86,14.62,1.08
603789,ST星农,5.57,5.61,5.60,3500100.0,-0.04,-0.71,5.77,5.56,1987,1.35,-14.58,3.74,14.48,14.77,14.12,5.89,5.33,0.94
603790,雅运股份,26.20,28.01,28.10,4766800.0,-1.81,-6.46,28.12,25.92,12723,2.49,61.83,7.85,50.14,50.14,3.84,30.81,25.21,0.70
603797,联泰环保,4.35,4.38,4.37,5188200.0,-0.03,-0.68,4.45,4.30,2274,0.90,20.39,3.42,25.08,25.08,0.75,4.82,3.94,0.82
603798,康普顿,15.57,15.75,15.78,6309100.0,-0.18,-1.14,16.38,15.37,9953,2.46,92.45,6.41,39.93,39.93,3.22,17.33,14.18,1.17
603799,华友钴业,54.80,55.90,56.60,50731700.0,-1.10,-1.97,56.70,54.80,282671,2.69,14.13,3.40,1034.41,1039.41,2.10,61.49,50.31,0.87
603800,洪田股份,61.76,61.18,62.58,13498300.0,0.58,0.95,66.51,59.00,85250,6.49,540.82,12.28,128.46,128.46,16.24,67.30,55.06,1.22
603801,志邦家居,7.45,7.51,7.56,2885300.0,-0.06,-0.80,7.68,7.41,2171,0.66,47.38,3.60,32.36,32.36,1.03,8.26,6.76,1.37
603803,瑞斯康达,13.50,14.05,14.24,25024600.0,-0.55,-3.91,14.41,13.35,34660,5.89,-311.63,7.54,57.36,57.36,3.73,15.46,12.65,0.97
603806,福斯特,17.90,18.60,18.60,58249000.0,-0.70,-3.76,18.90,17.39,104541,2.23,68.64,8.12,466.97,466.97,2.96,20.46,16.74,0.75
603808,歌力思,9.07,9.06,9.03,3518600.0,0.01,0.11,9.20,9.01,3195,0.97,20.00,2.10,32.99,32.99,1.28,9.97,8.15,0.73
603809,豪能股份,10.34,10.55,10.60,11704000.0,-0.21,-1.99,10.64,10.28,12144,1.27,34.39,3.41,95.16,95.16,2.52,11.61,9.50,0.78
603810,丰山集团,13.45,13.72,13.72,2024300.0,-0.27,-1.97,13.83,13.28,2740,1.22,61.74,4.01,22.24,22.24,1.44,15.09,12.35,0.77
603811,诚意药业,11.29,11.27,11.13,9416500.0,0.02,0.18,11.46,11.13,10631,2.88,19.09,2.93,36.95,36.95,2.55,12.40,10.14,1.73
603813,*ST原尚,35.52,37.02,36.87,458400.0,-1.50,-4.05,37.86,35.20,1652,0.44,-49.22,7.19,37.30,37.30,7.52,38.87,35.17,0.89
603815,交建股份,7.13,6.88,6.95,28633100.0,0.25,3.63,7.24,6.80,20282,4.63,-5.81,6.40,44.13,44.13,2.80,7.57,6.19,1.81
603816,顾家家居,29.08,28.30,28.35,6378600.0,0.78,2.76,29.67,28.21,18635,0.79,13.52,5.16,236.18,238.88,2.16,31.13,25.47,0.94
603817,海峡环保,6.23,6.31,6.29,7745400.0,-0.08,-1.27,6.37,6.21,4872,1.36,15.16,2.54,35.52,35.52,1.09,6.94,5.68,0.93
603818,曲美家居,3.15,3.21,3.22,20414900.0,-0.06,-1.87,3.27,3.11,6529,2.97,-15.10,4.98,21.63,21.63,1.05,3.53,2.89,1.22
603819,神力股份,12.56,13.32,13.35,7257200.0,-0.76,-5.71,13.53,12.49,9315,3.33,104.58,7.81,27.35,27.35,3.37,14.65,11.99,0.90
603822,ST嘉澳,75.43,74.60,74.32,1026500.0,0.83,1.11,76.35,73.76,7728,1.34,170.42,3.47,57.95,57.95,17.40,78.33,70.87,0.91
603823,百合花,25.52,28.10,27.82,26566700.0,-2.58,-9.18,28.20,25.29,70266,6.38,64.76,10.36,106.26,106.26,4.24,30.91,25.29,1.47
603825,ST华扬,8.16,8.18,8.21,2503100.0,-0.02,-0.24,8.40,8.11,2067,0.99,-3.33,3.55,20.67,20.67,66.37,8.59,7.77,1.34
603826,坤彩科技,32.07,32.51,32.48,6915800.0,-0.44,-1.35,33.10,31.66,22217,1.06,-504.92,4.43,210.12,210.12,11.23,35.76,29.26,0.66
603828,*ST利达,5.95,6.15,6.10,5879400.0,-0.20,-3.25,6.33,5.91,3553,0.99,-14.54,6.83,35.46,35.46,6.92,6.46,5.84,0.99
603829,洛凯股份,23.75,23.82,23.82,4464800.0,-0.07,-0.29,24.76,23.45,10779,2.40,80.42,5.50,44.24,44.24,2.96,26.20,21.44,0.95
603833,欧派家居,39.18,37.77,37.83,4545200.0,1.41,3.73,39.38,37.83,17669,0.75,12.95,4.10,238.67,238.67,1.29,41.55,33.99,1.45
603836,海程邦达,12.72,12.86,12.98,1867200.0,-0.14,-1.09,12.98,12.61,2383,0.93,54.71,2.88,25.44,26.11,1.50,14.15,11.57,0.89
603838,*ST四通,9.08,9.36,9.55,1854500.0,-0.28,-2.99,9.55,9.00,1699,0.58,-34.41,5.88,29.06,29.06,3.31,9.83,8.89,1.17
603839,安正时尚,6.82,6.98,7.08,6950600.0,-0.16,-2.29,7.68,6.80,4846,1.80,-14.56,12.61,26.39,26.39,1.57,7.68,6.28,1.42
603843,*ST正平,8.11,8.17,8.18,10924200.0,-0.06,-0.73,8.24,8.01,8899,1.56,-31.12,2.82,56.74,56.74,220.26,8.58,7.76,0.64
603848,好太太,14.47,14.53,14.43,1642200.0,-0.06,-0.41,14.66,14.40,2388,0.41,27.68,1.79,58.23,58.23,2.24,15.98,13.08,0.94
603855,华荣股份,17.50,18.05,18.06,3889600.0,-0.55,-3.05,18.24,17.37,6889,1.16,16.96,4.82,58.72,59.06,2.63,19.86,16.25,1.13
603856,东宏股份,12.00,11.68,11.84,8371500.0,0.32,2.74,12.67,11.84,10247,2.97,13.48,7.11,33.85,33.85,1.21,12.85,10.51,1.63
603858,步长制药,14.93,14.77,14.77,5137500.0,0.16,1.08,15.10,14.75,7669,0.49,42.11,2.37,157.45,157.45,1.54,16.25,13.29,1.11
603859,能科科技,41.59,45.54,45.55,13539700.0,-3.95,-8.67,45.58,41.22,58391,5.53,45.09,9.57,101.77,101.77,3.22,50.09,40.99,0.91
603860,XD中公高,28.34,28.77,28.89,1218700.0,-0.43,-1.49,29.08,28.14,3490,1.83,40.50,3.27,18.90,18.90,2.28,31.65,25.89,0.91
603861,白云电器,17.05,16.72,16.98,56180400.0,0.33,1.97,18.00,16.71,98066,10.63,45.72,7.72,90.12,92.16,2.30,18.39,15.05,3.44
603863,松炀资源,15.82,16.50,16.45,6708300.0,-0.68,-4.12,16.45,15.66,10708,3.28,-16.97,4.79,32.38,32.38,13.37,18.15,14.85,0.96
603866,桃李面包,4.76,4.66,4.64,12667100.0,0.10,2.15,4.78,4.64,5980,0.79,30.26,3.00,76.15,76.15,1.45,5.13,4.19,1.55
603867,新化股份,37.96,40.23,40.09,10456900.0,-2.27,-5.64,40.10,37.39,40177,4.85,30.56,6.74,81.87,82.56,2.63,44.25,36.21,0.85
603868,飞科电器,37.28,37.55,37.90,1600800.0,-0.27,-0.72,37.90,37.00,5971,0.37,31.25,2.40,162.39,162.39,4.62,41.31,33.80,0.74
603869,ST智知,10.32,10.65,10.55,1088200.0,-0.33,-3.10,10.71,10.30,1131,0.22,146.76,3.85,50.99,50.99,1.36,11.18,10.12,0.84
603871,嘉友国际,11.66,11.52,11.53,25513100.0,0.14,1.22,11.93,11.34,29780,1.86,13.22,5.12,159.51,159.51,2.54,12.67,10.37,1.00
603876,鼎胜新材,26.45,26.56,26.83,21585400.0,-0.11,-0.41,27.26,26.02,57775,2.32,39.55,4.67,245.79,245.79,3.22,29.22,23.90,0.76
603877,太平鸟,12.60,12.42,12.44,1813000.0,0.18,1.45,12.77,12.37,2286,0.39,31.74,3.22,59.13,59.36,1.30,13.66,11.18,1.06
603878,武进不锈,6.54,6.89,6.87,15746600.0,-0.35,-5.08,6.95,6.51,10557,2.81,115.62,6.39,36.70,36.70,1.42,7.58,6.20,1.12
603879,永悦科技,4.95,5.24,5.18,11138700.0,-0.29,-5.53,5.29,4.92,5646,3.10,-33.19,7.06,17.79,17.79,7.68,5.76,4.72,1.16
603880,南卫股份,8.23,8.33,8.53,9407600.0,-0.10,-1.20,8.80,8.03,7888,3.25,-24.06,9.24,23.79,23.79,13.82,9.16,7.50,0.78
603881,数据港,35.40,37.13,37.14,35330800.0,-1.73,-4.66,37.28,35.29,127605,4.92,182.35,5.36,254.31,254.31,7.56,40.84,33.42,0.95
603882,金域医学,25.60,26.18,26.27,6458900.0,-0.58,-2.22,26.64,25.58,16788,1.40,-115.51,4.05,117.79,118.59,1.87,28.80,23.56,1.04
603883,老百姓,12.26,12.08,12.08,9001200.0,0.18,1.49,12.33,12.03,11006,1.19,23.55,2.48,93.04,93.04,1.37,13.29,10.87,1.05
603885,吉祥航空,11.90,11.52,11.62,38835700.0,0.38,3.30,12.19,11.61,46312,1.78,22.90,5.03,259.90,259.90,2.51,12.67,10.37,1.61
603886,元祖股份,10.50,10.46,10.46,2811800.0,0.04,0.38,10.67,10.43,2974,1.17,26.70,2.29,25.20,25.20,1.88,11.51,9.41,0.89
603887,城地香江,12.26,12.78,12.90,14154800.0,-0.52,-4.07,13.05,12.22,17677,2.35,-74.78,6.49,73.81,73.81,2.12,14.06,11.50,1.02
603888,新华网,18.26,18.42,18.50,8078300.0,-0.16,-0.87,18.69,18.23,14916,1.20,37.34,2.50,123.21,123.21,3.24,20.26,16.58,0.95
603889,新澳股份,5.77,5.86,5.88,12740000.0,-0.09,-1.54,5.88,5.72,7387,1.35,10.98,2.73,54.36,54.77,1.54,6.45,5.27,0.82
603890,春秋电子,24.81,22.55,23.39,41629300.0,2.26,10.02,24.81,23.18,102130,9.32,36.31,7.23,110.85,110.85,3.36,24.81,20.30,0.67
603893,瑞芯微,175.67,193.15,193.00,21090300.0,-17.48,-9.05,195.50,174.15,383536,5.01,63.77,11.05,739.42,739.56,15.67,212.47,173.84,1.13
603895,天永智能,38.80,39.07,39.00,4243500.0,-0.27,-0.69,39.40,37.50,16306,3.93,246.65,4.86,41.94,41.94,20.43,42.98,35.16,1.04
603896,寿仙谷,15.44,15.29,15.25,1972700.0,0.15,0.98,15.52,15.15,3032,1.00,-264.85,2.42,30.61,30.61,1.38,16.82,13.76,1.14
603897,长城科技,48.68,50.10,50.30,6027300.0,-1.42,-2.83,51.59,48.08,30070,2.92,32.93,7.01,100.49,100.49,3.96,55.11,45.09,0.61
603898,好莱客,12.52,12.51,12.52,2726600.0,0.01,0.08,12.76,12.32,3422,0.88,-404.43,3.52,38.98,38.98,1.27,13.76,11.26,1.12
603899,晨光股份,23.05,22.32,22.55,8458700.0,0.73,3.27,23.36,22.39,19494,0.92,15.97,4.35,212.28,212.28,2.44,24.55,20.09,1.10
603900,莱绅通灵,6.71,6.74,6.74,5711100.0,-0.03,-0.45,6.84,6.66,3862,1.67,27.10,2.67,23.00,23.01,1.15,7.41,6.07,0.90
603901,永创智能,11.28,11.63,11.66,8911400.0,-0.35,-3.01,11.70,11.25,10188,1.65,38.76,3.87,60.95,65.06,2.21,12.79,10.47,0.79
603903,中持股份,10.97,11.59,11.72,10264100.0,-0.62,-5.35,11.73,10.89,11492,4.02,-30.56,7.25,28.01,28.01,1.96,12.75,10.43,0.89
603906,龙蟠科技,25.24,25.83,25.91,25083600.0,-0.59,-2.28,26.19,25.08,64142,4.46,289.43,4.30,142.10,195.89,4.04,28.41,23.25,0.57
603908,牧高笛,20.49,21.04,21.04,1520500.0,-0.55,-2.61,21.21,20.29,3144,1.63,-42.97,4.37,19.08,19.08,3.93,23.14,18.94,0.90
603909,建发合诚,10.34,10.62,10.74,3398400.0,-0.28,-2.64,10.86,10.18,3585,1.30,23.59,6.40,26.95,26.95,2.35,11.68,9.56,1.11
603912,佳力图,9.15,9.76,9.78,20830700.0,-0.61,-6.25,9.82,9.03,19449,3.84,-80.09,8.09,49.58,49.58,2.88,10.74,8.78,0.93
603915,国茂股份,16.36,17.04,17.01,10675900.0,-0.68,-3.99,17.41,16.22,17755,1.63,44.23,6.98,107.43,109.27,2.81,18.74,15.34,0.84
603916,苏博特,13.91,14.73,14.72,13781600.0,-0.82,-5.57,14.79,13.70,19405,3.28,46.75,7.40,58.47,59.30,1.39,16.20,13.26,0.79
603917,合力科技,12.29,12.30,12.30,11589700.0,-0.01,-0.08,13.20,12.21,14778,5.69,121.75,8.05,25.05,25.05,1.49,13.53,11.07,1.37
603918,金桥信息,11.25,11.63,11.60,8728300.0,-0.38,-3.27,11.80,11.20,9964,2.39,-63.72,5.16,41.07,41.07,4.20,12.79,10.47,0.99
603919,金徽酒,21.46,20.39,20.09,26129200.0,1.07,5.25,21.59,19.92,54466,5.15,33.48,8.19,108.86,108.86,3.08,22.43,18.35,1.21
603920,世运电路,61.22,66.06,66.09,50792300.0,-4.84,-7.33,67.30,60.34,320860,7.05,81.58,10.54,441.15,441.15,6.78,72.67,59.45,0.95
603922,ST金鸿顺,15.83,16.66,16.67,3002800.0,-0.83,-4.98,16.77,15.83,4828,1.68,-29.35,5.64,28.37,28.37,3.05,17.49,15.83,0.98
603926,铁流股份,20.60,21.35,21.60,6521200.0,-0.75,-3.51,21.60,20.27,13577,2.83,60.03,6.23,47.55,48.35,2.76,23.49,19.22,0.76
603927,中科软,14.81,15.18,15.20,8310300.0,-0.37,-2.44,15.32,14.77,12446,1.00,54.86,3.62,123.08,123.08,3.88,16.70,13.66,0.84
603928,兴业股份,15.32,16.24,16.21,5301200.0,-0.92,-5.67,16.25,15.26,8268,2.02,33.37,6.10,40.15,40.15,2.49,17.86,14.62,1.07
603929,亚翔集成,151.20,160.11,160.00,6585500.0,-8.91,-5.56,161.89,149.90,101269,3.09,30.49,7.49,322.60,322.60,14.84,176.12,144.10,1.21
603931,格林达,64.00,63.74,62.50,13196600.0,0.26,0.41,66.30,62.50,84495,6.61,106.42,5.96,127.72,127.72,6.40,70.11,57.37,1.17
603933,睿能科技,24.05,25.25,25.05,7639900.0,-1.20,-4.75,25.48,23.85,18789,3.68,88.59,6.46,49.91,49.91,3.73,27.78,22.73,0.81
603936,博敏电子,23.98,25.42,25.53,63473100.0,-1.44,-5.66,25.94,23.79,156916,10.07,-490.20,8.46,151.17,154.75,3.52,27.96,22.88,0.70
603937,丽岛新材,14.43,14.86,14.82,8127900.0,-0.43,-2.89,15.30,14.40,12006,3.89,1294.07,6.06,30.14,30.14,1.95,16.35,13.37,1.00
603938,三孚股份,45.31,42.96,42.62,44699600.0,2.35,5.47,46.77,42.51,199586,11.68,188.14,9.92,173.37,173.37,6.82,47.26,38.66,1.59
603939,益丰药房,21.14,21.08,20.98,10262300.0,0.06,0.28,21.49,20.74,21724,0.85,14.83,3.56,256.30,256.30,2.15,23.19,18.97,0.86
603948,建业股份,25.41,26.37,26.29,1543100.0,-0.96,-3.64,26.38,25.35,3970,0.95,17.70,3.91,41.29,41.29,1.87,29.01,23.73,0.76
603949,雪龙集团,15.78,16.36,16.45,3955500.0,-0.58,-3.55,16.52,15.70,6337,1.88,34.76,5.01,33.17,33.25,3.14,18.00,14.72,0.80
603950,长源东谷,72.99,75.62,75.16,8912100.0,-2.63,-3.48,77.50,72.11,66817,2.75,60.02,7.13,236.20,236.58,7.64,83.18,68.06,1.23
603955,大千生态,23.69,24.94,25.23,5446600.0,-1.25,-5.01,25.45,23.55,13327,4.01,-23.35,7.62,32.15,32.15,2.25,27.43,22.45,1.60
603956,威派格,5.69,5.59,5.53,35763600.0,0.10,1.79,6.13,5.53,20777,6.28,-22.38,10.73,32.43,32.43,1.76,6.15,5.03,1.03
603958,哈森股份,20.71,21.80,21.66,6555400.0,-1.09,-5.00,21.99,20.46,13760,2.99,-117.28,7.02,45.43,45.43,6.98,23.98,19.62,0.68
603959,ST百利,4.34,4.26,4.18,11475700.0,0.08,1.88,4.44,4.18,4977,2.34,-12.43,6.10,21.28,21.28,5442.48,4.47,4.05,1.01
603960,克来机电,20.64,22.01,21.92,13044600.0,-1.37,-6.22,22.29,20.51,27508,4.98,255.36,8.09,54.12,54.12,4.81,24.21,19.81,0.76
603963,*ST大药,1.18,1.18,0.00,0.0,0.00,0.00,0.00,0.00,0,0.00,-7.71,0.00,2.59,2.59,0.72,-1,-1,0.00
603966,法兰泰克,9.03,9.27,9.28,9457400.0,-0.24,-2.59,9.33,9.00,8622,1.82,18.47,3.56,46.88,46.99,2.33,10.20,8.34,1.03
603967,中创物流,11.95,11.98,12.01,3530300.0,-0.03,-0.25,12.09,11.91,4239,1.02,14.26,1.50,41.43,41.43,1.84,13.18,10.78,1.06
603968,醋化股份,12.40,12.61,12.58,14684200.0,-0.21,-1.67,13.10,12.36,18569,7.18,-36.19,5.87,25.36,25.36,1.45,13.87,11.35,1.07
603969,银龙股份,7.69,8.09,8.12,16851700.0,-0.40,-4.94,8.15,7.63,13165,1.98,18.53,6.43,65.33,67.02,2.37,8.90,7.28,1.07
603970,中农立华,11.50,11.54,11.51,1878200.0,-0.04,-0.35,11.57,11.45,2161,0.70,17.81,1.04,30.91,30.91,1.90,12.69,10.39,1.01
603976,正川股份,21.66,21.62,21.42,4949500.0,0.04,0.19,21.82,20.56,10478,3.27,221.03,5.83,32.75,32.75,2.86,23.78,19.46,0.58
603977,国泰集团,15.09,15.21,15.50,49458900.0,-0.12,-0.79,15.94,14.95,75914,7.96,37.64,6.51,93.75,93.75,2.71,16.73,13.69,1.58
603978,深圳新星,28.66,30.04,30.02,13039300.0,-1.38,-4.59,30.50,28.49,38011,6.18,-94.96,6.69,60.50,60.50,3.65,33.04,27.04,0.94
603979,金诚信,74.18,72.00,73.33,9474100.0,2.18,3.03,74.86,72.24,69785,1.52,18.37,3.64,462.73,462.73,4.04,79.20,64.80,0.83
603980,吉华集团,5.61,5.83,5.83,14874200.0,-0.22,-3.77,5.83,5.58,8463,2.20,40.69,4.29,37.97,37.97,0.96,6.41,5.25,0.85
603982,泉峰汽车,6.75,6.93,6.90,7779000.0,-0.18,-2.60,6.98,6.71,5284,2.29,-7.20,3.90,22.92,24.65,1.16,7.62,6.24,1.01
603983,丸美生物,23.68,22.68,22.70,3791200.0,1.00,4.41,24.15,22.48,8905,0.95,44.54,7.36,94.96,94.96,2.77,24.95,20.41,2.10
603985,恒润股份,23.60,24.25,24.20,15259300.0,-0.65,-2.68,24.95,23.50,36463,3.46,87.63,5.98,104.04,104.04,3.14,26.68,21.83,0.65
603986,兆易创新,467.01,483.00,492.66,55812500.0,-15.99,-3.31,496.00,464.91,2671507,8.36,113.90,6.44,3118.90,3274.22,13.23,531.30,434.70,0.88
603987,康德莱,7.49,7.52,7.50,3302200.0,-0.03,-0.40,7.63,7.47,2487,0.76,14.00,2.13,32.72,32.72,1.15,8.27,6.77,0.97
603988,XD中电电,21.42,23.28,23.63,10418700.0,-1.86,-7.99,23.82,21.42,23550,4.43,162.79,10.31,50.38,50.38,7.68,25.61,20.95,1.60
603989,艾华集团,35.81,38.42,37.10,41430100.0,-2.61,-6.79,38.29,35.01,150343,10.39,54.01,8.54,142.80,142.80,3.61,42.26,34.58,1.07
603990,麦迪科技,19.63,20.06,20.08,28248600.0,-0.43,-2.14,20.38,19.51,56090,9.22,309.77,4.34,60.12,60.12,7.17,22.07,18.05,0.84
603991,领先股份,103.35,108.50,108.86,2728900.0,-5.15,-4.75,110.40,102.66,28833,3.66,848.74,7.13,77.03,157.83,4.49,119.35,97.65,0.84
603992,XD松霖科,28.06,28.62,28.73,3453100.0,-0.56,-1.96,28.91,27.76,9762,0.78,48.68,4.02,124.32,124.32,3.50,31.48,25.76,0.67
603993,洛阳钼业,18.51,18.80,19.27,225655300.0,-0.29,-1.54,19.32,18.50,425050,1.29,16.40,4.36,3232.00,3960.09,4.79,20.68,16.92,0.84
603995,甬金股份,20.18,20.86,20.86,14061700.0,-0.68,-3.26,21.20,20.12,28895,3.85,12.94,5.18,73.78,73.78,1.25,22.95,18.77,1.10
603996,退市中新,0.39,0.39,0.00,0.0,0.00,0.00,0.00,0.00,0,0.00,-0.28,0.00,1.17,1.17,-0.05,-1,-1,0.00
603997,继峰股份,13.91,14.02,14.03,17690600.0,-0.11,-0.78,14.16,13.76,24618,1.39,36.81,2.85,176.97,176.97,3.36,15.42,12.62,0.88
603998,XD方盛制,9.90,9.77,9.85,4903000.0,0.13,1.33,10.00,9.80,4861,1.12,14.18,2.05,43.47,43.47,2.61,10.75,8.79,1.05
603999,读者传媒,5.95,6.00,6.00,10449500.0,-0.05,-0.83,6.08,5.92,6274,1.81,40.02,2.67,34.27,34.27,1.65,6.60,5.40,0.49
605001,威奥股份,6.39,6.54,6.52,6211900.0,-0.15,-2.29,6.61,6.35,4020,1.58,30.75,3.98,25.11,25.11,0.92,7.19,5.89,1.25
605003,众望布艺,23.98,24.83,24.86,930900.0,-0.85,-3.42,24.95,23.83,2262,0.85,41.73,4.51,26.38,26.38,1.79,27.31,22.35,0.67
605005,合兴股份,16.86,16.67,16.73,3164700.0,0.19,1.14,17.13,16.59,5326,0.79,33.90,3.24,67.61,67.61,3.18,18.34,15.00,0.92
605006,山东玻纤,18.32,20.20,20.00,71659500.0,-1.88,-9.31,20.00,18.30,136210,11.40,-952.61,8.42,115.12,115.12,4.59,22.22,18.18,0.84
605007,五洲特纸,14.16,14.80,15.17,9957900.0,-0.64,-4.32,15.17,14.02,14333,2.48,24.10,7.77,56.86,67.36,1.87,16.28,13.32,1.76
605008,长鸿高科,11.00,11.32,11.33,2583200.0,-0.32,-2.83,11.42,10.97,2872,0.40,-348.08,3.98,71.06,71.06,3.64,12.45,10.19,1.09
605009,豪悦护理,25.25,25.01,24.99,2066300.0,0.24,0.96,25.26,24.61,5151,0.96,24.15,2.60,54.30,54.30,1.56,27.51,22.51,1.87
605011,XD杭州热,22.38,22.29,22.49,9994400.0,0.09,0.40,22.80,22.16,22537,2.50,47.09,2.87,89.54,89.54,3.68,24.52,20.06,1.32
605016,百龙创园,24.70,25.24,24.93,4711200.0,-0.54,-2.14,25.18,24.62,11721,1.12,25.44,2.22,103.74,103.74,4.98,27.76,22.72,0.60
605018,长华集团,13.57,13.70,13.60,8855300.0,-0.13,-0.95,13.88,13.42,12051,1.88,61.41,3.36,63.79,63.79,2.25,15.07,12.33,0.69
605020,XD永和股,33.16,33.97,34.01,22056000.0,-0.81,-2.38,34.50,32.90,73997,4.39,26.28,4.71,166.77,169.39,2.97,37.37,30.57,0.75
605028,世茂能源,23.10,23.30,23.30,1233600.0,-0.20,-0.86,23.59,22.96,2872,0.77,26.04,2.70,36.96,36.96,2.89,25.63,20.97,0.85
605033,美邦股份,19.80,20.55,20.55,1943700.0,-0.75,-3.65,20.60,19.71,3894,1.44,49.27,4.33,26.77,26.77,2.25,22.61,18.50,0.95
605050,福然德,10.82,10.96,11.08,2380300.0,-0.14,-1.28,11.08,10.78,2591,0.48,14.37,2.74,53.32,53.32,1.19,12.06,9.86,0.53
605055,迎丰股份,14.40,14.87,14.86,16935700.0,-0.47,-3.16,15.10,14.31,24911,3.85,-99.93,5.31,63.36,63.36,6.45,16.36,13.38,1.04
605056,咸亨国际,21.79,22.90,23.10,7164900.0,-1.11,-4.85,23.10,21.51,15754,1.78,33.79,6.94,87.90,89.21,4.86,25.19,20.61,0.55
605058,澳弘电子,39.93,41.11,41.11,8707200.0,-1.18,-2.87,41.97,39.10,35295,6.09,38.32,6.98,57.07,57.07,3.14,45.22,37.00,1.35
605060,联德股份,49.87,53.36,53.53,6274300.0,-3.49,-6.54,53.88,49.40,31972,2.63,49.20,8.40,119.16,119.98,4.75,58.70,48.02,1.32
605066,天正电气,7.65,7.89,7.76,51243600.0,-0.24,-3.04,7.99,7.64,40130,10.20,49.85,4.44,38.44,38.61,2.22,8.68,7.10,1.77
605068,明新旭腾,23.65,25.44,25.44,3530900.0,-1.79,-7.04,25.54,23.50,8600,2.18,-345.57,8.02,38.36,38.36,2.48,27.98,22.90,1.06
605069,正和生态,11.86,13.18,13.13,9180000.0,-1.32,-10.02,13.46,11.86,11394,4.34,-11.83,12.14,25.11,25.11,3.65,14.50,11.86,0.92
605077,华康股份,17.59,17.17,17.06,24156700.0,0.42,2.45,18.56,16.95,43557,8.07,37.69,9.38,52.67,53.31,1.74,18.89,15.45,1.25
605080,浙江自然,24.72,24.99,24.78,1992800.0,-0.27,-1.08,25.50,24.49,4939,1.42,20.94,4.04,34.69,34.99,1.54,27.49,22.49,0.60
605081,*ST太和,5.03,5.03,0.00,0.0,0.00,0.00,0.00,0.00,0,0.00,-1.84,0.00,5.70,5.70,0.86,5.28,4.78,0.00
605086,龙高股份,31.10,32.96,32.79,3067700.0,-1.86,-5.64,32.93,30.89,9717,1.71,48.61,6.19,55.73,55.73,3.42,36.26,29.66,0.76
605088,冠盛股份,34.50,33.25,33.51,5866800.0,1.25,3.76,34.96,32.73,19935,2.94,24.20,6.71,68.90,69.94,2.37,36.58,29.93,1.48
605089,味知香,22.49,22.15,22.10,1484200.0,0.34,1.53,22.65,21.86,3323,1.08,43.12,3.57,31.04,31.04,2.45,24.37,19.94,1.33
605090,九丰能源,36.33,37.66,37.50,12560000.0,-1.33,-3.53,37.58,36.06,45965,1.78,18.21,4.04,255.95,256.46,2.23,41.43,33.89,0.77
605098,行动教育,57.67,56.30,56.14,1268300.0,1.37,2.43,57.74,55.83,7237,1.06,20.79,3.39,68.77,68.77,6.71,61.93,50.67,0.83
605099,共创草坪,42.40,42.12,41.80,4763400.0,0.28,0.66,42.62,41.60,20048,1.19,23.96,2.42,170.22,170.68,5.12,46.33,37.91,0.81
605100,华丰股份,35.45,36.16,36.17,4821800.0,-0.71,-1.96,36.90,35.08,17254,2.03,352.53,5.03,84.34,84.73,4.70,39.78,32.54,0.85
605108,同庆楼,13.53,13.30,13.28,3163400.0,0.23,1.73,13.73,13.20,4283,1.22,52.45,3.98,35.18,35.18,1.51,14.63,11.97,1.23
605111,新洁能,66.61,69.50,69.00,41566700.0,-2.89,-4.16,69.32,64.80,278470,10.01,72.82,6.50,276.65,276.65,6.37,76.45,62.55,0.94
605116,奥锐特,19.83,19.64,19.56,2602500.0,0.19,0.97,20.04,19.51,5140,0.64,20.46,2.70,80.55,80.55,2.98,21.60,17.68,0.71
605117,德业股份,115.64,121.81,121.81,18714300.0,-6.17,-5.07,122.60,115.00,218449,1.47,40.30,6.24,1472.22,1472.22,14.83,133.99,109.63,0.95
605118,力鼎光电,36.00,36.77,36.51,3261800.0,-0.77,-2.09,37.00,35.82,11827,0.80,54.11,3.21,147.19,148.06,9.16,40.45,33.09,1.16
605122,四方新材,12.93,13.19,13.19,3736500.0,-0.26,-1.97,13.44,12.58,4877,2.17,-7.34,6.52,22.29,22.29,1.28,14.51,11.87,1.14
605123,派克新材,99.99,109.44,108.50,5745300.0,-9.45,-8.63,108.82,99.60,59279,4.74,46.34,8.42,121.16,121.16,2.62,120.38,98.50,0.97
605128,上海沿浦,33.33,33.22,34.02,3845100.0,0.11,0.33,34.28,32.74,12819,1.82,34.99,4.64,70.37,70.37,3.21,36.54,29.90,0.91
605133,嵘泰股份,36.10,38.39,38.58,11561100.0,-2.29,-5.97,38.81,35.76,42586,4.10,54.51,7.94,101.84,102.08,2.67,42.23,34.55,1.09
605136,丽人丽妆,9.39,9.37,9.45,8898500.0,0.02,0.21,9.65,9.33,8442,2.22,-73.26,3.42,37.60,37.60,1.56,10.31,8.43,1.00
605138,盛泰集团,6.87,7.00,6.96,5627000.0,-0.13,-1.86,7.09,6.85,3913,1.01,21.76,3.43,38.17,38.17,1.52,7.70,6.30,0.88
605151,西上海,21.66,22.28,22.01,3211500.0,-0.62,-2.78,22.27,21.27,6976,2.39,144.06,4.49,29.14,29.14,2.12,24.51,20.05,1.20
605155,西大门,15.13,15.93,15.93,2637100.0,-0.80,-5.02,16.04,15.03,4054,1.41,26.63,6.34,28.27,28.94,2.17,17.52,14.34,0.91
605158,华达新材,6.95,7.16,7.22,6264600.0,-0.21,-2.93,7.22,6.84,4384,1.22,-1384.76,5.31,35.54,35.54,1.47,7.88,6.44,1.00
605162,新中港,9.80,9.90,9.98,30755300.0,-0.10,-1.01,10.33,9.80,31002,6.97,36.11,5.35,43.27,43.27,3.35,10.89,8.91,1.34
605166,聚合顺,10.05,10.50,10.52,5891900.0,-0.45,-4.29,10.55,10.03,6015,1.87,32.24,4.95,31.63,31.63,1.59,11.55,9.45,0.72
605167,利柏特,15.01,16.52,16.61,15335700.0,-1.51,-9.14,16.62,14.92,23808,3.41,31.18,10.29,67.41,67.41,3.27,18.17,14.87,1.30
605168,三人行,49.18,51.90,52.93,12137600.0,-2.72,-5.24,53.20,48.62,60964,5.76,81.33,8.82,103.68,103.68,4.01,57.09,46.71,0.94
605169,洪通燃气,11.39,11.68,11.70,2486100.0,-0.29,-2.48,11.70,11.33,2848,0.88,31.15,3.17,32.22,32.22,1.60,12.85,10.51,0.68
605177,东亚药业,23.77,21.61,22.24,11283900.0,2.16,10.00,23.77,21.03,25091,9.93,-24.64,12.68,27.02,27.27,1.64,23.77,19.45,2.25
605178,时空科技,67.21,67.60,67.30,4353500.0,-0.39,-0.58,71.35,66.50,29989,4.39,-30.89,7.17,66.59,66.59,6.03,74.36,60.84,1.50
605179,一鸣食品,15.41,15.05,14.96,6325000.0,0.36,2.39,15.94,14.96,9778,1.58,115.07,6.51,61.79,61.79,5.37,16.56,13.55,2.16
605180,华生科技,13.46,14.39,14.65,6687100.0,-0.93,-6.46,14.68,13.44,9291,3.96,105.34,8.62,22.75,22.75,1.98,15.83,12.95,0.76
605183,确成股份,16.16,15.71,15.65,4504400.0,0.45,2.86,16.85,15.60,7344,1.09,15.33,7.96,66.65,67.21,1.77,17.28,14.14,2.50
605186,健麾信息,26.60,26.69,26.83,8723500.0,-0.09,-0.34,26.95,26.14,23015,6.41,117.57,3.03,36.18,36.18,3.27,29.36,24.02,0.83
605188,XD国光连,14.31,13.94,14.01,11768500.0,0.37,2.65,14.69,13.94,16903,2.34,351.26,5.38,71.89,71.89,5.91,15.33,12.55,1.75
605189,富春染织,14.74,15.11,15.12,6855300.0,-0.37,-2.45,15.29,14.61,10245,3.05,22.85,4.50,33.18,33.18,1.74,16.62,13.60,0.65
605196,华通线缆,39.51,39.43,39.30,14262800.0,0.08,0.20,41.20,39.13,57183,2.82,65.43,5.25,199.51,201.89,5.96,43.37,35.49,0.88
605198,安德利,56.73,55.58,56.69,4362300.0,1.15,2.07,57.88,55.00,24626,1.61,59.81,5.18,153.48,189.58,6.65,61.14,50.02,0.78
605199,ST葫芦娃,6.75,6.90,6.84,2684800.0,-0.15,-2.17,6.89,6.74,1829,0.67,-7.93,2.17,27.01,27.01,7.04,7.25,6.56,0.50
605208,永茂泰,14.02,14.78,14.71,11065400.0,-0.76,-5.14,15.09,13.93,15901,3.35,65.30,7.85,46.26,46.26,2.08,16.26,13.30,0.99
605218,伟时电子,16.20,17.58,17.58,7923000.0,-1.38,-7.85,17.94,16.20,13297,3.72,-230.33,9.90,34.48,39.34,2.22,19.34,15.82,0.96
605222,起帆电缆,30.26,31.30,31.39,9990500.0,-1.04,-3.32,31.50,29.73,30375,2.42,63.70,5.65,124.94,124.94,2.65,34.43,28.17,0.70
605228,神通科技,12.94,13.17,13.11,5114400.0,-0.23,-1.75,13.20,12.66,6568,1.07,36.37,4.10,61.74,62.00,2.77,14.49,11.85,0.81
605255,天普股份,93.56,94.58,95.58,699100.0,-1.02,-1.08,96.40,93.06,6554,0.52,834.01,3.53,125.45,125.45,15.43,104.04,85.12,0.53
605258,协和电子,35.85,38.56,38.58,6314900.0,-2.71,-7.03,38.77,35.50,23482,7.18,52.68,8.48,31.55,31.55,2.59,42.42,34.70,1.31
605259,绿田机械,18.29,18.27,18.26,1775900.0,0.02,0.11,19.12,18.22,3292,1.03,13.54,4.93,31.55,31.55,1.67,20.10,16.44,0.71
605266,健之佳,18.04,17.80,17.86,1515100.0,0.24,1.35,18.12,17.79,2726,0.98,18.52,1.85,27.88,27.88,1.03,19.58,16.02,0.92
605268,王力安防,10.44,10.62,10.60,3104400.0,-0.18,-1.69,10.65,10.37,3258,0.70,35.64,2.64,45.99,46.59,2.70,11.68,9.56,0.73
605277,新亚电子,24.62,22.38,24.62,9346400.0,2.24,10.01,24.62,24.62,23011,2.94,36.63,0.00,78.32,79.77,4.57,24.62,20.14,1.43
605286,同力天启,34.24,36.20,36.20,2590800.0,-1.96,-5.41,36.67,34.00,9038,1.54,42.55,7.38,57.52,57.52,2.68,39.82,32.58,0.99
605287,德才股份,42.01,45.22,46.12,9256600.0,-3.21,-7.10,46.25,41.39,39992,6.61,98.11,10.75,58.81,58.81,3.72,49.74,40.70,1.17
605288,凯迪股份,90.40,93.11,94.20,1511500.0,-2.71,-2.91,94.65,89.40,13758,2.15,183.25,5.64,63.46,63.89,2.85,102.42,83.80,0.63
605289,罗曼股份,118.68,120.25,119.75,5748800.0,-1.57,-1.31,123.90,117.18,69045,3.79,209.40,5.59,180.00,181.12,13.57,132.28,108.23,0.96
605296,神农集团,27.12,26.60,26.49,3700800.0,0.52,1.95,27.55,26.12,9996,0.71,-26.45,5.38,140.48,142.32,3.33,29.26,23.94,1.18
605298,必得科技,52.28,53.80,53.47,1456100.0,-1.52,-2.83,53.48,52.03,7672,0.78,171.44,2.70,97.37,98.21,9.51,59.18,48.42,0.82
605299,舒华体育,17.38,17.89,17.70,25492700.0,-0.51,-2.85,18.10,17.26,45076,6.25,66.99,4.70,70.85,70.85,5.92,19.68,16.10,0.84
605300,佳禾食品,10.73,10.63,10.58,15518900.0,0.10,0.94,11.10,10.42,16633,3.42,109.04,6.40,48.76,48.76,1.69,11.69,9.57,2.12
605303,园林股份,24.51,25.09,23.38,14894500.0,-0.58,-2.31,25.50,23.02,36630,9.24,-23.85,9.88,39.52,39.52,4.67,27.60,22.58,1.46
605305,中际联合,41.21,40.28,40.55,9263300.0,0.93,2.31,43.30,40.55,39008,4.36,15.62,6.83,87.58,87.58,2.86,44.31,36.25,2.43
605318,法狮龙,92.12,93.58,94.53,1887500.0,-1.46,-1.56,96.55,92.00,17718,1.50,37419.17,4.86,115.82,115.82,18.11,102.94,84.22,0.67
605319,无锡振华,24.16,24.52,24.52,3861200.0,-0.36,-1.47,24.96,23.80,9367,1.11,17.94,4.73,84.11,84.58,2.96,26.97,22.07,0.94
605333,沪光股份,20.19,21.05,21.09,3869000.0,-0.86,-4.09,21.09,20.12,7871,0.83,22.39,4.61,93.69,93.69,2.72,23.16,18.95,1.06
605336,*ST帅电,15.90,16.25,16.15,3477100.0,-0.35,-2.15,16.37,15.50,5526,1.90,-46.78,5.35,29.16,29.16,1.62,17.06,15.44,0.92
605337,李子园,9.93,9.72,9.60,5177700.0,0.21,2.16,10.08,9.60,5137,1.33,21.09,4.94,38.74,38.74,2.32,10.69,8.75,1.33
605338,巴比食品,21.31,20.11,20.03,4052100.0,1.20,5.97,21.51,20.03,8548,1.69,18.04,7.36,51.05,51.05,2.43,22.12,18.10,2.28
605339,南侨食品,14.35,14.35,14.47,1733600.0,0.00,0.00,14.59,14.23,2500,0.41,413.49,2.51,60.89,60.89,1.78,15.79,12.92,0.54
605358,立昂微,55.38,59.09,59.10,80517200.0,-3.71,-6.28,61.10,54.00,459084,11.99,-686.20,12.02,371.81,371.81,5.33,65.00,53.18,1.26
605365,立达信,17.12,17.44,17.43,5075600.0,-0.32,-1.83,17.53,17.09,8757,1.01,53.83,2.52,85.94,85.94,2.26,19.18,15.70,0.87
605366,宏柏新材,11.03,11.70,11.67,28645700.0,-0.67,-5.73,12.08,10.86,32408,3.69,-50.90,10.43,85.60,85.60,3.20,12.87,10.53,0.82
605368,蓝天燃气,6.94,6.86,6.88,4722400.0,0.08,1.17,6.99,6.83,3274,0.66,21.03,2.33,49.60,49.60,1.49,7.55,6.17,0.97
605369,拱东医疗,18.33,18.36,18.23,1602900.0,-0.03,-0.16,18.68,18.18,2945,0.73,72.06,2.72,40.42,40.42,2.35,20.20,16.52,0.63
605376,博迁新材,178.33,182.45,185.62,18889300.0,-4.12,-2.26,189.01,176.00,342604,7.22,192.02,7.13,466.51,466.51,26.50,200.70,164.21,0.97
605377,华旺科技,9.28,9.14,9.10,4969900.0,0.14,1.53,9.33,9.06,4602,0.89,20.24,2.95,51.66,51.66,1.30,10.05,8.23,0.96
605378,野马电池,16.61,17.15,17.18,2394000.0,-0.54,-3.15,17.22,16.52,4007,0.92,111.52,4.08,43.41,43.41,3.49,18.87,15.44,1.02
605388,均瑶健康,6.20,6.18,6.18,11552000.0,0.02,0.32,6.34,6.12,7195,1.92,-19.35,3.56,37.23,37.23,2.42,6.80,5.56,1.29
605389,长龄液压,85.14,85.87,86.13,2503000.0,-0.73,-0.85,88.80,83.33,21432,1.41,119.82,6.37,150.82,159.48,7.62,94.46,77.28,1.30
605398,新炬网络,22.51,23.45,23.65,2087700.0,-0.94,-4.01,23.77,22.48,4782,1.28,265.32,5.50,36.63,36.63,3.53,25.80,21.11,0.89
605399,晨光新材,14.25,15.83,15.83,11678500.0,-1.58,-9.98,15.83,14.25,17332,3.75,-40.76,9.98,44.39,44.49,2.16,17.41,14.25,0.98
605488,福莱新材,34.06,37.84,37.08,12695300.0,-3.78,-9.99,37.60,34.06,44568,4.60,167.91,9.36,94.08,102.82,4.54,41.62,34.06,0.76
605499,东鹏饮料,142.44,141.01,140.25,8981000.0,1.43,1.01,146.50,137.55,127616,1.33,22.29,6.35,962.92,1045.79,5.49,155.11,126.91,1.27
605500,森林包装,8.90,9.89,9.61,22732100.0,-0.99,-10.01,9.64,8.90,20620,5.49,151.09,7.48,36.88,36.88,1.43,10.88,8.90,0.61
605507,DR国邦医,15.31,15.13,15.15,4447600.0,0.18,1.19,15.39,14.90,6769,0.57,15.63,3.24,119.78,119.78,1.43,16.64,13.62,1.75
605555,德昌股份,14.90,15.48,15.48,7602000.0,-0.58,-3.75,15.57,14.76,11427,1.57,76.49,5.23,72.13,72.13,2.41,17.03,13.93,0.87
605566,福莱蒽特,37.95,37.39,37.53,10641300.0,0.56,1.50,40.40,36.27,40838,7.98,90.06,11.05,50.60,50.60,2.49,41.13,33.65,0.75
605567,春雪食品,9.63,9.76,9.76,4418600.0,-0.13,-1.33,9.89,9.54,4295,2.21,52.12,3.59,19.26,19.26,1.73,10.74,8.78,1.06
605577,龙版传媒,10.34,10.44,10.42,3280100.0,-0.10,-0.96,10.52,10.30,3414,0.74,19.25,2.11,45.96,45.96,1.14,11.48,9.40,1.16
605580,恒盛能源,30.29,28.18,28.01,37138900.0,2.11,7.49,31.00,26.66,108485,13.26,52.28,15.40,84.81,84.81,7.90,31.00,25.36,1.70
605588,冠石科技,56.32,62.58,62.58,4560500.0,-6.26,-10.00,62.58,56.32,26739,6.24,-49.81,10.00,41.17,41.27,4.36,68.84,56.32,0.96
605589,圣泉集团,46.39,48.66,48.78,53368400.0,-2.27,-4.67,49.78,46.08,254344,6.31,40.18,7.60,392.42,392.64,3.60,53.53,43.79,0.95
605598,上海港湾,46.40,49.16,49.49,4267900.0,-2.76,-5.61,49.49,46.00,19998,1.76,332.56,7.10,112.76,112.76,6.58,54.08,44.24,0.73
605599,菜百股份,16.01,15.85,15.93,5690300.0,0.16,1.01,16.20,15.84,9112,0.73,10.28,2.27,124.52,124.52,2.46,17.44,14.27,1.16
688001,华兴源创,71.45,75.19,75.93,1274230600.0,-3.74,-4.97,77.80,70.71,93740,2.70,297.22,9.43,336.93,336.93,9.92,90.23,60.15,0.72
688002,睿创微纳,127.80,137.69,137.86,1681542500.0,-9.89,-7.18,138.03,127.00,217461,3.61,40.84,8.01,595.21,595.21,8.36,165.23,110.15,1.67
688003,天准科技,101.96,112.31,114.00,851987400.0,-10.35,-9.22,117.74,100.57,91320,4.38,175.15,15.29,198.13,198.13,10.03,134.77,89.85,1.02
688004,博汇科技,21.04,23.93,23.73,433776300.0,-2.89,-12.08,23.85,21.00,9697,5.42,-64.83,11.91,16.85,16.85,2.94,28.72,19.14,1.73
688005,容百科技,31.00,32.33,32.50,2040529500.0,-1.33,-4.11,32.85,30.80,64281,2.86,-138.12,6.34,221.53,221.56,2.85,38.80,25.86,0.84
688006,XD杭可科,39.65,39.27,40.00,4755312400.0,0.38,0.97,40.90,37.09,185474,7.88,62.88,9.70,239.36,239.36,4.41,47.12,31.42,2.04
688007,光峰科技,13.81,14.81,14.66,1160204000.0,-1.00,-6.75,14.91,13.77,16375,2.52,-21.93,7.70,63.47,63.47,2.63,17.77,11.85,0.97
688008,澜起科技,253.00,260.98,265.30,7305620300.0,-7.98,-3.06,272.00,248.80,1892662,6.37,120.90,8.89,2900.46,3092.17,14.83,313.18,208.78,0.95
688009,中国通号,4.80,4.80,4.79,9794410400.0,0.00,0.00,4.94,4.79,47607,1.14,13.94,3.13,413.81,508.31,1.06,5.76,3.84,2.79
688010,福光股份,37.15,43.95,43.70,1420457800.0,-6.80,-15.47,43.75,36.79,55961,8.85,412.24,15.84,59.65,59.65,3.48,52.74,35.16,1.52
688011,新光光电,57.80,59.97,59.97,167864200.0,-2.17,-3.62,60.00,56.90,9706,1.68,-140.71,5.17,57.60,57.80,5.51,71.96,47.98,0.86
688012,DR中微公,297.68,303.87,305.99,3013552000.0,-6.19,-2.04,306.58,287.00,893516,3.22,102.21,6.44,2789.18,2789.18,11.49,364.64,243.10,1.12
688013,天臣医疗,29.03,29.91,29.76,102353900.0,-0.88,-2.94,30.09,29.03,3002,1.26,28.84,3.54,23.56,23.56,4.09,35.89,23.93,0.84
688015,交控科技,18.38,18.68,18.70,235645100.0,-0.30,-1.61,19.15,18.30,4397,1.25,22.37,4.55,34.68,34.68,1.29,22.42,14.94,1.43
688016,心脉医疗,102.14,102.62,102.60,223454000.0,-0.48,-0.47,104.58,100.53,22909,1.81,21.39,3.95,125.90,125.90,2.98,123.14,82.10,1.10
688017,绿的谐波,306.00,316.13,319.99,1198405500.0,-10.13,-3.20,332.57,302.00,379320,6.54,410.22,9.67,560.99,560.99,15.72,379.36,252.90,0.80
688018,乐鑫科技,167.60,179.13,181.30,743443400.0,-11.53,-6.44,181.87,166.00,127678,4.44,51.98,8.86,280.60,280.60,6.20,214.96,143.30,1.14
688019,安集科技,284.23,303.00,303.75,794286400.0,-18.77,-6.19,305.80,281.03,230040,4.54,60.47,8.17,497.39,497.39,10.84,363.60,242.40,0.91
688020,方邦股份,146.00,159.45,157.00,715374700.0,-13.45,-8.44,158.06,142.88,108519,8.68,-117.50,9.52,120.29,120.29,9.14,191.34,127.56,1.02
688021,奥福科技,24.35,24.85,24.88,255505000.0,-0.50,-2.01,25.49,24.05,6277,3.34,64.37,5.79,18.61,18.61,2.11,29.82,19.88,1.23
688022,ST瀚川,9.30,9.38,9.42,346460500.0,-0.08,-0.85,9.59,9.24,3265,1.97,81.12,3.73,16.36,16.36,2.48,11.26,7.50,0.87
688023,安恒信息,40.24,42.65,42.88,304144600.0,-2.41,-5.65,43.08,39.91,12488,2.98,-68.32,7.43,41.12,41.12,1.83,51.18,34.12,1.25
688025,杰普特,388.60,431.17,423.00,484624000.0,-42.57,-9.87,428.90,384.01,195957,5.10,108.50,10.41,369.36,369.36,15.36,517.40,344.94,1.15
688026,洁特生物,13.86,14.37,14.29,189760000.0,-0.51,-3.55,14.63,13.78,2666,1.35,70.61,5.92,19.45,19.45,1.80,17.24,11.50,0.94
688027,国盾量子,559.88,580.50,594.00,369859700.0,-20.62,-3.55,605.93,556.00,213674,4.60,8615.58,8.60,450.00,575.90,17.86,696.60,464.40,0.76
688028,沃尔德,117.88,135.20,137.00,1280665200.0,-17.32,-12.81,139.45,117.88,163467,8.48,174.86,15.95,177.94,177.94,8.80,162.24,108.16,1.38
688029,南微医学,81.91,80.71,81.38,241215400.0,1.20,1.49,82.50,78.66,19445,1.28,27.68,4.76,153.87,153.87,3.63,96.85,64.57,1.46
688030,山石网科,16.23,17.33,17.45,373176000.0,-1.10,-6.35,17.51,16.13,6185,2.07,-19.04,7.96,29.25,29.25,4.30,20.80,13.86,0.92
688031,星环科技-U,116.88,115.70,124.96,1309628600.0,1.18,1.02,132.64,116.02,160900,10.81,-65.07,14.36,141.58,141.58,17.56,138.84,92.56,1.63
688032,禾迈股份,96.07,100.33,100.32,166828800.0,-4.26,-4.25,100.63,94.96,16122,1.34,-55.97,5.65,119.20,119.20,2.10,120.40,80.26,0.96
688033,*ST天宜,7.79,7.91,7.87,780895800.0,-0.12,-1.52,8.17,7.77,6213,1.39,-1.96,5.06,43.80,43.80,3.30,9.49,6.33,0.93
688035,XD德邦科,75.71,83.60,83.70,1175246800.0,-7.89,-9.44,83.70,75.00,91517,8.26,93.74,10.41,107.69,107.69,4.60,100.32,66.88,0.90
688036,传音控股,60.20,60.73,60.71,1663035300.0,-0.53,-0.87,61.37,58.55,99722,1.44,24.83,4.64,693.01,693.01,3.43,72.88,48.58,1.20
688037,芯源微,245.30,263.05,264.00,938776900.0,-17.75,-6.75,264.90,242.92,235979,4.66,701.01,8.36,494.59,494.59,17.66,315.66,210.44,1.00
688038,中科通达,18.59,19.39,19.41,310964600.0,-0.80,-4.13,19.98,18.38,5907,2.67,-202.84,8.25,21.63,21.63,3.65,23.27,15.51,1.00
688039,当虹科技,41.24,44.03,44.50,287757400.0,-2.79,-6.34,44.88,41.00,12258,2.60,-48.20,8.81,45.61,45.61,4.39,52.84,35.22,0.86
688041,海光信息,293.90,314.36,319.80,4268734400.0,-20.46,-6.51,322.56,290.89,1292821,1.84,250.59,10.07,6831.23,6831.23,29.07,377.23,251.49,0.95
688045,必易微,63.86,68.89,69.30,302980000.0,-5.03,-7.30,69.80,63.34,19827,4.29,116.05,9.38,45.07,45.07,3.15,82.67,55.11,0.97
688046,药康生物,19.39,20.10,20.18,529940700.0,-0.71,-3.53,20.45,19.21,10422,1.29,49.76,6.17,79.50,79.50,3.49,24.12,16.08,1.36
688047,龙芯中科,145.80,156.05,157.50,1228845200.0,-10.25,-6.57,160.06,144.00,184088,3.06,-139.93,10.29,584.66,584.66,24.37,187.26,124.84,1.04
688048,长光华芯,394.74,395.58,392.00,1945355700.0,-0.84,-0.21,409.70,374.51,764056,11.04,2062.20,8.90,695.85,695.85,23.09,474.70,316.46,1.34
688049,炬芯科技,45.14,49.03,49.18,945169500.0,-3.89,-7.93,49.18,45.00,43966,5.40,37.33,8.53,79.07,79.07,3.78,58.84,39.22,1.17
688050,爱博医疗,42.42,42.38,42.42,264357900.0,0.04,0.09,43.43,42.09,11298,1.37,30.97,3.16,82.04,82.04,2.86,50.86,33.90,0.93
688051,佳华科技,31.66,33.16,33.39,278771300.0,-1.50,-4.52,33.52,31.50,9020,3.60,-19.16,6.09,24.48,24.48,4.23,39.79,26.53,0.57
688052,纳芯微,256.82,266.01,269.53,456480100.0,-9.19,-3.45,271.00,253.99,118792,3.20,-195.83,6.39,366.04,417.65,5.50,319.21,212.81,0.97
688053,ST思科瑞,37.13,38.76,39.10,121681000.0,-1.63,-4.21,39.89,37.06,4644,1.22,-195.93,7.30,37.13,37.13,2.34,46.51,31.01,1.09
688055,龙腾光电,4.76,5.42,5.40,6923826000.0,-0.66,-12.18,5.42,4.71,34305,2.08,-71.90,13.10,158.67,158.67,3.96,6.50,4.34,0.75
688056,莱伯泰科,31.99,32.95,33.00,108188600.0,-0.96,-2.91,33.92,31.72,3535,1.60,63.02,6.68,21.58,21.58,2.65,39.54,26.36,0.91
688057,金达莱,13.90,14.77,14.66,512345600.0,-0.87,-5.89,14.80,13.80,7238,1.86,65.57,6.77,38.36,38.36,1.21,17.72,11.82,0.68
688058,宝兰德,24.93,26.09,26.08,143742800.0,-1.16,-4.45,26.57,24.80,3656,1.90,-23.91,6.78,18.91,18.91,3.07,31.31,20.87,0.96
688059,华锐精密,140.90,153.30,153.78,488980200.0,-12.40,-8.09,156.36,139.36,71319,5.23,42.36,11.09,131.85,140.88,6.49,183.96,122.64,1.09
688060,云涌科技,39.04,40.69,41.76,70399000.0,-1.65,-4.06,41.91,38.81,2812,1.17,-147.87,7.62,23.50,23.50,2.65,48.83,32.55,1.05
688061,灿瑞科技,37.27,40.41,40.13,283929000.0,-3.14,-7.77,40.63,36.93,10798,2.47,-64.65,9.16,42.82,42.82,1.86,48.49,32.33,1.14
688062,迈威生物-U,30.40,30.59,30.80,1245546900.0,-0.19,-0.62,31.10,28.98,37484,6.10,-14.77,6.93,62.07,135.81,127.14,36.71,24.47,1.49
688063,派能科技,66.50,72.59,72.60,1560578200.0,-6.09,-8.39,73.00,65.70,106422,6.36,112.38,10.06,163.16,163.16,1.77,87.11,58.07,1.19
688065,凯赛生物,40.22,41.06,41.25,528297700.0,-0.84,-2.05,41.25,40.15,21480,0.91,49.21,2.68,234.63,290.10,1.62,49.27,32.85,0.96
688066,*ST航图,14.10,13.50,13.75,1637403000.0,0.60,4.44,14.94,13.49,23099,6.27,-1.99,10.74,36.84,36.84,-2.98,16.20,10.80,2.36
688067,爱威科技,24.23,25.18,25.14,166941600.0,-0.95,-3.77,26.20,24.01,4108,2.46,54.97,8.70,16.48,16.48,3.16,30.22,20.14,1.49
688068,热景生物,88.64,87.05,87.10,220153700.0,1.59,1.83,93.98,84.50,19523,2.37,-33.33,10.89,82.22,82.22,3.38,104.46,69.64,1.43
688069,德林海,59.02,60.42,61.63,393241000.0,-1.40,-2.32,62.80,58.60,23816,3.48,69.27,6.95,66.69,66.69,5.14,72.50,48.34,0.78
688070,纵横股份,41.43,43.15,44.03,282000200.0,-1.72,-3.99,46.10,41.13,12212,3.19,180.90,11.52,36.63,36.63,6.13,51.78,34.52,1.52
688071,华依科技,31.92,34.34,34.34,341150700.0,-2.42,-7.05,34.63,31.70,11199,4.02,-42.78,8.53,27.06,27.06,2.68,41.21,27.47,0.74
688072,拓荆科技,627.99,672.61,669.45,1152963100.0,-44.62,-6.63,669.45,618.03,735191,4.08,107.97,7.64,1775.28,1775.28,24.41,807.13,538.09,0.90
688073,毕得医药,50.82,53.30,53.76,170704300.0,-2.48,-4.65,54.00,50.33,8804,1.88,27.51,6.89,46.19,46.19,2.20,63.96,42.64,1.44
688075,安旭生物,34.24,34.73,34.73,31708600.0,-0.49,-1.41,34.82,34.13,1090,0.25,173.83,1.99,43.51,43.51,0.84,41.68,27.78,0.82
688076,ST诺泰,29.84,29.69,29.62,232779800.0,0.15,0.51,30.40,29.52,6936,0.74,30.49,2.96,94.31,94.31,3.03,35.63,23.75,1.00
688077,大地熊,27.22,30.00,30.00,470786800.0,-2.78,-9.27,30.33,27.03,13164,4.11,50.06,11.00,31.16,31.16,2.87,36.00,24.00,1.61
688078,龙软科技,23.19,24.13,24.35,133115700.0,-0.94,-3.90,24.70,22.90,3144,1.83,-23.99,7.46,16.90,16.90,2.53,28.96,19.30,0.77
688079,美迪凯,20.59,22.19,22.26,3039176800.0,-1.60,-7.21,22.58,20.59,65107,7.52,-46.55,8.97,83.26,84.73,6.79,26.63,17.75,0.62
688080,映翰通,41.41,43.68,44.00,202821100.0,-2.27,-5.20,44.08,41.00,8532,2.75,22.42,7.05,30.50,30.50,2.59,52.42,34.94,1.01
688081,兴图新科,53.25,58.03,58.02,430288200.0,-4.78,-8.24,58.75,51.48,23068,4.18,-108.39,12.53,54.87,54.87,13.91,69.64,46.42,1.27
688082,盛美上海,229.04,243.88,250.00,1087540000.0,-14.84,-6.08,251.20,225.47,253430,2.28,88.15,10.55,1093.47,1105.34,8.03,292.66,195.10,0.72
688083,中望软件,54.84,61.41,61.48,630266200.0,-6.57,-10.70,62.21,54.54,36125,3.72,305.92,12.49,93.03,93.03,3.52,73.69,49.13,1.42
688084,晶品特装,53.27,56.74,57.12,121891700.0,-3.47,-6.12,57.12,52.91,6653,1.61,-263.40,7.42,40.30,40.30,2.63,68.09,45.39,0.92
688085,三友医疗,15.31,15.55,15.55,374282700.0,-0.24,-1.54,15.77,15.18,5761,1.17,89.05,3.79,48.80,51.05,2.41,18.66,12.44,0.77
688086,退市紫晶,0.64,0.64,0.00,0.0,0.00,0.00,0.00,0.00,0,0.00,-0.28,0.00,0.85,1.22,0.10,-1,-1,0.00
688087,英科再生,36.64,36.63,36.98,397339300.0,0.01,0.03,38.50,36.38,14822,2.13,26.89,5.79,68.24,71.10,2.47,43.96,29.30,1.22
688088,虹软科技,39.31,42.15,42.15,1048638200.0,-2.84,-6.74,42.60,39.11,42248,2.61,60.00,8.28,157.70,157.70,5.69,50.58,33.72,1.08
688089,嘉必优,12.89,13.08,13.23,251587700.0,-0.19,-1.45,13.27,12.80,3267,1.49,39.33,3.59,21.70,21.70,1.37,15.70,10.46,0.81
688090,瑞松科技,85.89,90.36,91.36,582684600.0,-4.47,-4.95,91.36,84.00,50693,4.77,350.03,8.15,104.87,105.10,11.36,108.43,72.29,1.05
688091,上海谊众,46.72,51.60,50.60,1201780900.0,-4.88,-9.46,51.40,46.20,57266,5.81,140.90,10.08,96.57,96.57,6.67,61.92,41.28,1.44
688092,爱科科技,26.60,27.14,27.24,107279800.0,-0.54,-1.99,27.39,26.30,2878,1.30,47.50,4.02,21.99,21.99,3.37,32.57,21.71,0.83
688093,世华科技,31.45,35.09,35.01,777905700.0,-3.64,-10.37,35.05,31.25,25378,2.77,22.21,10.83,88.18,88.18,3.16,42.11,28.07,1.30
688095,福昕软件,70.49,72.10,73.15,247390700.0,-1.61,-2.23,74.87,70.02,17868,2.71,136.05,6.73,64.40,64.40,2.45,86.52,57.68,1.24
688096,京源环保,11.95,12.29,12.05,1542424500.0,-0.34,-2.77,12.46,11.59,18435,6.53,-37.39,7.08,28.21,28.21,3.41,14.75,9.83,1.03
688097,博众精工,60.28,59.61,61.63,1438997900.0,0.67,1.12,64.55,59.57,88522,3.23,41.25,8.35,268.25,269.24,5.61,71.53,47.69,1.59
688098,申联生物,7.78,8.00,7.96,280162900.0,-0.22,-2.75,8.03,7.75,2205,0.68,-166.34,3.50,31.95,31.95,2.30,9.60,6.40,1.31
688099,晶晨股份,105.90,114.60,114.70,2409366000.0,-8.70,-7.59,115.20,104.50,262059,5.72,51.98,9.34,446.01,446.01,5.99,137.52,91.68,1.38
688100,威胜信息,36.23,38.45,38.50,501054700.0,-2.22,-5.77,38.79,36.00,18520,1.02,26.38,7.26,178.14,178.14,5.03,46.14,30.76,1.19
688101,三达膜,18.38,19.76,19.58,1127729700.0,-1.38,-6.98,19.58,18.27,21170,3.40,15.24,6.63,61.02,61.02,1.37,23.71,15.81,1.60
688102,斯瑞新材,34.99,37.91,37.92,2113140300.0,-2.92,-7.70,38.02,34.60,75721,2.72,171.83,9.02,272.08,272.08,13.93,45.49,30.33,1.15
688103,国力电子,63.64,68.90,68.71,326992200.0,-5.26,-7.63,68.89,63.10,21400,3.43,92.79,8.40,60.66,60.66,5.38,82.68,55.12,1.28
688105,诺唯赞,19.13,19.77,19.90,282759400.0,-0.64,-3.24,19.90,18.96,5429,0.71,-530.53,4.75,76.09,76.09,2.00,23.72,15.82,1.12
688106,金宏气体,25.16,26.08,26.27,2883121700.0,-0.92,-3.53,26.27,24.89,73471,5.39,145.17,5.29,134.70,134.70,4.15,31.30,20.86,0.84
688107,安路科技,41.00,45.20,45.20,1611957100.0,-4.20,-9.29,45.61,40.72,68191,4.02,-65.00,10.82,164.35,164.35,18.20,54.24,36.16,1.22
688108,赛诺医疗,22.30,18.58,18.90,5769330000.0,3.72,20.02,22.30,18.57,123205,13.80,135.51,20.08,93.20,93.20,9.40,22.30,14.86,4.54
688109,品茗科技,77.00,81.00,81.50,99395000.0,-4.00,-4.94,81.99,77.00,7837,1.26,190.88,6.16,60.71,60.71,7.65,97.20,64.80,0.69
688110,东芯股份,142.16,147.80,148.96,2285973100.0,-5.64,-3.82,149.60,138.04,324706,5.17,23006.62,7.82,628.70,628.70,17.49,177.36,118.24,0.77
688111,金山办公,238.50,236.38,240.00,967305500.0,2.12,0.90,244.95,232.51,231388,2.09,30.45,5.26,1105.14,1105.14,7.30,283.66,189.10,1.24
688112,鼎阳科技,69.00,75.06,76.22,504913600.0,-6.06,-8.07,79.82,68.81,36906,3.16,78.52,14.67,110.12,110.12,6.71,90.07,60.05,1.34
688113,联测科技,39.18,42.03,42.00,215244200.0,-2.85,-6.78,42.19,38.88,8646,3.34,26.00,7.88,25.23,25.23,2.50,50.44,33.62,1.21
688114,华大智造,50.50,52.01,52.00,477370100.0,-1.51,-2.90,53.46,50.18,24587,1.15,-133.11,6.31,209.90,210.34,2.97,62.41,41.61,1.02
688115,思林杰,55.00,57.64,57.34,151649200.0,-2.64,-4.58,59.23,53.88,8445,2.27,469.63,9.28,36.67,36.67,2.88,69.17,46.11,1.01
688116,天奈科技,43.57,45.50,45.69,1621679700.0,-1.93,-4.24,46.07,43.10,72140,4.42,70.65,6.53,159.70,159.70,4.24,54.60,36.40,0.97
688117,圣诺生物,33.73,34.26,34.11,213715600.0,-0.53,-1.55,34.41,33.31,7224,1.36,29.96,3.21,53.09,53.09,4.72,41.11,27.41,1.00
688118,普元信息,22.91,23.89,23.88,271707200.0,-0.98,-4.10,24.24,22.80,6321,2.91,350.91,6.03,21.38,21.38,2.53,28.67,19.11,0.86
688119,中钢洛耐,4.47,4.64,4.62,1246665600.0,-0.17,-3.66,4.68,4.45,5655,1.11,-30.21,4.96,50.29,50.29,1.78,5.57,3.71,0.80
688120,华海清科,261.29,274.50,275.00,1301006600.0,-13.21,-4.81,279.50,256.88,346060,3.68,84.19,8.24,924.06,924.06,11.97,329.40,219.60,1.00
688121,卓然股份,6.48,6.48,0.00,0.0,0.00,0.00,0.00,0.00,0,0.00,20.72,0.00,13.13,15.14,0.60,7.78,5.18,0.00
688122,西部超导,67.56,72.87,72.50,2647187100.0,-5.31,-7.29,73.72,67.51,185193,4.07,61.55,8.52,438.91,438.91,6.12,87.44,58.30,0.89
688123,聚辰股份,132.97,141.47,142.00,1137107500.0,-8.50,-6.01,142.89,131.00,154253,7.16,71.64,8.40,211.29,211.29,8.19,169.76,113.18,0.93
688125,安达智能,180.00,192.67,187.00,71922800.0,-12.67,-6.58,196.30,180.00,13572,0.88,-124.04,8.46,147.04,147.83,8.24,231.20,154.14,0.52
688126,沪硅产业,27.70,30.61,31.00,21733530500.0,-2.91,-9.51,31.52,27.10,628809,7.96,-51.37,14.44,756.67,915.49,5.44,36.73,24.49,1.03
688127,蓝特光学,83.44,89.10,90.00,1840182300.0,-5.66,-6.35,91.00,82.43,156734,4.53,71.63,9.62,338.68,338.68,15.30,106.92,71.28,1.16
688128,中国电研,25.00,25.98,26.13,310864700.0,-0.98,-3.77,26.13,24.84,7841,0.77,18.66,4.97,101.12,101.12,2.80,31.18,20.78,0.96
688129,东来技术,28.69,30.03,30.25,161569300.0,-1.34,-4.46,30.25,28.00,4640,1.34,33.83,7.49,34.57,34.57,3.34,36.04,24.02,0.64
688130,晶华微,26.57,27.98,27.91,293686100.0,-1.41,-5.04,28.60,26.31,7963,4.87,-88.22,8.18,16.02,32.12,2.60,33.58,22.38,0.92
688131,皓元医药,74.23,75.78,75.50,677810300.0,-1.55,-2.05,76.89,71.80,49890,3.20,64.19,6.72,157.44,157.44,5.05,90.94,60.62,1.12
688132,邦彦技术,15.37,15.90,15.98,185711500.0,-0.53,-3.33,16.23,15.20,2885,1.22,-10.27,6.48,23.40,23.40,1.98,19.08,12.72,1.31
688133,泰坦科技,22.00,24.36,24.80,1041829200.0,-2.36,-9.69,24.80,21.88,23783,6.34,-52.86,11.99,36.18,36.18,1.33,29.23,19.49,0.85
688135,利扬芯片,36.30,40.52,40.43,2151816900.0,-4.22,-10.41,40.43,35.90,80807,9.23,4685.36,11.18,84.62,84.62,5.34,48.62,32.42,0.84
688136,科兴制药,21.03,20.65,21.00,513363900.0,0.38,1.84,21.55,20.29,10748,2.55,37.77,6.10,42.32,42.32,2.45,24.78,16.52,1.17
688137,近岸蛋白,42.61,44.00,44.20,81033700.0,-1.39,-3.16,44.20,42.03,3478,1.15,-39.05,4.93,29.90,29.90,1.48,52.80,35.20,1.36
688138,清溢光电,31.14,34.52,34.59,1400017900.0,-3.38,-9.79,34.86,30.86,45003,4.45,51.25,11.59,98.03,98.03,3.46,41.42,27.62,1.16
688139,海尔生物,31.46,32.17,32.25,597594200.0,-0.71,-2.21,32.36,31.00,18825,1.89,45.27,4.23,99.57,99.57,2.24,38.60,25.74,0.46
688141,杰华特,95.66,103.50,103.41,2467507900.0,-7.84,-7.57,103.47,94.20,239084,5.48,-48.96,8.96,430.78,430.78,34.51,124.20,82.80,1.38
688143,长盈通,169.00,171.20,170.65,1083777100.0,-2.20,-1.29,186.16,159.00,189628,8.86,1009.86,15.86,206.81,217.64,16.06,205.44,136.96,1.14
688146,中船特气,174.66,174.66,182.00,1598375000.0,0.00,0.00,182.50,164.01,277946,11.03,256.76,10.59,253.21,924.67,15.76,209.59,139.73,0.94
688147,微导纳米,80.40,79.80,78.97,1798665100.0,0.60,0.75,84.86,75.58,144056,3.87,238.93,11.63,373.43,373.43,12.52,95.76,63.84,1.17
688148,芳源股份,8.60,9.00,8.99,1685083900.0,-0.40,-4.44,9.18,8.56,14832,3.30,559.35,6.89,43.87,43.87,11.41,10.80,7.20,0.94
688150,莱特光电,54.20,59.00,60.00,1681820300.0,-4.80,-8.14,60.59,53.88,94636,4.18,106.78,11.37,218.12,218.12,11.19,70.80,47.20,0.77
688151,华强科技,17.31,17.82,17.69,136566200.0,-0.51,-2.86,17.95,17.29,2396,0.40,126.07,3.70,59.63,59.63,1.41,21.38,14.26,0.78
688152,麒麟信安,31.36,34.00,34.00,231893500.0,-2.64,-7.76,34.54,31.16,7451,2.28,-60.27,9.94,31.96,31.96,2.72,40.80,27.20,1.39
688153,唯捷创芯,29.48,31.85,31.85,918045300.0,-2.37,-7.44,32.04,29.29,27613,2.24,931.07,8.63,120.64,126.86,3.19,38.22,25.48,1.37
688155,先惠技术,83.88,89.16,89.53,492012000.0,-5.28,-5.92,90.19,83.01,42111,3.89,23.78,8.05,106.05,106.05,4.48,106.99,71.33,1.42
688156,路德科技,25.33,26.79,26.86,366641000.0,-1.46,-5.45,26.90,24.61,9286,3.64,-42.30,8.55,25.51,25.51,3.30,32.15,21.43,0.98
688157,松井股份,27.88,30.11,30.00,322232300.0,-2.23,-7.41,30.26,27.60,9106,2.06,458.20,8.83,43.61,43.61,3.24,36.13,24.09,1.31
688158,优刻得-W,38.68,40.75,41.00,2663830700.0,-2.07,-5.08,41.25,38.41,105023,6.55,-678.57,6.97,157.31,176.97,7.27,48.90,32.60,0.78
688159,有方科技,46.89,51.04,51.45,612884300.0,-4.15,-8.13,51.61,46.00,29636,6.61,116.03,10.99,43.48,43.56,4.65,61.25,40.83,0.95
688160,步科股份,110.93,119.73,119.75,384694500.0,-8.80,-7.35,122.60,108.62,43932,4.24,134.94,11.68,100.76,100.76,7.83,143.68,95.78,0.78
688161,威高骨科,26.38,26.42,26.40,73253900.0,-0.04,-0.15,26.55,26.14,1931,0.18,40.42,1.55,105.52,105.52,2.52,31.70,21.14,0.60
688162,巨一科技,30.40,34.47,34.80,425019600.0,-4.07,-11.81,34.80,30.10,13391,3.10,55.41,13.64,41.68,41.68,1.72,41.36,27.58,1.44
688163,XD赛伦生,35.13,36.60,36.49,168732500.0,-1.47,-4.02,37.31,35.00,6020,1.56,78.23,6.31,38.02,38.02,3.50,43.92,29.28,0.99
688165,埃夫特-U,18.65,19.76,19.87,1751446900.0,-1.11,-5.62,20.22,18.50,33460,3.36,-22.14,8.70,97.31,97.31,8.05,23.71,15.81,0.66
688166,博瑞医药,51.79,52.93,53.00,1221265100.0,-1.14,-2.15,53.45,50.18,62661,2.80,443.86,6.18,225.70,225.70,9.14,63.52,42.34,1.13
688167,炬光科技,448.00,465.84,465.56,527843000.0,-17.84,-3.83,478.00,440.35,243832,5.87,-2047.92,8.08,402.57,402.57,18.00,559.01,372.67,0.86
688168,安博通,59.45,62.05,62.59,262559800.0,-2.60,-4.19,63.80,58.50,15998,2.43,-69.18,8.54,64.24,64.24,6.42,74.46,49.64,0.74
688169,石头科技,102.54,112.00,111.33,1076936000.0,-9.46,-8.45,112.00,102.54,114454,4.16,18.72,8.45,265.69,265.69,1.86,134.40,89.60,1.25
688170,德龙激光,76.56,92.00,91.08,1282153900.0,-15.44,-16.78,91.08,75.00,105728,12.40,471.39,17.48,79.13,79.13,6.42,110.40,73.60,1.00
688171,纬德信息,55.85,57.15,57.21,322499400.0,-1.30,-2.27,58.90,53.66,18065,3.85,368.13,9.17,46.79,46.79,5.66,68.58,45.72,0.89
688172,燕东微,72.27,78.18,79.06,3525596400.0,-5.91,-7.56,79.57,71.28,261129,4.53,-226.14,10.60,562.39,1031.74,5.68,93.82,62.54,1.22
688173,希荻微,16.92,18.36,18.63,1761023300.0,-1.44,-7.84,18.63,16.75,30573,4.29,-74.12,10.24,69.41,69.89,4.90,22.03,14.69,1.32
688175,高凌信息,35.76,36.26,37.17,296711100.0,-0.50,-1.38,37.30,35.53,10810,2.29,-182.65,4.88,46.24,46.24,2.67,43.51,29.01,1.59
688176,亚虹医药-U,11.38,11.52,11.55,1032918400.0,-0.14,-1.22,11.74,11.23,11832,2.37,-14.60,4.43,49.58,65.00,4.43,13.82,9.22,1.28
688177,百奥泰,19.18,19.03,19.00,336040600.0,0.15,0.79,19.55,18.44,6356,0.81,-20.34,5.83,79.42,79.42,35.44,22.84,15.22,1.38
688178,万德斯,35.40,33.64,33.09,457354300.0,1.76,5.23,37.49,33.09,16546,5.38,-30.39,13.08,30.09,30.09,3.24,40.37,26.91,2.45
688179,阿拉丁,20.55,22.19,22.15,1795058800.0,-1.64,-7.39,22.86,20.14,38103,4.96,69.54,12.26,74.39,74.39,7.24,26.63,17.75,1.50
688180,君实生物-U,34.24,33.51,33.44,2076196500.0,0.73,2.18,35.13,32.72,70216,2.71,-53.19,7.19,262.41,351.54,5.96,40.21,26.81,1.39
688181,八亿时空,42.00,48.65,49.00,2176990200.0,-6.65,-13.67,49.30,41.65,98150,16.19,69.07,15.72,56.48,56.48,2.70,58.38,38.92,1.42
688182,灿勤科技,35.00,37.10,37.70,952400800.0,-2.10,-5.66,37.94,34.60,34137,2.38,140.94,9.00,140.00,140.00,6.19,44.52,29.68,0.74
688183,生益电子,138.05,139.19,134.92,4989607000.0,-1.14,-0.82,144.88,133.38,694383,6.00,66.85,8.26,1148.33,1148.33,18.73,167.03,111.35,0.88
688184,ST帕瓦,12.77,13.30,13.29,86186600.0,-0.53,-3.98,13.29,12.70,1120,0.88,-3.22,4.44,12.54,20.01,1.92,15.96,10.64,0.54
688185,康希诺,58.55,57.91,58.00,244954300.0,0.64,1.11,58.83,55.70,14088,2.14,-14376.21,5.40,66.97,144.64,2.94,69.49,46.33,1.01
688186,广大特材,20.23,20.71,21.19,901201400.0,-0.48,-2.32,21.24,20.19,18693,3.21,41.45,5.07,56.74,56.74,1.20,24.85,16.57,1.10
688187,时代电气,61.00,62.60,64.00,2586500600.0,-1.60,-2.56,66.20,59.69,161433,2.98,20.01,10.40,530.03,822.10,1.91,75.12,50.08,1.12
688188,柏楚电子,162.84,162.54,164.00,468100700.0,0.30,0.18,168.20,160.00,76301,1.62,40.20,5.04,471.72,471.72,7.35,195.05,130.03,1.25
688189,南新制药,8.23,8.65,8.57,1063861600.0,-0.42,-4.86,8.72,8.15,8840,3.88,-15.89,6.59,22.58,22.58,2.94,10.38,6.92,1.03
688190,云路股份,116.88,128.00,127.00,481207300.0,-11.12,-8.69,130.90,115.12,58210,4.01,50.56,12.33,140.26,140.26,5.21,153.60,102.40,0.93
688191,智洋创新,53.50,55.00,54.77,630121200.0,-1.50,-2.73,55.66,51.51,33484,2.69,201.51,7.55,125.34,125.34,14.38,66.00,44.00,0.86
688192,迪哲医药-U,55.53,54.23,54.25,641617900.0,1.30,2.40,56.67,52.05,34908,1.39,-38.72,8.52,256.11,258.31,20.84,65.08,43.38,1.49
688193,仁度生物,49.20,50.62,51.30,82453300.0,-1.42,-2.81,51.61,48.76,4095,2.06,142.22,5.63,19.71,19.71,2.15,60.74,40.50,1.03
688195,DR腾景科,233.90,243.75,242.30,710290700.0,-9.85,-4.04,248.88,231.00,170255,3.92,588.16,7.34,423.57,423.57,42.50,292.50,195.00,1.14
688196,卓越新能,41.93,43.08,43.31,118839800.0,-1.15,-2.67,43.31,41.50,4991,0.93,43.23,4.20,53.33,53.33,1.66,51.70,34.46,0.85
688197,首药控股-U,36.58,36.97,37.34,167904100.0,-0.39,-1.05,37.50,35.51,6121,2.62,-58.39,5.38,23.41,54.40,8.18,44.36,29.58,0.98
688198,佰仁医疗,82.54,83.31,83.47,58468900.0,-0.77,-0.92,84.00,82.31,4859,0.42,56.16,2.03,113.70,113.70,9.03,99.97,66.65,1.04
688199,久日新材,26.53,28.94,28.87,870989100.0,-2.41,-8.33,28.93,26.10,23789,5.40,88.50,9.78,42.77,42.77,1.65,34.73,23.15,1.06
688200,华峰测控,398.04,425.00,417.35,372337700.0,-26.96,-6.34,423.89,392.00,151518,2.75,94.93,7.50,539.58,539.58,12.88,510.00,340.00,0.89
688201,ST信安,8.13,8.27,8.32,473738100.0,-0.14,-1.69,8.34,8.11,3903,1.57,82.93,2.78,24.60,25.78,1.99,9.92,6.62,0.89
688202,美迪西,59.64,61.23,61.50,473227300.0,-1.59,-2.60,62.50,58.28,28366,3.52,-58.20,6.89,80.13,80.13,4.09,73.48,48.98,1.31
688203,海正生材,12.17,13.07,13.00,455896100.0,-0.90,-6.89,13.16,12.07,5696,2.25,231.00,8.34,24.67,24.67,1.67,15.68,10.46,1.15
688205,德科立,237.41,249.11,245.52,901182500.0,-11.70,-4.70,248.00,235.20,217080,5.66,493.17,5.14,378.05,378.05,16.03,298.93,199.29,0.92
688206,概伦电子,38.37,41.90,42.00,1621144900.0,-3.53,-8.42,42.03,37.50,63557,3.71,819.24,10.81,167.52,167.52,8.31,50.28,33.52,0.60
688207,格灵深瞳,15.49,16.94,16.90,1129474400.0,-1.45,-8.56,17.18,15.38,18037,4.36,-21.97,10.63,40.11,40.11,2.20,20.33,13.55,0.73
688208,道通科技,30.31,34.30,34.50,3585034500.0,-3.99,-11.63,34.80,30.06,112909,5.35,21.82,13.82,203.13,203.13,5.77,41.16,27.44,1.82
688209,英集芯,23.72,25.63,25.63,2006838300.0,-1.91,-7.45,25.67,23.25,48232,4.63,50.57,9.44,102.89,102.89,4.60,30.76,20.50,1.56
688210,统联精密,47.28,51.30,51.30,842163200.0,-4.02,-7.84,51.58,46.68,40647,5.18,-280.78,9.55,76.91,76.91,6.00,61.56,41.04,1.18
688211,中科微至,33.97,35.69,35.66,159238400.0,-1.72,-4.82,36.09,33.50,5485,1.21,-69.92,7.26,44.53,44.53,1.27,42.83,28.55,0.94
688212,澳华内镜,30.29,31.15,30.84,209518100.0,-0.86,-2.76,31.52,30.11,6378,1.56,258.00,4.53,40.79,40.79,3.17,37.38,24.92,1.52
688213,思特威-W,98.88,106.00,106.64,1446129300.0,-7.12,-6.72,107.00,97.66,145653,4.47,38.01,8.81,319.89,397.80,7.79,127.20,84.80,0.73
688215,瑞晟智能,68.80,72.39,73.84,131089300.0,-3.59,-4.96,73.84,67.80,9155,2.10,102.09,8.34,42.95,42.95,8.71,86.87,57.91,1.35
688216,气派科技,34.76,38.33,38.01,653700200.0,-3.57,-9.31,38.54,34.39,23358,6.14,-85.00,10.83,37.00,39.90,5.44,46.00,30.66,0.88
688217,睿昂基因,25.16,25.90,25.79,101989500.0,-0.74,-2.86,26.50,24.89,2606,1.83,-23.93,6.22,14.05,14.05,1.67,31.08,20.72,0.97
688218,江苏北人,45.15,46.43,47.56,647241800.0,-1.28,-2.76,47.56,44.63,29568,5.56,-90.60,6.31,52.59,52.59,6.17,55.72,37.14,0.90
688219,会通股份,11.10,11.75,11.78,1054656100.0,-0.65,-5.53,11.81,11.03,11929,1.92,30.46,6.64,61.01,61.01,2.00,14.10,9.40,0.99
688220,翱捷科技-U,106.38,114.73,114.41,1413944700.0,-8.35,-7.28,116.24,105.00,154700,3.83,-150.30,9.80,392.69,444.99,8.18,137.68,91.78,0.95
688221,前沿生物-U,20.00,20.79,20.79,1527137700.0,-0.79,-3.80,21.12,19.90,30911,4.08,2163.79,5.87,74.92,74.92,6.76,24.95,16.63,1.38
688222,成都先导,29.63,29.81,30.05,2541905200.0,-0.18,-0.60,30.88,28.19,75044,6.34,96.74,9.02,118.72,118.72,7.72,35.77,23.85,0.90
688223,晶科能源,5.86,6.22,6.21,20338223900.0,-0.36,-5.79,6.25,5.80,120612,1.98,-8.80,7.23,601.79,601.79,2.41,7.46,4.98,1.14
688225,亚信安全,14.41,15.36,15.47,500517300.0,-0.95,-6.18,15.51,14.33,7367,1.25,-14.25,7.68,57.64,57.64,3.71,18.43,12.29,0.87
688226,威腾电气,47.98,52.78,53.20,1142951800.0,-4.80,-9.09,53.20,47.73,56967,6.05,375.82,10.36,90.57,90.57,5.29,63.34,42.22,1.23
688227,品高股份,76.50,80.20,81.00,415063300.0,-3.70,-4.61,82.72,75.91,32475,3.67,-165.42,8.49,86.49,86.49,6.94,96.24,64.16,0.99
688228,开普云,88.44,95.30,95.43,256587100.0,-6.86,-7.20,96.97,88.03,23361,3.80,-296.27,9.38,59.74,59.74,4.79,114.36,76.24,0.97
688229,博睿数据,81.30,89.31,91.00,304197500.0,-8.01,-8.97,92.30,80.02,25434,6.85,-36.36,13.75,36.10,36.10,9.87,107.17,71.45,1.41
688230,芯导科技,68.04,73.86,74.20,278711100.0,-5.82,-7.88,74.81,67.21,19345,2.37,71.41,10.29,80.02,80.02,3.56,88.63,59.09,1.15
688231,隆达股份,47.45,51.33,52.00,492339300.0,-3.88,-7.56,52.00,47.20,23970,1.99,125.86,9.35,117.13,117.13,4.17,61.60,41.06,1.11
688232,新点软件,19.71,20.33,20.60,298421800.0,-0.62,-3.05,20.66,19.71,5984,0.93,120.80,4.67,63.46,63.46,1.19,24.40,16.26,1.16
688233,神工股份,85.47,91.15,91.05,986174400.0,-5.68,-6.23,91.87,83.50,85369,5.79,147.16,9.18,145.56,145.56,7.60,109.38,72.92,1.16
688234,天岳先进,147.10,163.55,165.00,2392239200.0,-16.45,-10.06,169.58,143.00,365843,5.57,-257.03,16.25,632.10,712.87,10.02,196.26,130.84,0.99
688235,百济神州,243.90,233.25,232.27,613594800.0,10.65,4.57,245.30,226.60,145540,5.33,118.86,8.02,280.62,3759.52,11.38,279.90,186.60,1.57
688236,春立医疗,16.28,16.43,16.45,185684500.0,-0.15,-0.91,16.59,16.17,3032,0.64,22.61,2.56,46.96,62.44,2.05,19.72,13.14,0.83
688237,超卓航科,48.11,48.27,48.12,111865900.0,-0.16,-0.33,48.73,46.90,5314,1.25,302.61,3.79,43.15,43.15,3.56,57.92,38.62,0.77
688238,和元生物,5.81,5.95,5.99,975469400.0,-0.14,-2.35,6.04,5.79,5733,1.52,-16.49,4.20,37.25,37.71,2.78,7.14,4.76,1.12
688239,航宇科技,60.37,65.45,66.27,693439800.0,-5.08,-7.76,66.27,59.35,42619,3.64,57.68,10.57,115.08,115.08,5.56,78.54,52.36,1.24
688244,永信至诚,16.65,17.68,17.73,242000400.0,-1.03,-5.83,17.97,16.59,4130,1.60,-51.84,7.81,25.14,25.14,2.65,21.22,14.14,1.07
688246,嘉和美康,23.00,25.03,24.96,708392700.0,-2.03,-8.11,25.88,22.60,16943,5.15,-12.79,13.10,31.64,31.64,2.45,30.04,20.02,1.52
688247,宣泰医药,8.52,8.62,8.58,186277700.0,-0.10,-1.16,8.67,8.43,1590,0.41,88.68,2.78,38.62,38.62,2.95,10.34,6.90,0.90
688248,南网科技,60.62,59.33,60.10,1034955500.0,1.29,2.17,63.71,59.30,63613,1.83,82.84,7.43,342.32,342.32,10.34,71.20,47.46,1.97
688249,晶合集成,45.56,47.53,46.85,6862613200.0,-1.97,-4.14,48.65,44.67,316468,5.67,147.67,8.37,551.45,914.66,4.17,57.04,38.02,1.02
688251,井松智能,25.40,26.60,26.70,277127700.0,-1.20,-4.51,26.85,25.20,7139,2.77,172.07,6.20,25.38,25.55,3.03,31.92,21.28,0.93
688252,天德钰,21.72,24.01,23.98,1329884300.0,-2.29,-9.54,24.17,21.56,29704,3.25,42.51,10.87,88.84,88.84,3.61,28.81,19.21,1.34
688253,英诺特,54.56,56.49,56.39,339414900.0,-1.93,-3.42,59.30,53.40,18938,2.48,83.21,10.44,74.74,74.74,3.57,67.79,45.19,1.25
688255,凯尔达,29.87,32.08,31.80,358977600.0,-2.21,-6.89,32.18,29.60,10918,3.27,101.84,8.04,32.81,32.81,3.07,38.50,25.66,0.84
688256,寒武纪,1310.00,1391.50,1400.00,1450298900.0,-81.50,-5.86,1414.00,1295.00,1941482,2.31,302.93,8.55,8230.64,8230.64,67.25,1669.80,1113.20,1.03
688257,新锐股份,96.35,105.18,104.90,1752833400.0,-8.83,-8.40,107.00,95.34,176366,6.94,49.40,11.09,243.20,243.20,9.09,126.22,84.14,0.88
688258,卓易信息,137.51,142.00,146.99,953357400.0,-4.49,-3.16,147.80,136.01,136557,7.87,138.35,8.30,166.58,166.58,17.39,170.40,113.60,1.40
688259,创耀科技,37.22,40.83,40.80,491491900.0,-3.61,-8.84,41.00,36.87,18862,4.40,53.59,10.12,41.57,41.57,2.64,49.00,32.66,1.10
688260,昀冢科技,89.49,95.84,92.00,1112167100.0,-6.35,-6.63,96.00,86.66,101310,9.27,-56.30,9.75,107.39,107.39,66.50,115.01,76.67,0.80
688261,东微半导,93.53,102.20,100.04,1194205900.0,-8.67,-8.48,102.20,90.64,115071,9.78,260.78,11.31,114.20,114.64,3.89,122.64,81.76,1.00
688262,国芯科技,37.21,41.32,41.30,2182688400.0,-4.11,-9.95,41.30,36.98,83880,6.50,-46.64,10.45,125.03,125.03,6.49,49.58,33.06,1.03
688265,南模生物,35.23,36.08,36.08,48706900.0,-0.85,-2.36,36.38,35.01,1726,0.62,83.01,3.80,27.47,27.47,1.60,43.30,28.86,1.04
688266,泽璟制药-U,99.93,96.80,96.70,454274100.0,3.13,3.23,100.97,93.10,44116,1.72,53.12,8.13,264.52,264.52,15.44,116.16,77.44,1.44
688267,中触媒,33.22,34.52,34.52,429996500.0,-1.30,-3.77,34.80,32.36,14381,2.44,29.90,7.07,58.53,58.53,2.05,41.42,27.62,1.46
688268,华特气体,143.10,152.30,150.16,997762100.0,-9.20,-6.04,152.30,142.00,145407,8.10,141.29,6.76,176.26,176.38,9.39,182.76,121.84,1.24
688269,凯立新材,35.90,38.69,38.88,373641800.0,-2.79,-7.21,39.19,35.71,13699,2.86,34.63,8.99,46.92,46.92,4.26,46.43,30.95,1.41
688270,ST臻镭,118.68,130.78,129.10,1026743700.0,-12.10,-9.25,129.50,118.00,126296,4.80,169.24,8.79,254.04,254.04,11.07,156.94,104.62,1.06
688271,联影医疗,120.30,122.16,122.03,1030016100.0,-1.86,-1.52,122.16,118.30,123831,1.25,52.23,3.16,991.46,991.46,4.51,146.59,97.73,0.72
688272,富吉瑞,32.91,34.56,35.05,145248200.0,-1.65,-4.77,35.50,32.78,4951,1.91,-29.39,7.87,25.01,25.01,6.28,41.47,27.65,0.66
688273,麦澜德,41.22,44.63,44.56,210326800.0,-3.41,-7.64,44.87,41.00,9026,2.10,48.10,8.67,41.22,41.22,3.12,53.56,35.70,0.88
688275,万润新能,133.80,133.30,133.00,503382900.0,0.50,0.38,138.30,130.75,67439,3.99,171.37,5.66,168.75,168.75,3.06,159.96,106.64,1.20
688276,百克生物,15.95,15.71,15.70,288820500.0,0.24,1.53,16.01,15.54,4558,0.70,-24.70,2.99,65.98,65.98,1.72,18.85,12.57,1.40
688277,天智航-U,17.33,17.95,18.09,833286700.0,-0.62,-3.45,18.25,17.17,14568,1.83,-36.59,6.02,79.02,79.02,6.83,21.54,14.36,1.00
688278,XD特宝生,56.55,55.08,55.46,318479600.0,1.47,2.67,57.38,55.01,17916,0.78,22.77,4.30,230.83,230.83,6.83,66.10,44.06,1.08
688279,峰岹科技,216.94,234.40,238.86,281893600.0,-17.46,-7.45,239.28,212.01,61908,3.01,97.25,11.63,202.96,249.73,4.80,281.28,187.52,1.06
688280,精进电动-W,5.78,5.90,5.90,2133222700.0,-0.12,-2.03,6.15,5.77,12719,4.10,324.93,6.44,30.09,34.11,5.29,7.08,4.72,1.36
688281,华秦科技,75.50,80.10,80.56,380047200.0,-4.60,-5.74,80.98,75.00,29262,1.39,63.59,7.47,205.79,205.79,4.31,96.12,64.08,1.08
688282,理工导航,76.10,80.63,80.91,149915900.0,-4.53,-5.62,82.09,76.00,11607,1.70,-530.36,7.55,66.97,66.97,5.31,96.76,64.50,0.85
688283,坤恒顺维,37.83,41.90,42.21,240367900.0,-4.07,-9.71,42.21,37.73,9416,1.97,88.77,10.69,46.08,46.08,4.65,50.28,33.52,1.13
688285,高铁电气,8.08,8.29,8.23,416995700.0,-0.21,-2.53,8.32,8.03,3401,1.11,51.67,3.50,30.40,30.40,1.79,9.95,6.63,1.16
688286,敏芯股份,65.48,71.18,71.74,267320500.0,-5.70,-8.01,71.74,65.00,17988,4.77,161.14,9.47,36.71,36.71,3.46,85.42,56.94,1.18
688287,退市观典,0.35,0.37,0.37,779265100.0,-0.02,-5.41,0.37,0.34,275,2.10,-0.59,8.11,1.30,1.30,0.22,0.44,0.30,0.70
688288,鸿泉技术,21.04,21.58,21.58,202923200.0,-0.54,-2.50,21.89,20.89,4329,2.03,892.07,4.63,21.00,21.00,2.80,25.90,17.26,1.04
688289,圣湘生物,16.39,16.20,16.60,425097700.0,0.19,1.17,16.61,16.20,6945,0.73,60.51,2.53,94.96,94.96,1.33,19.44,12.96,1.01
688290,景业智能,62.36,68.38,68.04,224200600.0,-6.02,-8.80,68.52,61.72,14403,2.19,-220.88,9.94,63.73,63.73,4.76,82.06,54.70,1.03
688291,金橙子,47.38,52.50,53.55,527079900.0,-5.12,-9.75,53.69,47.08,25954,5.13,62.44,12.59,48.64,48.64,4.85,63.00,42.00,1.32
688292,浩瀚深度,23.00,24.71,24.81,634554400.0,-1.71,-6.92,25.50,22.70,14976,4.01,-155.01,11.33,36.42,36.42,3.74,29.65,19.77,0.82
688293,奥浦迈,43.61,44.58,45.18,105037000.0,-0.97,-2.18,45.18,43.22,4612,0.92,91.66,4.40,49.64,60.74,2.03,53.50,35.66,1.37
688295,中复神鹰,48.22,50.90,50.71,1243159100.0,-2.68,-5.27,51.58,47.85,60890,1.38,252.51,7.33,433.98,433.98,9.19,61.08,40.72,1.29
688296,和达科技,14.36,15.30,15.28,254558100.0,-0.94,-6.14,15.51,14.24,3747,2.37,-22.75,8.30,15.42,15.49,2.72,18.36,12.24,1.02
688297,中无人机,44.40,43.25,45.00,1480737900.0,1.15,2.66,47.03,44.28,67599,2.19,338.28,6.36,299.70,299.70,5.36,51.90,34.60,1.87
688298,东方生物,21.40,21.21,21.50,116091800.0,0.19,0.90,21.50,21.15,2472,0.58,-7.82,1.65,43.14,43.14,0.73,25.45,16.97,0.75
688299,长阳科技,16.58,18.79,18.79,1607750500.0,-2.21,-11.76,18.81,16.50,27888,5.59,-32.50,12.29,47.65,47.65,2.43,22.55,15.03,1.39
688300,联瑞新材,167.69,161.22,159.67,1383569700.0,6.47,4.01,178.00,154.00,232461,5.73,134.42,14.89,404.92,404.92,22.79,193.46,128.98,1.08
688301,奕瑞科技,202.00,205.77,207.49,1108563000.0,-3.77,-1.83,214.60,199.50,227295,5.24,62.29,7.34,427.13,427.13,6.86,246.92,164.62,1.00
688302,海创药业-U,39.74,39.68,39.50,131261800.0,0.06,0.15,40.68,38.69,5211,1.33,-29.14,5.02,39.35,39.35,3.81,47.62,31.74,0.91
688303,大全能源,19.47,19.41,19.40,2739268800.0,0.06,0.31,20.50,18.90,53894,1.28,-30.44,8.24,417.67,417.67,1.09,23.29,15.53,1.71
688305,科德数控,62.03,65.35,66.66,517533100.0,-3.32,-5.08,66.91,60.91,32449,3.91,91.55,9.18,82.01,82.44,4.29,78.42,52.28,0.95
688306,均普智能,9.29,10.04,10.02,2202406800.0,-0.75,-7.47,10.12,9.25,21024,1.79,1411.96,8.67,114.11,114.11,6.52,12.05,8.03,1.01
688307,中润光学,71.99,78.13,78.38,647293300.0,-6.14,-7.86,80.00,71.49,48272,5.21,132.26,10.89,89.47,89.47,10.14,93.76,62.50,0.86
688308,欧科亿,147.15,157.55,157.19,1611171600.0,-10.40,-6.60,170.88,145.35,252701,10.15,77.92,16.20,233.65,233.65,8.25,189.06,126.04,0.82
688309,恒誉环保,69.20,69.24,68.82,240319600.0,-0.04,-0.06,71.30,65.92,16397,3.03,81.18,7.77,54.95,54.95,6.76,83.09,55.39,1.27
688310,迈得医疗,17.00,17.59,17.58,604613400.0,-0.59,-3.35,17.75,16.76,10390,3.68,49.26,5.63,27.94,27.94,3.42,21.11,14.07,0.83
688311,盟升电子,27.94,30.16,30.01,510642600.0,-2.22,-7.36,30.15,27.80,14602,2.94,-292.05,7.79,48.56,48.56,2.73,36.19,24.13,1.24
688312,燕麦科技,87.00,88.66,91.00,859876300.0,-1.66,-1.87,94.30,85.53,77102,5.86,93.58,9.89,127.64,127.64,8.24,106.39,70.93,1.11
688313,仕佳光子,162.69,163.78,167.01,2607092800.0,-1.09,-0.67,168.40,158.00,423276,5.77,186.06,6.35,735.34,735.34,44.34,196.54,131.02,0.69
688314,康拓医疗,40.80,39.50,40.30,266521700.0,1.30,3.29,42.33,39.23,10857,3.28,37.74,7.85,33.15,33.15,4.67,47.40,31.60,2.54
688315,诺禾致源,14.14,14.90,15.04,569877400.0,-0.76,-5.10,15.28,14.08,8184,1.37,36.21,8.05,58.85,58.85,2.20,17.88,11.92,1.12
688316,青云科技-U,61.86,66.92,66.81,308180300.0,-5.06,-7.56,67.92,61.58,19657,6.43,-51.55,9.47,29.63,29.63,55.76,80.30,53.54,0.86
688317,之江生物,22.20,22.53,22.78,854628100.0,-0.33,-1.46,23.47,21.80,19285,4.45,-97.42,7.41,42.66,42.66,1.29,27.04,18.02,0.82
688318,财富趋势,112.00,117.84,118.19,501758100.0,-5.84,-4.96,120.20,111.25,58074,1.96,94.53,7.60,286.85,286.85,7.41,141.41,94.27,0.98
688319,欧林生物,35.15,36.75,36.50,1040550100.0,-1.60,-4.35,37.50,35.00,37290,2.57,252.30,6.80,142.50,142.61,15.32,44.10,29.40,1.22
688320,禾川科技,36.20,38.59,38.50,572414000.0,-2.39,-6.19,38.75,35.82,21132,3.79,-50.28,7.59,54.67,54.67,4.51,46.31,30.87,0.80
688321,微芯生物,27.15,27.63,27.73,923387200.0,-0.48,-1.74,28.00,27.03,25254,2.26,122.23,3.51,110.72,120.26,4.94,33.16,22.10,1.01
688322,奥比中光-W,111.47,111.24,112.44,2302843900.0,0.23,0.21,117.50,110.04,261222,7.23,332.23,6.71,355.23,447.16,14.93,133.49,88.99,0.87
688323,瑞华泰,30.66,33.00,33.00,2444571900.0,-2.34,-7.09,33.20,29.00,74738,13.58,-57.15,12.73,55.19,55.19,7.71,39.60,26.40,1.06
688325,赛微微电,110.19,109.70,108.60,189607600.0,0.49,0.45,113.50,105.00,20717,2.28,102.12,7.75,91.66,94.92,5.35,131.64,87.76,1.08
688326,经纬恒润-W,81.30,87.50,88.00,312668300.0,-6.20,-7.09,88.88,80.67,26066,2.80,228.20,9.38,90.75,97.51,2.47,105.00,70.00,1.12
688327,云从科技-UW,13.91,14.83,14.99,5136620900.0,-0.92,-6.20,15.15,13.75,73779,6.16,-32.49,9.44,115.93,144.46,19.20,17.80,11.86,1.07
688328,深科达,78.51,77.60,77.70,956663800.0,0.91,1.17,84.60,75.55,77417,10.13,199.45,11.66,74.16,74.16,8.82,93.12,62.08,1.25
688329,艾隆科技,23.67,24.68,24.68,175595500.0,-1.01,-4.09,25.29,23.58,4257,2.27,190.03,6.93,18.27,18.27,2.42,29.62,19.74,0.63
688330,宏力达,37.78,39.57,39.28,210840700.0,-1.79,-4.52,39.28,37.50,8063,1.51,8.38,4.50,52.89,52.89,1.20,47.48,31.66,0.86
688331,荣昌生物,116.03,108.95,109.99,1688670400.0,7.08,6.50,116.03,106.10,188225,10.35,50.70,9.11,189.24,654.96,16.67,130.74,87.16,1.90
688332,中科蓝讯,94.47,101.27,100.20,612179100.0,-6.80,-6.71,102.33,93.55,59730,3.43,12.36,8.67,168.62,168.62,3.35,121.52,81.02,1.10
688333,铂力特,95.01,106.20,108.00,2109404100.0,-11.19,-10.54,108.00,95.00,211472,7.69,110.66,12.24,260.63,260.63,5.21,127.44,84.96,1.15
688334,西高院,19.31,19.88,19.90,248252100.0,-0.57,-2.87,19.97,19.22,4835,1.58,24.24,3.77,30.30,61.13,2.10,23.86,15.90,0.89
688335,复洁科技,28.68,28.51,28.94,454758700.0,0.17,0.60,29.56,27.73,12998,3.07,-1142.70,6.42,42.46,42.46,3.75,34.21,22.81,0.78
688336,三生国健,64.44,59.29,59.30,810076300.0,5.15,8.69,66.90,58.01,50707,1.31,13.39,14.99,397.46,398.29,4.62,71.15,47.43,1.96
688337,普源精电,60.14,68.14,70.99,1156418700.0,-8.00,-11.74,71.50,59.48,73260,6.22,110.57,17.64,111.81,116.60,3.67,81.77,54.51,1.43
688338,赛科希德,25.99,26.60,26.60,75922600.0,-0.61,-2.29,27.11,25.81,1988,0.72,32.16,4.89,27.59,27.59,1.61,31.92,21.28,0.80
688339,亿华通-U,21.87,23.31,23.31,521973200.0,-1.44,-6.18,23.50,21.82,11624,2.67,-8.36,7.21,42.82,52.60,2.73,27.97,18.65,1.17
688343,云天励飞-U,68.55,73.40,73.98,1304333300.0,-4.85,-6.61,74.44,67.89,91349,3.63,-52.39,8.92,246.51,246.51,6.63,88.08,58.72,1.14
688345,博力威,52.40,55.02,55.02,283457100.0,-2.62,-4.76,56.00,51.50,14929,2.83,74.44,8.18,52.40,53.00,4.58,66.02,44.02,0.63
688347,华虹公司,236.68,249.65,250.36,3922132600.0,-12.97,-5.20,252.83,232.30,946782,9.62,833.51,8.22,965.06,4112.63,9.09,299.58,199.72,0.86
688348,昱能科技,41.15,43.90,43.11,338380500.0,-2.75,-6.26,43.88,41.03,14140,2.17,-28.60,6.49,64.31,64.31,1.92,52.68,35.12,1.18
688349,三一重能,20.94,21.30,21.45,781903600.0,-0.36,-1.69,21.51,20.82,16475,0.66,23.72,3.24,249.08,256.81,1.79,25.56,17.04,1.11
688350,富淼科技,36.04,37.76,37.73,505135800.0,-1.72,-4.56,37.73,35.35,18270,3.53,178.88,6.30,51.63,51.63,2.79,45.31,30.21,0.97
688351,微电生理,24.68,25.79,25.91,832693800.0,-1.11,-4.30,26.19,24.50,20793,1.77,186.44,6.55,116.14,116.14,6.43,30.95,20.63,0.85
688352,颀中科技,19.48,18.67,19.02,6138432900.0,0.81,4.34,19.93,18.60,118721,16.78,-408.16,7.12,71.27,231.63,3.98,22.40,14.94,1.10
688353,华盛锂电,85.04,88.44,88.40,414013800.0,-3.40,-3.84,90.60,84.74,35809,2.60,88.45,6.63,135.64,135.64,3.84,106.13,70.75,0.99
688355,明志科技,19.45,20.69,20.68,242497400.0,-1.24,-5.99,20.88,19.20,4788,1.96,34.49,8.12,24.11,24.11,2.18,24.83,16.55,0.95
688356,键凯科技,75.60,76.69,77.33,96959400.0,-1.09,-1.42,78.39,74.58,7342,1.60,63.48,4.97,45.85,45.85,3.42,92.03,61.35,1.04
688357,建龙微纳,29.70,32.08,32.28,241382400.0,-2.38,-7.42,32.29,29.33,7290,2.41,33.19,9.23,29.72,29.72,1.69,38.50,25.66,1.80
688358,祥生医疗,32.91,34.03,34.00,295911600.0,-1.12,-3.29,34.99,32.69,10007,2.64,30.52,6.76,36.85,36.90,2.60,40.84,27.22,0.86
688359,三孚新科,133.93,134.10,136.78,398313500.0,-0.17,-0.13,141.78,132.18,54479,4.03,-274.65,7.16,132.25,132.25,21.05,160.92,107.28,0.96
688360,德马科技,22.24,23.79,23.56,1191297100.0,-1.55,-6.52,23.98,21.85,26986,4.72,58.32,8.95,56.11,58.66,3.94,28.55,19.03,0.57
688361,中科飞测,217.89,232.70,232.70,1420668500.0,-14.81,-6.36,233.33,210.00,310899,4.06,13501.51,10.03,762.97,762.97,15.04,279.24,186.16,1.13
688362,甬矽电子,64.05,74.11,72.05,4725162600.0,-10.06,-13.57,72.60,63.78,321730,11.51,313.99,11.90,262.92,262.92,10.08,88.93,59.29,0.82
688363,华熙生物,36.78,35.59,35.64,551170500.0,1.19,3.34,37.30,35.33,20080,1.14,69.52,5.54,177.16,177.16,2.48,42.71,28.47,1.58
688365,光云科技,18.10,18.64,19.00,1469567100.0,-0.54,-2.90,19.43,18.03,27484,3.45,-1084.09,7.51,77.07,77.07,8.07,22.37,14.91,1.05
688366,昊海生科,34.46,33.43,33.36,85577900.0,1.03,3.08,34.48,33.36,2916,0.44,33.83,3.35,66.87,79.25,1.46,40.12,26.74,1.62
688367,工大高科,34.21,35.61,35.01,204297100.0,-1.40,-3.93,35.77,33.97,7074,2.33,369.16,5.05,29.98,29.98,5.04,42.73,28.49,0.99
688368,晶丰明源,218.00,242.10,239.20,487486900.0,-24.10,-9.95,246.21,213.00,109574,5.51,401.89,13.72,192.93,317.66,6.31,290.52,193.68,1.01
688369,致远互联,21.24,21.99,22.22,457588900.0,-0.75,-3.41,22.40,21.10,9837,3.97,-10.65,5.91,24.47,24.47,3.20,26.39,17.59,1.24
688370,丛麟科技,22.66,23.56,23.61,86558700.0,-0.90,-3.82,23.67,22.57,1988,0.63,107.72,4.67,31.07,31.07,1.16,28.27,18.85,0.63
688371,菲沃泰,35.99,38.26,38.10,1163601900.0,-2.27,-5.93,38.29,35.25,42752,3.47,4495.53,7.95,120.74,120.74,6.18,45.91,30.61,0.53
688372,伟测科技,152.80,169.32,172.00,1195397000.0,-16.52,-9.76,172.90,151.00,191997,7.13,73.63,12.93,256.34,256.34,6.14,203.18,135.46,1.25
688373,盟科药业-U,4.68,4.74,4.77,1052870100.0,-0.06,-1.27,4.79,4.63,4938,1.74,-15.25,3.38,28.34,30.71,16.88,5.69,3.79,1.01
688375,国博电子,91.00,97.59,97.36,712906600.0,-6.59,-6.75,97.98,89.66,65838,1.20,120.30,8.53,542.37,542.37,8.39,117.11,78.07,1.35
688376,美埃科技,69.72,75.00,74.90,252954000.0,-5.28,-7.04,74.90,68.50,17773,1.87,85.06,8.53,94.30,94.30,4.82,90.00,60.00,1.05
688377,迪威尔,27.31,28.58,28.60,356035700.0,-1.27,-4.44,28.80,27.00,9881,1.52,55.25,6.30,63.79,63.79,3.41,34.30,22.86,1.13
688378,奥来德,41.75,45.97,46.15,1816260000.0,-4.22,-9.18,46.38,41.46,78812,7.54,85.98,10.70,100.60,109.15,5.31,55.16,36.78,1.57
688379,华光新材,69.62,74.26,74.61,458879300.0,-4.64,-6.25,75.50,68.40,32801,5.09,50.98,9.56,62.72,66.12,4.71,89.11,59.41,0.96
688380,中微半导,46.00,48.48,48.75,1317151200.0,-2.48,-5.12,48.86,44.80,60708,3.29,61.18,8.37,184.17,184.17,5.92,58.18,38.78,0.90
688381,帝奥微,44.92,46.63,47.51,1826975500.0,-1.71,-3.67,49.99,44.00,84988,7.38,-107.91,12.85,111.18,111.18,4.43,55.96,37.30,0.93
688382,益方生物-U,19.50,18.90,19.63,1847230000.0,0.60,3.17,20.26,18.22,35560,3.19,-37.13,10.79,112.78,112.78,7.54,22.68,15.12,1.66
688383,新益昌,136.28,153.00,153.00,421711900.0,-16.72,-10.93,153.50,135.00,59711,4.15,-117.83,12.09,138.52,138.52,11.03,183.60,122.40,1.25
688385,复旦微电,60.41,67.84,68.42,3220558400.0,-7.43,-10.95,68.50,60.01,201821,5.97,203.55,12.51,325.85,497.61,7.92,81.41,54.27,1.36
688386,泛亚微透,78.43,83.50,83.50,231204300.0,-5.07,-6.07,83.50,77.66,18433,2.54,76.11,6.99,71.37,78.12,5.15,100.20,66.80,0.70
688387,信科移动-U,16.14,17.86,17.35,11027907700.0,-1.72,-9.63,17.44,15.70,180638,5.47,-228.57,9.74,325.51,551.79,9.40,21.43,14.29,1.79
688388,嘉元科技,48.75,47.07,47.50,5346252000.0,1.68,3.57,51.25,47.50,264815,11.73,145.11,7.97,222.14,222.14,2.74,56.48,37.66,1.83
688389,普门科技,11.76,11.76,11.66,185457700.0,0.00,0.00,11.95,11.66,2183,0.43,30.91,2.47,50.39,50.39,2.48,14.11,9.41,0.74
688390,固德威,140.40,149.17,147.37,840059200.0,-8.77,-5.88,147.68,139.50,119267,3.46,129.06,5.48,341.26,341.26,12.00,179.00,119.34,0.94
688391,钜泉科技,31.22,34.45,34.73,428689600.0,-3.23,-9.38,34.73,30.91,13800,3.72,95.07,11.09,35.96,35.96,1.93,41.34,27.56,1.44
688392,骄成超声,155.92,158.25,160.00,448171600.0,-2.33,-1.47,162.44,153.16,70329,3.87,125.12,5.86,180.45,180.45,9.72,189.90,126.60,0.87
688393,安必平,21.48,22.08,22.37,152258700.0,-0.60,-2.72,22.80,21.40,3331,1.63,-53.18,6.34,20.10,20.10,1.70,26.50,17.66,1.02
688395,正弦电气,26.20,28.23,28.11,310450600.0,-2.03,-7.19,28.43,25.88,8310,3.58,52.89,9.03,22.69,22.69,2.86,33.88,22.58,1.29
688396,华润微,64.09,69.80,69.40,5657791700.0,-5.71,-8.18,69.74,63.50,373409,4.26,93.82,8.94,851.25,851.25,3.68,83.76,55.84,1.12
688398,赛特新材,30.73,31.70,31.70,378380300.0,-0.97,-3.06,33.48,30.44,11967,2.25,348.24,9.59,51.57,51.57,5.01,38.04,25.36,0.92
688399,硕世生物,53.09,55.33,55.00,129511100.0,-2.24,-4.05,55.65,52.60,6933,1.54,-135.86,5.51,44.53,44.53,1.51,66.40,44.26,0.98
688400,凌云光,61.43,64.93,64.91,2490311500.0,-3.50,-5.39,67.88,60.84,156834,5.40,85.05,10.84,283.18,294.39,5.16,77.92,51.94,1.04
688401,路维光电,79.06,86.54,85.17,1098037100.0,-7.48,-8.64,89.38,77.77,90803,5.68,56.39,13.42,152.86,152.86,9.13,103.85,69.23,1.07
688403,汇成股份,21.10,22.50,22.50,7976379800.0,-1.40,-6.22,22.90,20.85,173141,8.05,206.34,9.11,209.09,209.09,5.28,27.00,18.00,0.90
688408,中信博,35.19,37.19,37.19,507130900.0,-2.00,-5.38,37.19,34.92,18063,2.31,-45.68,6.10,77.09,77.09,1.90,44.63,29.75,0.98
688409,富创精密,150.51,163.37,166.64,819111800.0,-12.86,-7.87,166.95,148.52,126157,2.67,644.67,11.28,460.88,460.88,10.20,196.04,130.70,0.97
688410,山外山,16.90,17.89,17.72,856934900.0,-0.99,-5.53,17.94,16.77,14735,2.68,33.06,6.54,54.01,54.01,2.94,21.47,14.31,0.77
688411,海博思创,276.00,297.25,297.30,956483500.0,-21.25,-7.15,298.00,271.80,269300,7.21,47.46,8.81,365.91,503.58,10.03,356.70,237.80,0.93
688416,恒烁股份,120.92,130.94,131.20,595474300.0,-10.02,-7.65,133.19,119.67,74641,7.16,-410.08,10.33,100.58,100.58,7.54,157.13,104.75,0.99
688418,震有科技,47.50,52.95,53.00,1093453000.0,-5.45,-10.29,53.88,47.38,54501,5.68,-80.74,12.28,91.46,91.46,11.20,63.54,42.36,1.52
688419,耐科装备,52.56,58.66,58.08,443271700.0,-6.10,-10.40,58.21,51.00,23997,3.87,83.79,12.29,60.21,60.21,5.72,70.39,46.93,0.62
688420,美腾科技,24.52,25.72,25.72,113955800.0,-1.20,-4.67,26.19,24.44,2858,2.73,-474.28,6.80,10.23,21.68,1.52,30.86,20.58,0.71
688425,铁建重工,4.45,4.45,4.45,1872572600.0,0.00,0.00,4.50,4.44,8370,0.35,16.96,1.35,237.34,237.34,1.26,5.34,3.56,0.88
688426,康为世纪,18.58,19.03,19.03,152938500.0,-0.45,-2.36,19.52,18.50,2866,1.36,-20.90,5.36,20.85,20.90,1.56,22.84,15.22,1.03
688428,诺诚健华,24.45,24.45,24.86,1287609300.0,0.00,0.00,25.26,23.70,31476,4.80,59.08,6.38,65.61,431.46,5.87,29.34,19.56,1.52
688429,时创能源,12.01,12.54,12.50,324241600.0,-0.53,-4.23,12.70,11.87,3930,2.71,-17.58,6.62,14.39,48.04,3.73,15.05,10.03,1.06
688432,有研硅,19.09,20.60,20.50,3476502200.0,-1.51,-7.33,20.56,18.89,67579,2.78,114.39,8.11,238.68,238.68,5.29,24.72,16.48,1.06
688433,华曙高科,93.60,101.71,102.00,770056100.0,-8.11,-7.97,102.95,91.82,73403,1.85,608.24,10.94,388.98,388.98,18.29,122.05,81.37,0.84
688435,英方软件,37.45,40.10,40.80,287822900.0,-2.65,-6.61,41.79,37.31,11210,5.14,-215.36,11.17,20.99,31.27,2.89,48.12,32.08,1.06
688439,振华风光,50.78,55.01,55.50,609026500.0,-4.23,-7.69,55.50,50.59,32100,3.05,74.39,8.93,101.56,101.56,2.02,66.01,44.01,1.48
688443,智翔金泰-U,26.80,29.51,31.27,1315143200.0,-2.71,-9.18,31.28,26.53,36668,11.27,-17.41,16.10,31.27,98.27,6.85,35.41,23.61,2.98
688448,磁谷科技,71.70,70.80,71.50,252790300.0,0.90,1.27,74.90,70.00,18209,3.50,545.51,6.92,51.82,51.82,5.09,84.96,56.64,1.57
688449,联芸科技,75.85,79.28,80.80,1627089000.0,-3.43,-4.33,82.17,75.00,126808,5.55,198.45,9.04,222.40,348.91,18.10,95.14,63.42,0.65
688450,光格科技,47.25,47.13,47.14,155752400.0,0.12,0.25,48.86,45.20,7289,3.18,-54.18,7.77,23.12,31.18,3.33,56.56,37.70,0.77
688455,科捷智能,20.50,22.23,22.23,382973900.0,-1.73,-7.78,22.43,20.33,8103,2.28,114.70,9.45,34.45,34.45,3.74,26.68,17.78,0.79
688456,有研粉材,77.10,90.46,90.93,1166749000.0,-13.36,-14.77,90.93,76.49,94832,11.26,88.92,15.96,79.92,79.92,6.21,108.55,72.37,1.39
688458,美芯晟,39.43,43.34,43.72,623216600.0,-3.91,-9.02,43.72,39.20,25299,6.65,-190.10,10.43,36.96,43.98,2.42,52.01,34.67,0.79
688459,哈铁科技,8.41,8.52,8.51,149643200.0,-0.11,-1.29,8.60,8.38,1261,0.31,42.31,2.58,40.37,40.37,1.17,10.22,6.82,1.25
688466,金科环境,16.21,16.78,16.80,154967000.0,-0.57,-3.40,17.15,16.17,2573,1.27,69.36,5.84,19.80,19.80,1.72,20.14,13.42,0.96
688468,科美诊断,6.62,6.68,6.73,257066900.0,-0.06,-0.90,6.73,6.55,1707,0.64,69.27,2.69,26.55,26.55,1.87,8.02,5.34,0.84
688469,芯联集成-U,8.06,8.98,8.93,46867356200.0,-0.92,-10.24,9.06,7.95,390867,7.98,-134.87,12.36,473.11,675.64,5.21,10.78,7.18,1.38
688472,阿特斯,13.25,14.03,14.30,6548616300.0,-0.78,-5.56,14.35,13.16,88566,4.86,32.44,8.48,178.56,482.72,2.04,16.84,11.22,1.04
688475,萤石网络,28.23,29.47,29.88,435105700.0,-1.24,-4.21,29.88,28.12,12454,0.55,36.37,5.97,222.31,222.31,3.93,35.36,23.58,1.02
688478,晶升股份,66.12,71.67,72.03,1131639400.0,-5.55,-7.74,77.75,65.00,79824,8.18,-205.33,17.79,91.49,91.49,6.10,86.00,57.34,1.05
688479,友车科技,41.83,43.64,45.50,418520600.0,-1.81,-4.15,47.30,41.40,18606,6.72,126.36,13.52,26.07,60.37,3.20,52.37,34.91,2.12
688480,赛恩斯,98.31,103.52,103.60,271532300.0,-5.21,-5.03,105.28,97.35,27394,2.85,77.74,7.66,93.72,93.72,7.77,124.22,82.82,1.00
688484,南芯科技,42.00,46.46,47.44,1731619500.0,-4.46,-9.60,47.77,41.68,74756,4.05,100.66,13.11,179.62,179.62,4.30,55.75,37.17,1.22
688485,九州一轨,53.31,55.89,56.00,855911000.0,-2.58,-4.62,61.19,52.90,48432,9.64,-626.95,14.83,47.32,80.12,6.41,67.07,44.71,1.05
688486,龙迅股份,73.86,80.29,81.36,570819400.0,-6.43,-8.01,82.32,73.43,43694,4.27,54.42,11.07,98.77,98.77,6.13,96.35,64.23,1.22
688488,艾迪药业,15.52,15.20,15.14,1192562100.0,0.32,2.11,15.85,14.89,18405,2.83,-237.41,6.32,65.31,65.31,6.70,18.24,12.16,1.70
688489,三未信安,25.39,27.40,27.41,206207300.0,-2.01,-7.34,27.80,25.17,5380,1.23,-133.51,9.60,42.73,43.06,2.38,32.88,21.92,1.17
688496,*ST清越,0.97,1.07,1.03,1743245000.0,-0.10,-9.35,1.06,0.96,1745,7.33,-3.79,9.35,2.31,4.37,0.49,1.28,0.86,1.05
688498,源杰科技,1132.79,1142.18,1172.00,549367900.0,-9.39,-0.82,1188.88,1090.02,619181,4.47,396.11,8.66,1392.11,1410.33,57.22,1370.62,913.74,0.93
688499,利元亨,57.30,61.04,61.50,1246810900.0,-3.74,-6.13,61.88,57.00,73411,7.39,167.96,7.99,96.68,96.68,4.13,73.25,48.83,1.36
688500,慧辰股份,51.71,56.86,56.80,339584700.0,-5.15,-9.06,57.09,51.25,18197,4.63,-78.33,10.27,37.91,38.94,5.36,68.23,45.49,0.86
688501,青达环保,20.72,21.85,21.88,173970300.0,-1.13,-5.17,21.95,20.40,3656,1.40,19.14,7.09,25.74,25.74,2.24,26.22,17.48,0.72
688502,茂莱光学,452.00,483.50,480.13,177327800.0,-31.50,-6.51,485.86,450.00,82191,3.36,1284.38,7.42,238.66,238.66,20.01,580.20,386.80,0.83
688503,聚和材料,91.80,100.76,100.00,1721756600.0,-8.96,-8.89,101.89,91.19,163369,8.57,35.86,10.62,184.44,222.19,4.19,120.91,80.61,1.27
688505,复旦张江,7.16,7.32,7.27,445179100.0,-0.16,-2.19,7.33,7.12,3204,0.63,-48.70,2.87,50.88,74.22,3.49,8.78,5.86,1.17
688506,百利天恒,238.57,219.60,222.90,500183800.0,18.97,8.64,244.00,218.89,116769,1.21,-75.96,11.43,984.99,984.99,17.45,263.52,175.68,2.19
688507,索辰科技,160.00,195.35,189.99,1331120700.0,-35.35,-18.10,189.99,157.67,229043,27.04,1080.73,16.54,78.78,142.57,5.15,234.42,156.28,1.11
688508,芯朋微,97.03,95.76,97.67,1552271700.0,1.27,1.33,103.00,89.76,149703,11.72,80.83,13.83,128.49,128.49,4.58,114.91,76.61,1.49
688509,正元地信,4.57,4.74,4.76,1455780800.0,-0.17,-3.59,4.81,4.54,6790,3.78,-20.00,5.70,17.59,35.19,3.19,5.69,3.79,0.85
688510,航亚科技,25.60,27.89,27.87,925823000.0,-2.29,-8.21,27.87,25.40,24152,3.57,72.77,8.86,66.44,66.44,5.65,33.47,22.31,1.34
688511,天微电子,24.38,25.89,25.96,340678000.0,-1.51,-5.83,26.14,24.15,8530,2.55,137.73,7.69,32.59,32.59,3.97,31.07,20.71,0.59
688512,慧智微-U,13.84,15.26,15.23,3453727400.0,-1.42,-9.31,15.30,13.70,49201,10.64,-21.61,10.48,44.92,64.61,4.07,18.31,12.21,0.88
688513,苑东生物,53.08,51.46,52.26,155350900.0,1.62,3.15,53.08,50.90,8091,0.88,34.16,4.24,93.70,93.70,3.14,61.75,41.17,0.78
688515,裕太微-U,191.53,206.01,206.00,453116400.0,-14.48,-7.03,207.50,189.53,88780,9.10,-131.78,8.72,95.42,153.22,10.45,247.21,164.81,0.85
688516,奥特维,64.49,70.32,70.50,1293271000.0,-5.83,-8.29,71.05,64.16,85823,4.11,51.12,9.80,202.99,203.36,5.53,84.38,56.26,1.14
688517,金冠电气,22.67,23.36,23.00,472190800.0,-0.69,-2.95,24.50,22.50,11065,3.46,40.73,8.56,30.97,30.97,3.83,28.03,18.69,1.07
688518,联赢激光,27.66,30.66,30.68,3172435100.0,-3.00,-9.78,30.77,27.39,90370,9.29,56.78,11.02,94.41,94.41,2.86,36.79,24.53,1.17
688519,南亚新材,239.00,233.00,234.66,881861900.0,6.00,2.58,255.00,226.01,212864,3.76,151.92,12.44,561.10,561.10,19.96,279.60,186.40,0.94
688520,神州细胞,38.25,38.28,38.18,219835000.0,-0.03,-0.08,39.12,37.27,8384,0.49,-22.37,4.83,170.34,179.90,254.02,45.94,30.62,0.98
688521,芯原股份,246.84,264.95,260.01,2204120400.0,-18.11,-6.84,264.95,241.77,555475,4.19,-200.24,8.75,1298.17,1298.17,41.25,317.94,211.96,0.92
688522,纳睿雷达,30.34,32.09,31.98,425041800.0,-1.75,-5.45,32.23,30.09,13116,3.45,80.48,6.67,37.35,91.93,3.93,38.51,25.67,1.18
688523,航天环宇,56.43,62.77,62.77,828806500.0,-6.34,-10.10,62.82,56.00,48279,8.59,586.02,10.87,54.46,229.60,13.66,75.32,50.22,1.42
688525,佰维存储,327.37,323.62,326.00,4159000000.0,3.75,1.16,339.88,313.00,1365493,8.83,39.03,8.31,1541.38,1541.38,17.83,388.34,258.90,1.11
688526,科前生物,13.15,13.04,13.00,89119900.0,0.11,0.84,13.24,12.94,1168,0.19,15.73,2.30,61.30,61.30,1.53,15.65,10.43,0.66
688528,秦川物联,11.36,11.97,12.05,310716600.0,-0.61,-5.10,12.17,11.21,3629,1.85,-17.42,8.02,19.08,19.08,4.29,14.36,9.58,0.75
688529,豪森智能,18.27,19.53,19.40,277516600.0,-1.26,-6.45,19.73,18.11,5188,1.65,-3.06,8.29,30.73,30.73,3.10,23.44,15.62,1.20
688530,欧莱新材,49.61,52.00,52.07,788851200.0,-2.39,-4.60,52.58,48.52,39567,11.31,4207.37,7.81,34.62,79.40,9.37,62.40,41.60,0.99
688531,日联科技,178.70,191.48,192.28,713034100.0,-12.78,-6.67,195.00,177.00,131624,6.21,160.07,9.40,205.11,295.92,8.66,229.78,153.18,0.77
688533,上声电子,24.88,26.03,26.03,115475900.0,-1.15,-4.42,26.23,24.85,2921,0.70,22.86,5.30,41.05,41.05,2.31,31.24,20.82,0.82
688535,华海诚科,120.19,129.03,130.56,952543600.0,-8.84,-6.85,132.13,119.39,119009,7.98,558.16,9.87,143.38,170.63,7.96,154.84,103.22,0.78
688536,思瑞浦,309.01,330.22,330.00,548467500.0,-21.21,-6.42,330.02,306.98,173378,4.04,162.34,6.98,419.17,426.67,6.71,396.26,264.18,0.81
688538,和辉光电-U,2.35,2.50,2.49,22493289400.0,-0.15,-6.00,2.50,2.35,53947,3.91,-16.78,6.00,135.18,324.52,4.27,3.00,2.00,1.21
688539,高华科技,33.16,36.36,36.47,359313800.0,-3.20,-8.80,36.50,32.83,12269,1.93,117.47,10.09,61.65,61.65,3.51,43.63,29.09,1.33
688543,国科军工,43.25,45.57,45.88,583435400.0,-2.32,-5.09,46.00,42.98,25743,4.19,45.61,6.63,60.18,108.39,4.80,54.68,36.46,1.37
688545,兴福电子,75.20,80.74,79.90,1419120000.0,-5.54,-6.86,81.44,74.21,109915,7.79,124.42,8.95,137.05,270.72,8.97,96.89,64.59,0.87
688548,广钢气体,27.70,29.29,29.30,3239807800.0,-1.59,-5.43,29.49,27.20,90569,4.69,113.85,7.82,191.46,365.47,6.00,35.15,23.43,1.09
688549,中巨芯-U,14.35,15.50,15.72,8793073800.0,-1.15,-7.42,15.99,14.20,132086,14.92,-2346.14,11.55,84.57,211.99,7.04,18.60,12.40,1.02
688550,瑞联新材,46.50,53.18,53.03,1460806500.0,-6.68,-12.56,53.50,45.00,68825,8.40,26.31,15.98,80.84,80.84,2.54,63.82,42.54,1.62
688551,科威尔,68.00,72.10,72.26,630510300.0,-4.10,-5.69,73.80,67.33,44298,7.50,112.42,8.97,57.17,57.17,4.34,86.52,57.68,0.94
688552,航天南湖,31.30,32.95,32.60,381884900.0,-1.65,-5.01,33.20,30.87,12116,1.13,-369.97,7.07,105.56,105.56,4.09,39.54,26.36,1.14
688553,汇宇制药-W,17.72,17.89,17.94,640599700.0,-0.17,-0.95,18.18,17.41,11343,1.86,333.10,4.30,60.88,75.06,1.99,21.47,14.31,0.91
688555,退市泽达,1.12,1.12,0.00,0.0,0.00,0.00,0.00,0.00,0,0.00,-2.37,0.00,0.47,0.93,0.12,-1,-1,0.00
688556,高测股份,11.93,13.01,13.12,5069109300.0,-1.08,-8.30,13.34,11.80,62605,6.10,-594.45,11.84,99.11,99.11,2.55,15.61,10.41,1.11
688557,兰剑智能,31.17,32.62,32.99,122042600.0,-1.45,-4.45,32.99,30.91,3847,1.19,28.83,6.38,32.01,32.01,2.61,39.14,26.10,0.77
688558,XD国盛智,34.40,35.72,36.00,319222600.0,-1.32,-3.70,36.39,34.11,11151,2.42,27.74,6.38,45.41,45.41,2.74,42.86,28.58,0.96
688559,海目星,63.53,69.26,70.10,1383519100.0,-5.73,-8.27,71.43,63.01,90653,5.58,-23.65,12.16,157.40,157.40,6.50,83.11,55.41,1.12
688560,明冠新材,14.50,15.57,15.57,584573600.0,-1.07,-6.87,15.67,14.45,8668,2.90,-21.70,7.84,29.19,29.19,1.14,18.68,12.46,1.07
688561,奇安信-U,26.79,28.01,28.12,755088300.0,-1.22,-4.36,28.36,26.66,20517,1.11,-14.53,6.07,182.78,182.78,2.59,33.61,22.41,0.98
688562,航天软件,17.14,17.45,17.59,603488100.0,-0.31,-1.78,18.19,17.04,10548,1.51,-268.96,6.59,68.56,68.56,4.11,20.94,13.96,1.11
688563,航材股份,51.96,54.16,54.02,380138800.0,-2.20,-4.06,54.52,51.61,20038,3.25,44.92,5.37,60.79,233.82,2.24,64.99,43.33,0.86
688565,力源科技,11.21,11.43,11.39,483658800.0,-0.22,-1.92,11.65,10.94,5436,3.23,253.94,6.21,16.78,16.78,3.38,13.72,9.14,1.28
688566,吉贝尔,25.13,24.81,24.99,103566300.0,0.32,1.29,25.54,24.69,2608,0.52,19.73,3.43,50.12,50.12,2.02,29.77,19.85,0.98
688567,孚能科技,13.01,13.83,13.83,2426886900.0,-0.82,-5.93,13.93,12.90,32078,1.99,-21.66,7.45,159.00,159.00,1.74,16.60,11.06,1.08
688568,中科星图,48.67,50.63,50.65,1456956300.0,-1.96,-3.87,50.85,47.30,70743,1.80,-280.52,7.01,393.29,393.29,10.82,60.76,40.50,1.20
688569,铁科轨道,19.19,19.32,19.45,44921600.0,-0.13,-0.67,19.45,19.16,866,0.21,24.15,1.50,40.43,40.43,1.39,23.18,15.46,0.47
688570,天玛智控,15.92,16.34,16.16,226318900.0,-0.42,-2.57,16.37,15.85,3626,1.20,122.19,3.18,29.96,68.93,1.61,19.61,13.07,0.47
688571,杭华股份,8.59,9.16,9.12,1689935400.0,-0.57,-6.22,9.29,8.48,14928,3.98,33.69,8.84,36.44,36.44,2.14,10.99,7.33,1.13
688573,信宇人,20.92,22.58,22.40,362841900.0,-1.66,-7.35,22.72,20.66,7727,6.82,-4.26,9.12,11.13,20.45,5.91,27.10,18.06,1.01
688575,亚辉龙,10.30,10.33,10.28,983349000.0,-0.03,-0.29,10.45,10.10,10098,1.72,188.97,3.39,58.85,58.85,2.17,12.40,8.26,1.27
688576,西山科技,70.22,72.22,72.58,42067800.0,-2.00,-2.77,72.81,69.02,2973,1.93,66.95,5.25,15.30,31.95,1.84,86.66,57.78,0.70
688577,浙海德曼,70.99,75.38,75.49,194788300.0,-4.39,-5.82,77.78,70.79,14398,1.75,122.62,9.27,79.00,79.00,7.63,90.46,60.30,0.66
688578,艾力斯,89.72,88.00,88.00,599901900.0,1.72,1.95,91.48,87.40,53603,1.33,16.72,4.64,403.74,403.74,5.21,105.60,70.40,1.43
688579,地纬智能,8.82,9.22,9.24,476540600.0,-0.40,-4.34,9.41,8.80,4280,1.19,101.00,6.62,35.28,35.28,2.55,11.06,7.38,1.19
688580,伟思医疗,51.50,56.92,56.36,313255400.0,-5.42,-9.52,56.52,51.50,16567,3.27,29.64,8.82,49.32,49.32,2.81,68.30,45.54,1.87
688581,安杰思,55.99,57.12,57.12,67693600.0,-1.13,-1.98,57.30,55.60,3799,1.63,20.44,2.98,23.27,45.42,1.77,68.54,45.70,0.79
688582,芯动联科,48.70,52.70,52.94,1017068600.0,-4.00,-7.59,54.07,48.22,51395,4.06,74.79,11.10,121.86,195.65,8.08,63.24,42.16,1.30
688583,思看科技,114.62,118.73,117.83,240477000.0,-4.11,-3.46,119.86,109.57,27491,7.81,132.97,8.67,35.31,101.32,8.51,142.48,94.98,0.85
688584,上海合晶,25.90,28.38,28.50,2661369800.0,-2.48,-8.74,28.90,25.58,71542,7.75,146.03,11.70,88.91,173.32,4.16,34.06,22.70,0.93
688585,上纬新材,179.60,188.99,189.99,556604000.0,-9.39,-4.97,191.32,178.01,102233,1.38,-3214.93,7.04,724.44,724.44,55.70,226.79,151.19,0.58
688586,江航装备,13.15,13.73,13.87,1040576100.0,-0.58,-4.22,14.28,13.06,13990,1.31,204.36,8.89,104.06,104.06,4.21,16.48,10.98,1.00
688588,凌志软件,10.20,10.70,10.78,538797200.0,-0.50,-4.67,11.00,10.14,5595,1.35,106.33,8.04,40.80,40.80,3.32,12.84,8.56,1.08
688589,力合微,21.58,24.08,24.15,989817000.0,-2.50,-10.38,24.15,21.35,21994,6.81,732.38,11.63,31.36,31.36,3.30,28.90,19.26,1.76
688590,新致软件,14.08,15.20,15.05,1306516400.0,-1.12,-7.37,15.50,14.00,18937,4.64,-28.04,9.87,39.64,39.64,2.66,18.24,12.16,1.05
688591,泰凌微,33.56,36.33,36.41,911248300.0,-2.77,-7.62,36.60,33.37,31295,5.38,81.19,8.89,56.80,81.07,3.28,43.60,29.06,1.04
688592,司南导航,38.17,40.76,40.79,155711200.0,-2.59,-6.35,40.90,38.10,6061,4.04,162.46,6.87,14.70,30.71,3.23,48.91,32.61,1.28
688593,新相微,37.60,40.96,41.10,2009175000.0,-3.36,-8.20,42.40,37.00,79087,6.23,1408.04,13.18,121.33,172.78,11.12,49.15,32.77,0.72
688595,芯海科技,31.96,35.95,36.05,847998800.0,-3.99,-11.10,36.17,31.60,28144,5.89,-38.25,12.71,46.05,46.05,7.11,43.14,28.76,1.45
688596,正帆科技,40.56,43.89,43.86,1551897400.0,-3.33,-7.59,44.35,40.14,64235,5.28,156.40,9.59,119.30,119.30,3.32,52.67,35.11,0.77
688597,煜邦电力,7.87,8.33,8.33,914949000.0,-0.46,-5.52,8.33,7.85,7333,2.72,56.14,5.76,26.45,26.45,3.32,10.00,6.66,1.27
688598,金博股份,31.21,33.89,33.88,1349518000.0,-2.68,-7.91,34.70,30.98,43464,6.63,-5.08,10.98,63.54,64.78,1.68,40.67,27.11,1.12
688599,天合光能,15.42,16.24,16.25,5103004100.0,-0.82,-5.05,16.25,15.38,79997,2.18,-6.03,5.36,361.22,361.22,1.77,19.49,12.99,1.09
688600,皖仪科技,26.66,26.70,26.70,517172200.0,-0.04,-0.15,27.72,26.01,13762,3.84,49.36,6.40,35.91,35.91,4.47,32.04,21.36,1.35
688601,力芯微,53.35,59.43,59.42,915578500.0,-6.08,-10.23,59.63,52.50,50603,6.85,277.36,12.00,71.33,71.33,5.72,71.32,47.54,1.43
688602,康鹏科技,6.90,7.44,7.45,1309836400.0,-0.54,-7.26,7.56,6.90,9336,5.05,-33.36,8.87,17.91,35.84,1.32,8.93,5.95,1.51
688603,天承科技,165.33,169.77,169.46,1273750600.0,-4.44,-2.62,184.00,163.30,221658,26.86,211.18,12.19,78.40,206.21,16.86,203.72,135.82,1.29
688605,先锋精科,67.80,72.54,72.49,601241700.0,-4.74,-6.53,72.80,66.97,41459,5.55,79.92,8.04,73.46,137.21,8.32,87.05,58.03,0.70
688606,奥泰生物,47.45,47.61,48.70,43288800.0,-0.16,-0.34,48.70,47.32,2062,0.55,21.09,2.90,37.62,37.62,0.97,57.13,38.09,0.92
688607,康众医疗,58.50,58.88,62.52,232735400.0,-0.38,-0.65,64.00,57.02,13755,2.93,-263.16,11.85,46.41,51.56,6.14,70.66,47.10,0.61
688608,恒玄科技,166.71,182.26,182.41,721967100.0,-15.55,-8.53,182.42,166.71,125041,4.28,57.10,8.62,281.23,281.23,3.93,218.71,145.81,1.21
688609,九联科技,11.41,11.92,11.97,3021405400.0,-0.51,-4.28,12.24,11.28,35391,6.04,-42.79,8.05,57.05,59.55,6.18,14.30,9.54,0.92
688610,埃科光电,185.00,194.80,194.80,190486600.0,-9.80,-5.03,195.22,177.86,35160,4.65,160.16,8.91,75.73,125.80,8.10,233.76,155.84,0.70
688611,杭州柯林,79.70,81.50,82.50,243551600.0,-1.80,-2.21,85.27,79.11,19854,1.59,-1136.78,7.56,122.25,122.25,14.17,97.80,65.20,0.64
688612,威迈斯,32.75,36.13,36.04,1087827200.0,-3.38,-9.36,36.34,32.35,36575,4.31,23.32,11.04,82.71,137.28,3.66,43.36,28.90,1.01
688613,奥精医疗,16.90,17.40,17.35,263611800.0,-0.50,-2.87,17.53,16.75,4502,1.92,162.96,4.48,23.15,23.15,1.61,20.88,13.92,0.95
688615,合合信息,127.81,130.31,132.65,657299400.0,-2.50,-1.92,136.50,126.61,86649,4.86,50.79,7.59,172.98,250.51,8.75,156.37,104.25,1.25
688616,西力科技,12.25,12.71,12.69,261058100.0,-0.46,-3.62,12.88,12.11,3247,1.46,21.62,6.06,21.97,21.97,2.41,15.25,10.17,0.96
688617,惠泰医疗,205.59,210.59,210.59,145076600.0,-5.00,-2.37,212.31,205.59,30314,1.03,33.45,3.19,289.97,289.97,10.24,252.71,168.47,0.95
688618,三旺通信,35.75,38.59,38.20,344322600.0,-2.84,-7.36,39.06,35.30,12736,3.13,145.12,9.74,39.34,39.39,4.77,46.31,30.87,0.82
688619,罗普特,16.38,17.82,17.85,914370300.0,-1.44,-8.08,18.12,15.95,15320,4.93,-14.28,12.18,30.37,30.37,4.62,21.38,14.26,0.87
688620,安凯微,12.35,13.25,13.59,1393340800.0,-0.90,-6.79,13.65,12.22,17739,6.00,-35.11,10.79,28.69,48.41,3.80,15.90,10.60,1.28
688621,阳光诺和,54.00,55.27,56.00,184185000.0,-1.27,-2.30,56.27,53.02,10015,1.64,31.03,5.88,60.48,60.48,4.82,66.32,44.22,1.18
688622,*ST禾信,116.98,97.48,100.50,266817500.0,19.50,20.00,116.98,98.00,30056,3.79,-86.40,19.47,82.43,82.43,27.85,116.98,77.98,2.14
688623,双元科技,103.60,104.01,105.02,133288400.0,-0.41,-0.39,105.02,102.02,13777,6.96,109.80,2.88,19.83,61.27,2.87,124.81,83.21,0.93
688625,呈和科技,105.86,111.29,110.07,421266800.0,-5.43,-4.88,111.67,103.79,44922,2.24,67.69,7.08,199.36,199.36,12.55,133.55,89.03,0.60
688626,翔宇医疗,51.40,54.12,54.10,191029400.0,-2.72,-5.03,54.34,51.03,9952,1.19,102.13,6.12,82.24,82.24,3.91,64.94,43.30,0.94
688627,精智达,367.00,395.89,398.00,621884600.0,-28.89,-7.30,398.78,363.00,233339,8.58,359.14,9.04,265.96,345.45,19.78,475.07,316.71,0.98
688628,优利德,85.80,91.66,91.78,469864600.0,-5.86,-6.39,92.63,84.57,40902,4.20,56.85,8.79,95.90,95.90,7.16,109.99,73.33,0.80
688629,华丰科技,141.94,152.20,151.65,2647021600.0,-10.26,-6.74,152.64,136.31,378122,14.56,151.51,10.73,258.02,654.33,33.95,182.64,121.76,1.10
688630,芯碁微装,335.00,326.00,335.00,1165067100.0,9.00,2.76,366.00,333.13,401989,8.84,127.38,10.08,441.33,441.33,18.97,391.20,260.80,1.33
688631,莱斯信息,48.10,50.15,50.14,248394100.0,-2.05,-4.09,51.05,47.83,12119,3.83,136.90,6.42,31.20,78.63,4.13,60.18,40.12,1.15
688633,星球石墨,29.93,31.72,31.37,687042500.0,-1.79,-5.64,31.75,29.75,20944,4.32,21.10,6.31,47.59,47.59,2.69,38.06,25.38,1.09
688635,C长进,720.50,611.30,603.97,746232700.0,109.20,17.86,749.85,603.22,513940,42.03,672.58,23.99,127.94,674.89,45.11,-1,-1,0.00
688636,智明达,35.74,39.61,39.66,815016200.0,-3.87,-9.77,40.00,35.60,30226,4.86,55.64,11.11,59.91,62.15,4.45,47.53,31.69,1.60
688638,誉辰智能,35.83,38.25,37.94,85313100.0,-2.42,-6.33,38.58,35.81,3149,3.22,-13.30,7.24,9.48,20.06,2.63,45.90,30.60,0.78
688639,华恒生物,23.47,23.93,24.08,425589000.0,-0.46,-1.92,24.09,23.37,10076,1.70,47.57,3.01,58.70,58.70,2.22,28.72,19.14,0.97
688646,ST逸飞,63.49,67.79,68.00,229401500.0,-4.30,-6.34,68.00,62.50,14925,3.96,-72.90,8.11,36.81,59.78,4.23,81.35,54.23,1.44
688648,中邮科技,39.85,42.30,42.50,243975300.0,-2.45,-5.79,42.87,39.00,9866,3.51,8.76,9.15,27.71,54.20,2.52,50.76,33.84,0.67
688651,盛邦安全,35.68,38.77,38.98,223925600.0,-3.09,-7.97,39.34,35.16,8194,6.90,-53.84,10.78,11.58,26.90,2.95,46.52,31.02,1.33
688652,京仪装备,135.53,144.50,145.30,687755300.0,-8.97,-6.21,145.90,134.30,94748,5.70,143.66,8.03,163.65,227.69,10.13,173.40,115.60,0.95
688653,康希通信,14.62,15.73,15.73,1733653300.0,-1.11,-7.06,15.92,14.46,25864,5.48,-725.69,9.28,46.26,62.06,4.31,18.88,12.58,1.40
688655,迅捷兴,48.05,52.72,52.72,1031292300.0,-4.67,-8.86,52.72,47.00,51209,7.73,-280.19,10.85,64.09,64.09,9.82,63.26,42.18,0.82
688656,XD浩欧博,111.52,112.10,112.30,64251100.0,-0.58,-0.52,118.00,108.79,7240,1.01,325.65,8.22,70.79,70.79,8.70,134.52,89.68,1.81
688657,浩辰软件,36.43,37.05,37.11,259556800.0,-0.62,-1.67,37.59,35.70,9448,4.35,72.13,5.10,21.75,34.76,2.52,44.46,29.64,1.05
688658,悦康药业,17.82,17.99,18.08,1078311800.0,-0.17,-0.94,18.27,17.19,19024,2.40,-32.57,6.00,80.19,80.19,2.44,21.59,14.39,1.36
688659,元琛科技,10.52,10.96,10.97,635328900.0,-0.44,-4.01,11.63,10.45,6913,3.97,-58.04,10.77,16.83,16.83,3.25,13.15,8.77,1.39
688660,电气风电,10.22,10.66,10.76,1811146100.0,-0.44,-4.13,10.79,10.18,18787,1.36,-12.72,5.72,136.27,136.27,3.51,12.79,8.53,0.86
688661,和林微纳,117.20,123.56,122.88,604431600.0,-6.36,-5.15,123.92,114.00,71664,3.98,-1857.66,8.03,178.01,178.01,14.80,148.27,98.85,0.95
688662,富信科技,95.20,101.28,103.00,712402700.0,-6.08,-6.00,105.49,91.31,69598,8.07,211.27,14.00,84.00,84.00,11.37,121.54,81.02,0.89
688663,新风光,90.30,94.78,95.60,525717300.0,-4.48,-4.73,97.10,88.60,47937,3.72,178.66,8.97,127.75,127.75,9.21,113.74,75.82,0.88
688665,四方光电,51.57,56.30,56.30,227206400.0,-4.73,-8.40,56.61,51.00,12031,2.25,39.09,9.96,52.18,52.18,4.40,67.56,45.04,1.20
688667,菱电电控,120.91,127.20,127.71,137815500.0,-6.29,-4.94,130.00,120.20,16944,2.62,42.59,7.70,63.71,63.71,3.50,152.64,101.76,0.86
688668,鼎通科技,289.93,303.75,308.45,637749400.0,-13.82,-4.55,328.28,285.62,193142,4.58,150.69,14.04,403.79,403.79,20.17,364.50,243.00,1.09
688669,聚石化学,40.30,40.02,40.10,451160000.0,0.28,0.70,41.21,39.32,18131,3.72,-21.93,4.72,48.90,48.90,4.50,48.02,32.02,0.75
688670,金迪克,16.55,17.11,17.21,157588200.0,-0.56,-3.27,17.40,16.50,2660,1.28,-11.13,5.26,20.39,20.39,1.89,20.53,13.69,0.82
688671,碧兴物联,25.88,26.80,26.70,385088600.0,-0.92,-3.43,28.11,25.83,10455,8.22,-22.00,8.51,12.12,20.32,2.03,32.16,21.44,1.22
688676,金盘科技,100.48,105.15,108.78,2504358600.0,-4.67,-4.44,110.56,99.77,262394,5.45,69.50,10.26,461.99,461.99,9.51,126.18,84.12,1.13
688677,海泰新光,154.98,148.52,155.84,643776700.0,6.46,4.35,171.00,153.00,104008,5.37,108.48,12.12,185.79,185.79,13.42,178.22,118.82,1.66
688678,福立旺,22.06,23.68,23.66,2135783500.0,-1.62,-6.84,23.81,21.90,48346,5.30,102.64,8.07,88.93,88.93,3.85,28.42,18.94,1.12
688679,通源环境,60.08,64.75,65.01,456361000.0,-4.67,-7.21,65.01,59.03,28123,3.47,-204.28,9.24,79.12,79.12,7.21,77.70,51.80,0.91
688680,海优新材,41.66,45.07,45.07,346988200.0,-3.41,-7.57,45.07,41.37,14777,3.56,-8.58,8.21,40.65,40.65,2.62,54.08,36.06,1.17
688681,科汇股份,17.26,18.17,17.93,286216800.0,-0.91,-5.01,18.44,17.12,5056,2.73,36.12,7.26,18.07,18.07,2.91,21.80,14.54,1.15
688682,霍莱沃,41.21,47.02,47.02,375988200.0,-5.81,-12.36,47.65,40.80,16144,3.69,-199.45,14.57,41.97,41.97,6.79,56.42,37.62,1.21
688683,莱尔科技,37.89,40.81,41.30,244381600.0,-2.92,-7.16,41.30,37.71,9534,1.57,135.84,8.80,58.80,61.04,5.05,48.97,32.65,0.99
688685,迈信林,46.93,51.72,52.40,586448400.0,-4.79,-9.26,52.50,46.60,28489,3.99,-339.58,11.41,68.92,68.92,8.60,62.06,41.38,1.47
688686,奥普特,149.49,154.01,154.50,271111300.0,-4.52,-2.93,154.60,146.15,40471,2.22,95.07,5.49,182.73,182.73,5.96,184.81,123.21,0.65
688687,凯因科技,17.04,17.25,17.48,234477500.0,-0.21,-1.22,17.48,16.96,4016,1.37,263.27,3.01,29.13,29.13,1.70,20.70,13.80,0.99
688688,蚂蚁集团,68.80,68.80,0.00,0.0,0.00,0.00,0.00,0.00,0,0,44.42,0.00,0,16359.70,11.77,-1,-1,0.00
688689,银河微电,38.75,43.05,43.55,643214600.0,-4.30,-9.99,43.55,38.59,25578,4.99,54.23,11.52,49.95,49.95,3.96,51.66,34.44,1.27
688690,纳微科技,38.13,40.77,40.57,2199911200.0,-2.64,-6.48,41.43,37.16,85214,5.45,88.02,10.47,153.97,153.97,7.53,48.92,32.62,1.11
688691,灿芯股份,105.80,118.67,118.40,1205384100.0,-12.87,-10.85,118.65,104.23,132771,16.52,-112.32,12.15,77.20,126.96,10.52,142.40,94.94,0.93
688692,达梦数据,257.51,262.00,271.00,209544900.0,-4.49,-1.71,276.38,256.66,55604,2.87,51.17,7.53,188.33,291.60,7.73,314.40,209.60,1.36
688693,锴威特,113.78,112.32,115.07,360831100.0,1.46,1.30,119.00,111.33,41505,9.27,-87.36,6.83,44.27,83.84,10.79,134.78,89.86,0.80
688695,中创股份,21.97,22.78,22.74,125579200.0,-0.81,-3.56,23.27,21.50,2797,2.35,-51.53,7.77,11.73,18.69,2.45,27.34,18.22,0.97
688696,极米科技,75.98,77.00,77.00,87543500.0,-1.02,-1.32,77.25,74.90,6658,1.25,40.59,3.05,53.20,53.20,1.83,92.40,61.60,0.98
688697,纽威数控,20.82,22.50,22.59,1520973700.0,-1.68,-7.47,22.66,20.62,32297,3.33,30.76,9.07,95.22,95.22,4.97,27.00,18.00,0.74
688698,伟创电气,67.50,73.17,73.30,708404200.0,-5.67,-7.75,73.79,67.01,49202,3.31,56.78,9.27,144.47,144.47,6.03,87.80,58.54,0.74
688699,明微电子,62.70,69.91,70.74,847472500.0,-7.21,-10.31,70.74,62.21,55314,7.70,656.76,12.20,69.01,69.01,5.68,83.89,55.93,1.26
688700,东威科技,82.38,88.45,89.29,1696327300.0,-6.07,-6.86,90.97,81.50,144306,5.68,165.82,10.71,245.82,245.82,13.10,106.14,70.76,0.86
688701,卓锦股份,9.63,9.93,9.98,433965400.0,-0.30,-3.02,10.22,9.60,4288,3.23,-18.10,6.24,12.93,12.93,9.95,11.92,7.94,0.98
688702,盛科通信-U,281.52,303.81,305.05,939764400.0,-22.29,-7.34,305.29,274.10,268143,4.63,-760.48,10.27,571.46,1154.23,51.72,364.57,243.05,1.12
688707,振华新材,14.46,15.20,15.25,1568231300.0,-0.74,-4.87,15.50,14.32,23109,3.08,-17.10,7.76,73.56,73.56,1.89,18.24,12.16,0.93
688708,佳驰科技,50.15,51.66,51.23,212325200.0,-1.51,-2.92,52.24,49.88,10744,1.49,45.44,4.57,71.35,200.61,5.68,61.99,41.33,0.79
688709,成都华微,35.60,38.92,38.92,1152739400.0,-3.32,-8.53,39.00,35.36,42277,5.20,350.84,9.35,78.94,226.72,7.79,46.70,31.14,1.27
688710,益诺思,60.51,61.52,61.51,261131000.0,-1.01,-1.64,64.50,58.00,15860,2.88,-358.04,10.57,54.88,85.31,3.65,73.82,49.22,1.32
688711,宏微科技,33.90,37.88,37.55,2105961300.0,-3.98,-10.51,37.79,33.50,74278,9.88,426.43,11.33,72.24,72.24,6.87,45.46,30.30,1.05
688712,北芯生命,42.00,43.40,43.32,331989600.0,-1.40,-3.23,43.77,41.77,14047,8.94,166.61,4.61,15.59,175.14,9.92,52.08,34.72,0.86
688716,中研股份,32.70,35.67,35.73,388072500.0,-2.97,-8.33,36.02,32.50,13014,5.55,2856.57,9.87,22.87,39.79,3.37,42.80,28.54,1.24
688717,艾罗能源,104.22,110.94,111.29,661534900.0,-6.72,-6.06,111.50,102.50,69605,6.68,117.75,8.11,103.23,166.75,3.76,133.13,88.75,0.98
688718,唯赛勃,15.83,16.85,16.86,293755600.0,-1.02,-6.05,16.93,15.73,4737,1.69,54.68,7.12,27.51,27.51,3.41,20.22,13.48,0.94
688719,爱科赛博,76.12,75.10,76.72,540112400.0,1.02,1.36,78.50,73.30,40977,6.02,-208.64,6.92,68.30,87.83,5.22,90.12,60.08,1.10
688720,艾森股份,92.26,103.25,105.00,953086800.0,-10.99,-10.64,107.30,90.30,93106,16.90,153.16,16.46,52.02,81.31,7.79,123.90,82.60,1.02
688721,龙图光罩,43.98,49.11,48.50,587887100.0,-5.13,-10.45,49.23,43.78,26852,10.99,119.90,11.10,23.52,58.71,4.80,58.93,39.29,1.13
688722,同益中,16.08,17.26,17.39,650270600.0,-1.18,-6.84,17.39,15.98,10625,2.90,35.31,8.17,36.04,36.13,2.47,20.71,13.81,1.59
688726,拉普拉斯,59.05,62.53,62.80,1377117200.0,-3.48,-5.57,62.86,58.32,82149,6.26,48.73,7.26,129.87,239.35,5.69,75.04,50.02,0.76
688727,恒坤新材,52.37,56.59,57.00,644104800.0,-4.22,-7.46,57.75,51.81,34690,11.92,247.34,10.50,28.29,235.31,9.30,67.91,45.27,0.77
688728,格科微,14.49,15.43,15.60,6378100900.0,-0.94,-6.09,15.96,14.36,95329,2.55,363.56,10.37,362.09,376.83,4.79,18.52,12.34,1.69
688729,屹唐股份,25.43,26.46,26.80,2040898800.0,-1.03,-3.89,27.03,25.13,53361,9.49,122.70,7.18,54.67,751.60,8.33,31.75,21.17,0.74
688733,壹石通,36.53,38.18,39.02,1384864700.0,-1.65,-4.32,40.00,36.13,52475,6.93,-1488.73,10.14,72.98,72.98,3.49,45.82,30.54,1.59
688737,中自科技,25.96,28.01,28.35,214157600.0,-2.05,-7.32,28.35,25.77,5699,1.79,-51.12,9.21,31.04,31.04,1.75,33.61,22.41,0.85
688739,成大生物,21.48,21.32,21.30,188141600.0,0.16,0.75,21.58,21.12,4020,0.45,155.13,2.16,89.45,89.45,0.96,25.58,17.06,0.96
688750,金天钛业,17.36,18.15,18.22,496828900.0,-0.79,-4.35,18.23,17.21,8740,2.13,134.92,5.62,40.43,80.29,3.25,21.78,14.52,1.47
688755,汉邦科技,37.90,37.71,37.84,54716500.0,0.19,0.50,38.08,37.28,2063,0.89,49.78,2.12,23.28,33.35,2.63,45.25,30.17,1.06
688757,胜科纳米,38.82,40.37,40.59,1118943100.0,-1.55,-3.84,41.98,38.00,44389,6.17,271.00,9.86,70.35,156.57,17.48,48.44,32.30,0.77
688758,赛分科技,18.48,19.24,18.98,424669300.0,-0.76,-3.95,19.35,18.24,7879,1.42,55.64,5.77,55.10,76.96,5.55,23.09,15.39,1.05
688759,必贝特-U,32.70,33.69,34.36,407939100.0,-0.99,-2.94,34.55,32.48,13533,7.64,-86.31,6.14,17.45,147.16,9.05,40.43,26.95,0.83
688765,禾元生物-U,51.66,52.69,52.96,171124300.0,-1.03,-1.95,53.21,51.60,8928,3.70,-127.47,3.06,23.91,184.68,6.44,63.23,42.15,1.15
688766,普冉股份,386.10,398.10,406.20,645724600.0,-12.00,-3.01,419.78,379.79,256873,4.36,129.86,10.05,571.62,571.62,21.35,477.72,318.48,0.85
688767,博拓生物,38.16,41.33,41.39,407716700.0,-3.17,-7.67,41.39,37.82,15839,2.73,187.99,8.64,56.99,56.99,2.41,49.60,33.06,1.12
688768,容知日新,49.56,55.12,55.17,289377500.0,-5.56,-10.09,55.34,48.76,14898,3.32,64.30,11.94,43.25,43.61,4.03,66.14,44.10,1.01
688772,珠海冠宇,15.92,16.66,16.54,4329282200.0,-0.74,-4.44,16.66,15.78,69713,3.82,43.89,5.28,180.24,180.24,2.62,19.99,13.33,0.89
688775,影石创新,171.00,178.28,177.29,154371600.0,-7.28,-4.08,178.87,167.58,26493,4.71,81.91,6.33,56.09,685.71,11.82,213.94,142.62,0.93
688776,国光电气,64.95,71.73,71.73,333964700.0,-6.78,-9.45,71.73,64.50,22370,3.08,-49.93,10.08,70.40,70.40,4.12,86.08,57.38,1.33
688777,中控技术,85.80,91.00,91.90,2616517600.0,-5.20,-5.71,93.48,84.99,230000,3.32,171.39,9.33,675.42,678.84,6.77,109.20,72.80,0.94
688778,厦钨新能,62.82,65.13,65.10,617590200.0,-2.31,-3.55,66.04,62.40,39249,1.22,37.21,5.59,317.05,317.05,3.37,78.16,52.10,0.92
688779,五矿新能,8.85,9.13,9.13,3210198200.0,-0.28,-3.07,9.21,8.80,28840,1.66,45.75,4.49,170.74,170.74,2.40,10.96,7.30,1.09
688781,视涯科技-UW,51.10,54.64,53.66,1000761900.0,-3.54,-6.48,55.88,51.02,53126,24.51,-278.08,8.89,20.87,511.00,12.60,65.57,43.71,1.26
688783,西安奕材-U,37.94,37.94,39.42,5306829100.0,0.00,0.00,41.41,37.82,209960,28.66,-203.81,9.46,70.26,1531.94,12.49,45.53,30.35,1.58
688785,恒运昌,349.90,380.15,381.00,104837500.0,-30.25,-7.96,382.54,347.00,37610,8.24,245.75,9.35,44.53,236.89,10.61,456.18,304.12,1.00
688786,悦安新材,38.80,41.49,41.75,842196800.0,-2.69,-6.48,41.96,38.60,33989,5.86,65.50,8.10,55.79,55.79,7.02,49.79,33.19,0.95
688787,海天瑞声,134.69,137.92,142.00,321487400.0,-3.23,-2.34,145.00,133.82,44661,5.33,366.83,8.11,81.25,81.25,10.82,165.50,110.34,0.99
688788,科思科技,44.00,47.12,47.05,220128400.0,-3.12,-6.62,47.29,43.85,9908,1.40,-22.60,7.30,69.02,69.02,3.93,56.54,37.70,0.93
688789,宏华数科,54.37,54.19,54.27,245162300.0,0.18,0.33,55.49,53.70,13404,1.36,21.24,3.30,98.01,98.01,2.71,65.03,43.35,1.12
688790,昂瑞微-UW,132.20,141.98,142.31,126785600.0,-9.78,-6.89,142.90,130.00,17013,10.51,-96.17,9.09,15.94,131.58,4.84,170.38,113.58,1.39
688793,倍轻松,18.26,19.10,19.28,202238500.0,-0.84,-4.40,19.44,18.10,3767,2.35,-14.66,7.02,15.69,15.69,7.04,22.92,15.28,0.84
688795,摩尔线程-U,643.00,680.38,675.00,310202500.0,-37.38,-5.49,677.06,638.01,201596,10.56,-351.86,5.74,188.93,3022.28,26.24,816.46,544.30,0.91
688796,百奥赛图,109.60,112.50,112.60,170711700.0,-2.90,-2.58,117.85,108.00,19080,4.76,168.62,8.76,39.33,489.80,21.47,135.00,90.00,0.80
688798,艾为电子,74.22,80.20,79.76,866544100.0,-5.98,-7.46,79.99,73.45,65822,6.38,56.92,8.15,100.75,173.03,4.17,96.24,64.16,1.12
688799,华纳药厂,50.22,51.41,52.27,255309600.0,-1.19,-2.31,52.96,49.91,13004,1.94,29.45,5.93,65.95,65.95,3.18,61.69,41.13,1.01
688800,瑞可达,119.37,128.01,128.96,1005062300.0,-8.64,-6.75,130.88,118.00,123353,4.89,86.95,10.06,245.51,245.51,10.23,153.61,102.41,1.11
688802,沐曦股份-U,676.02,699.70,695.70,190335900.0,-23.68,-3.38,701.77,667.07,129429,10.49,-412.45,4.96,122.62,2704.76,20.65,839.64,559.76,0.91
688805,健信超导,53.79,58.31,58.31,412331800.0,-4.52,-7.75,58.31,53.34,22742,13.08,108.88,8.52,16.95,90.20,7.24,69.97,46.65,0.95
688807,优迅股份,441.90,474.89,475.08,215093000.0,-32.99,-6.95,489.00,439.00,97925,14.31,381.93,10.53,66.44,353.52,19.66,569.87,379.91,0.99
688808,联讯仪器,1719.95,1862.52,1890.00,199786400.0,-142.57,-7.65,1919.90,1699.97,354091,10.35,646.28,11.81,331.88,1765.82,60.20,2235.02,1490.02,0.94
688809,强一股份,439.00,468.98,473.09,245712000.0,-29.98,-6.39,478.00,430.95,110419,10.09,115.39,10.03,106.91,568.77,13.61,562.78,375.18,1.00
688811,有研复材,29.21,31.67,31.60,1908758100.0,-2.46,-7.77,31.70,28.50,55946,20.72,207.60,10.10,26.91,146.54,9.32,38.00,25.34,1.00
688813,泰金新能,186.80,183.00,180.80,480988100.0,3.80,2.08,200.00,177.00,91628,15.99,169.87,12.57,56.18,298.88,16.69,219.60,146.40,1.06
688816,易思维,63.83,64.51,64.77,127421600.0,-0.68,-1.05,66.65,63.49,8333,6.61,94.93,4.90,12.31,63.83,3.56,77.41,51.61,0.78
688818,电科蓝天,68.87,75.63,76.89,1968618700.0,-6.76,-8.94,76.90,68.55,139782,14.91,319.62,11.04,90.92,1196.22,21.91,90.76,60.50,1.06
688819,天能股份,24.54,24.93,25.02,380538300.0,-0.39,-1.56,25.19,24.41,9389,0.39,19.14,3.13,238.55,238.55,1.39,29.92,19.94,1.07
688820,盛合晶微,196.50,214.99,214.99,3618086500.0,-18.49,-8.60,217.69,190.80,735459,20.93,371.39,12.51,339.75,3660.35,19.02,257.99,171.99,0.87
688981,中芯国际,139.91,153.70,150.92,15368126400.0,-13.79,-8.97,152.38,138.49,2213846,7.69,222.20,9.04,2797.59,11211.23,7.48,184.44,122.96,0.92
689009,九号公司-WD,38.42,38.92,38.66,1096764000.0,-0.50,-1.28,39.19,38.00,42346,1.97,18.44,3.06,213.48,277.64,3.75,46.70,31.14,1.04
